variable,indicator,iso3,year,value
gdp_per_capita_current_usd,NY.GDP.PCAP.CD,AFE,2022,1675.90252377611
gdp_per_capita_current_usd,NY.GDP.PCAP.CD,AFE,2021,1560.89462580275
gdp_per_capita_current_usd,NY.GDP.PCAP.CD,AFE,2020,1351.50316694933
gdp_per_capita_current_usd,NY.GDP.PCAP.CD,AFE,2019,1508.0315245887
gdp_per_capita_current_usd,NY.GDP.PCAP.CD,AFW,2022,2143.07209365676
gdp_per_capita_current_usd,NY.GDP.PCAP.CD,AFW,2021,2116.9382941844
gdp_per_capita_current_usd,NY.GDP.PCAP.CD,AFW,2020,2034.43793971923
gdp_per_capita_current_usd,NY.GDP.PCAP.CD,AFW,2019,2219.41255534667
gdp_per_capita_current_usd,NY.GDP.PCAP.CD,ARB,2022,7960.81158770821
gdp_per_capita_current_usd,NY.GDP.PCAP.CD,ARB,2021,6708.20761928893
gdp_per_capita_current_usd,NY.GDP.PCAP.CD,ARB,2020,5749.75163256627
gdp_per_capita_current_usd,NY.GDP.PCAP.CD,ARB,2019,6683.67016877686
gdp_per_capita_current_usd,NY.GDP.PCAP.CD,CSS,2022,17449.5193422186
gdp_per_capita_current_usd,NY.GDP.PCAP.CD,CSS,2021,13996.4475071755
gdp_per_capita_current_usd,NY.GDP.PCAP.CD,CSS,2020,11961.4085449634
gdp_per_capita_current_usd,NY.GDP.PCAP.CD,CSS,2019,13995.7626558947
gdp_per_capita_current_usd,NY.GDP.PCAP.CD,CEB,2022,19526.2463443821
gdp_per_capita_current_usd,NY.GDP.PCAP.CD,CEB,2021,19224.3287744219
gdp_per_capita_current_usd,NY.GDP.PCAP.CD,CEB,2020,16581.3833261524
gdp_per_capita_current_usd,NY.GDP.PCAP.CD,CEB,2019,16534.9661895205
gdp_per_capita_current_usd,NY.GDP.PCAP.CD,EAR,2022,4017.48956260692
gdp_per_capita_current_usd,NY.GDP.PCAP.CD,EAR,2021,3697.4103832017
gdp_per_capita_current_usd,NY.GDP.PCAP.CD,EAR,2020,3185.49787368673
gdp_per_capita_current_usd,NY.GDP.PCAP.CD,EAR,2019,3481.75530893525
gdp_per_capita_current_usd,NY.GDP.PCAP.CD,EAS,2022,13219.5863562213
gdp_per_capita_current_usd,NY.GDP.PCAP.CD,EAS,2021,13416.9773441612
gdp_per_capita_current_usd,NY.GDP.PCAP.CD,EAS,2020,11697.5156784805
gdp_per_capita_current_usd,NY.GDP.PCAP.CD,EAS,2019,11677.4429355606
gdp_per_capita_current_usd,NY.GDP.PCAP.CD,EAP,2022,10107.0569545516
gdp_per_capita_current_usd,NY.GDP.PCAP.CD,EAP,2021,9974.57917918464
gdp_per_capita_current_usd,NY.GDP.PCAP.CD,EAP,2020,8391.23898302179
gdp_per_capita_current_usd,NY.GDP.PCAP.CD,EAP,2019,8286.45749748666
gdp_per_capita_current_usd,NY.GDP.PCAP.CD,TEA,2022,10220.556668162
gdp_per_capita_current_usd,NY.GDP.PCAP.CD,TEA,2021,10086.4082581275
gdp_per_capita_current_usd,NY.GDP.PCAP.CD,TEA,2020,8485.28948088661
gdp_per_capita_current_usd,NY.GDP.PCAP.CD,TEA,2019,8379.42503514668
gdp_per_capita_current_usd,NY.GDP.PCAP.CD,EMU,2022,41105.3462099324
gdp_per_capita_current_usd,NY.GDP.PCAP.CD,EMU,2021,42432.2915720012
gdp_per_capita_current_usd,NY.GDP.PCAP.CD,EMU,2020,37727.4543067337
gdp_per_capita_current_usd,NY.GDP.PCAP.CD,EMU,2019,38679.6118917933
gdp_per_capita_current_usd,NY.GDP.PCAP.CD,ECS,2022,27968.286148204
gdp_per_capita_current_usd,NY.GDP.PCAP.CD,ECS,2021,27700.9996673888
gdp_per_capita_current_usd,NY.GDP.PCAP.CD,ECS,2020,24187.2451763556
gdp_per_capita_current_usd,NY.GDP.PCAP.CD,ECS,2019,25045.1218961925
gdp_per_capita_current_usd,NY.GDP.PCAP.CD,ECA,2022,7264.37321853889
gdp_per_capita_current_usd,NY.GDP.PCAP.CD,ECA,2021,6632.57221034255
gdp_per_capita_current_usd,NY.GDP.PCAP.CD,ECA,2020,5734.46191312695
gdp_per_capita_current_usd,NY.GDP.PCAP.CD,ECA,2019,6036.15175345642
gdp_per_capita_current_usd,NY.GDP.PCAP.CD,TEC,2022,11422.1622613514
gdp_per_capita_current_usd,NY.GDP.PCAP.CD,TEC,2021,9992.00521619821
gdp_per_capita_current_usd,NY.GDP.PCAP.CD,TEC,2020,8455.78453528889
gdp_per_capita_current_usd,NY.GDP.PCAP.CD,TEC,2019,9040.92665915657
gdp_per_capita_current_usd,NY.GDP.PCAP.CD,EUU,2022,38066.8240398192
gdp_per_capita_current_usd,NY.GDP.PCAP.CD,EUU,2021,39206.9663368683
gdp_per_capita_current_usd,NY.GDP.PCAP.CD,EUU,2020,34694.7105012203
gdp_per_capita_current_usd,NY.GDP.PCAP.CD,EUU,2019,35374.1493923083
gdp_per_capita_current_usd,NY.GDP.PCAP.CD,HPC,2022,1123.26894975331
gdp_per_capita_current_usd,NY.GDP.PCAP.CD,HPC,2021,1062.58689269634
gdp_per_capita_current_usd,NY.GDP.PCAP.CD,HPC,2020,963.808519118256
gdp_per_capita_current_usd,NY.GDP.PCAP.CD,HPC,2019,984.553372875279
gdp_per_capita_current_usd,NY.GDP.PCAP.CD,IBD,2022,7679.78639337735
gdp_per_capita_current_usd,NY.GDP.PCAP.CD,IBD,2021,7312.40590533832
gdp_per_capita_current_usd,NY.GDP.PCAP.CD,IBD,2020,6189.46595997499
gdp_per_capita_current_usd,NY.GDP.PCAP.CD,IBD,2019,6474.8042775296
gdp_per_capita_current_usd,NY.GDP.PCAP.CD,IBT,2022,6024.32591287554
gdp_per_capita_current_usd,NY.GDP.PCAP.CD,IBT,2021,5754.17990139813
gdp_per_capita_current_usd,NY.GDP.PCAP.CD,IBT,2020,4923.39708871472
gdp_per_capita_current_usd,NY.GDP.PCAP.CD,IBT,2019,5168.03480575859
gdp_per_capita_current_usd,NY.GDP.PCAP.CD,IDB,2022,2241.22931753571
gdp_per_capita_current_usd,NY.GDP.PCAP.CD,IDB,2021,2148.31628647273
gdp_per_capita_current_usd,NY.GDP.PCAP.CD,IDB,2020,2014.81189013082
gdp_per_capita_current_usd,NY.GDP.PCAP.CD,IDB,2019,2210.55539131628
gdp_per_capita_current_usd,NY.GDP.PCAP.CD,IDX,2022,1333.98547158611
gdp_per_capita_current_usd,NY.GDP.PCAP.CD,IDX,2021,1257.78054041357
gdp_per_capita_current_usd,NY.GDP.PCAP.CD,IDX,2020,1172.52623503626
gdp_per_capita_current_usd,NY.GDP.PCAP.CD,IDX,2019,1187.14057928369
gdp_per_capita_current_usd,NY.GDP.PCAP.CD,IDA,2022,1651.01916315494
gdp_per_capita_current_usd,NY.GDP.PCAP.CD,IDA,2021,1569.43031809587
gdp_per_capita_current_usd,NY.GDP.PCAP.CD,IDA,2020,1467.74475406134
gdp_per_capita_current_usd,NY.GDP.PCAP.CD,IDA,2019,1546.57261928545
gdp_per_capita_current_usd,NY.GDP.PCAP.CD,LTE,2022,12287.4566066286
gdp_per_capita_current_usd,NY.GDP.PCAP.CD,LTE,2021,11760.0897155889
gdp_per_capita_current_usd,NY.GDP.PCAP.CD,LTE,2020,9874.06805462328
gdp_per_capita_current_usd,NY.GDP.PCAP.CD,LTE,2019,10120.4663725773
gdp_per_capita_current_usd,NY.GDP.PCAP.CD,LCN,2022,9412.05924553392
gdp_per_capita_current_usd,NY.GDP.PCAP.CD,LCN,2021,8292.15210222359
gdp_per_capita_current_usd,NY.GDP.PCAP.CD,LCN,2020,7169.39235876452
gdp_per_capita_current_usd,NY.GDP.PCAP.CD,LCN,2019,8539.95940708219
gdp_per_capita_current_usd,NY.GDP.PCAP.CD,LAC,2022,8838.67169511547
gdp_per_capita_current_usd,NY.GDP.PCAP.CD,LAC,2021,7694.61136917625
gdp_per_capita_current_usd,NY.GDP.PCAP.CD,LAC,2020,6651.15822114273
gdp_per_capita_current_usd,NY.GDP.PCAP.CD,LAC,2019,8006.02224102566
gdp_per_capita_current_usd,NY.GDP.PCAP.CD,TLA,2022,9177.79711881332
gdp_per_capita_current_usd,NY.GDP.PCAP.CD,TLA,2021,8076.87634033776
gdp_per_capita_current_usd,NY.GDP.PCAP.CD,TLA,2020,6965.15053129735
gdp_per_capita_current_usd,NY.GDP.PCAP.CD,TLA,2019,8363.2081656376
gdp_per_capita_current_usd,NY.GDP.PCAP.CD,LDC,2022,1298.29338219278
gdp_per_capita_current_usd,NY.GDP.PCAP.CD,LDC,2021,1175.42321388464
gdp_per_capita_current_usd,NY.GDP.PCAP.CD,LDC,2020,1089.46260850363
gdp_per_capita_current_usd,NY.GDP.PCAP.CD,LDC,2019,1106.28664072321
gdp_per_capita_current_usd,NY.GDP.PCAP.CD,LMY,2022,5626.6962378216
gdp_per_capita_current_usd,NY.GDP.PCAP.CD,LMY,2021,5422.11312035073
gdp_per_capita_current_usd,NY.GDP.PCAP.CD,LMY,2020,4646.47209072865
gdp_per_capita_current_usd,NY.GDP.PCAP.CD,LMY,2019,4857.12471542798
gdp_per_capita_current_usd,NY.GDP.PCAP.CD,MEA,2022,6436.74030312288
gdp_per_capita_current_usd,NY.GDP.PCAP.CD,MEA,2021,5622.19134191977
gdp_per_capita_current_usd,NY.GDP.PCAP.CD,MEA,2020,4749.14341262891
gdp_per_capita_current_usd,NY.GDP.PCAP.CD,MEA,2019,5416.06362418233
gdp_per_capita_current_usd,NY.GDP.PCAP.CD,MNA,2022,3022.54814280134
gdp_per_capita_current_usd,NY.GDP.PCAP.CD,MNA,2021,2760.50031198582
gdp_per_capita_current_usd,NY.GDP.PCAP.CD,MNA,2020,2415.26254491139
gdp_per_capita_current_usd,NY.GDP.PCAP.CD,MNA,2019,2701.71325265282
gdp_per_capita_current_usd,NY.GDP.PCAP.CD,TMN,2022,3017.03706401547
gdp_per_capita_current_usd,NY.GDP.PCAP.CD,TMN,2021,2754.03924421055
gdp_per_capita_current_usd,NY.GDP.PCAP.CD,TMN,2020,2409.54729126605
gdp_per_capita_current_usd,NY.GDP.PCAP.CD,TMN,2019,2695.09130976796
gdp_per_capita_current_usd,NY.GDP.PCAP.CD,MIC,2022,6209.92727259514
gdp_per_capita_current_usd,NY.GDP.PCAP.CD,MIC,2021,5980.00050387597
gdp_per_capita_current_usd,NY.GDP.PCAP.CD,MIC,2020,5110.03730012152
gdp_per_capita_current_usd,NY.GDP.PCAP.CD,MIC,2019,5333.00944959533
gdp_per_capita_current_usd,NY.GDP.PCAP.CD,NAC,2022,75769.6975468613
gdp_per_capita_current_usd,NY.GDP.PCAP.CD,NAC,2021,69532.9041926862
gdp_per_capita_current_usd,NY.GDP.PCAP.CD,NAC,2020,62319.8671337986
gdp_per_capita_current_usd,NY.GDP.PCAP.CD,NAC,2019,63306.810223782
gdp_per_capita_current_usd,NY.GDP.PCAP.CD,OED,2022,44455.8357743973
gdp_per_capita_current_usd,NY.GDP.PCAP.CD,OED,2021,43495.5049948213
gdp_per_capita_current_usd,NY.GDP.PCAP.CD,OED,2020,38947.5669905773
gdp_per_capita_current_usd,NY.GDP.PCAP.CD,OED,2019,39940.835037623
gdp_per_capita_current_usd,NY.GDP.PCAP.CD,OSS,2022,14326.3081658507
gdp_per_capita_current_usd,NY.GDP.PCAP.CD,OSS,2021,13718.3632503913
gdp_per_capita_current_usd,NY.GDP.PCAP.CD,OSS,2020,11772.0946960495
gdp_per_capita_current_usd,NY.GDP.PCAP.CD,OSS,2019,12908.1967698249
gdp_per_capita_current_usd,NY.GDP.PCAP.CD,PSS,2022,3941.90128416234
gdp_per_capita_current_usd,NY.GDP.PCAP.CD,PSS,2021,3646.98862815783
gdp_per_capita_current_usd,NY.GDP.PCAP.CD,PSS,2020,3632.52907231285
gdp_per_capita_current_usd,NY.GDP.PCAP.CD,PSS,2019,4185.0758997627
gdp_per_capita_current_usd,NY.GDP.PCAP.CD,PST,2022,51597.0182783268
gdp_per_capita_current_usd,NY.GDP.PCAP.CD,PST,2021,50433.5519322417
gdp_per_capita_current_usd,NY.GDP.PCAP.CD,PST,2020,45174.5036479433
gdp_per_capita_current_usd,NY.GDP.PCAP.CD,PST,2019,46125.7453007656
gdp_per_capita_current_usd,NY.GDP.PCAP.CD,PRE,2022,1769.1914721872
gdp_per_capita_current_usd,NY.GDP.PCAP.CD,PRE,2021,1594.39804852433
gdp_per_capita_current_usd,NY.GDP.PCAP.CD,PRE,2020,1497.18872625076
gdp_per_capita_current_usd,NY.GDP.PCAP.CD,PRE,2019,1682.64777483043
gdp_per_capita_current_usd,NY.GDP.PCAP.CD,SST,2022,13644.5029834497
gdp_per_capita_current_usd,NY.GDP.PCAP.CD,SST,2021,12435.8612830054
gdp_per_capita_current_usd,NY.GDP.PCAP.CD,SST,2020,10730.4939107969
gdp_per_capita_current_usd,NY.GDP.PCAP.CD,SST,2019,11997.3036529705
gdp_per_capita_current_usd,NY.GDP.PCAP.CD,SAS,2022,2326.72890585805
gdp_per_capita_current_usd,NY.GDP.PCAP.CD,SAS,2021,2273.72055805692
gdp_per_capita_current_usd,NY.GDP.PCAP.CD,SAS,2020,1957.20343709781
gdp_per_capita_current_usd,NY.GDP.PCAP.CD,SAS,2019,2067.05975680251
gdp_per_capita_current_usd,NY.GDP.PCAP.CD,TSA,2022,2326.72890585805
gdp_per_capita_current_usd,NY.GDP.PCAP.CD,TSA,2021,2273.72055805692
gdp_per_capita_current_usd,NY.GDP.PCAP.CD,TSA,2020,1957.20343709781
gdp_per_capita_current_usd,NY.GDP.PCAP.CD,TSA,2019,2067.05975680251
gdp_per_capita_current_usd,NY.GDP.PCAP.CD,SSF,2022,1864.70686111925
gdp_per_capita_current_usd,NY.GDP.PCAP.CD,SSF,2021,1785.98118191144
gdp_per_capita_current_usd,NY.GDP.PCAP.CD,SSF,2020,1628.43873346869
gdp_per_capita_current_usd,NY.GDP.PCAP.CD,SSF,2019,1797.04121765415
gdp_per_capita_current_usd,NY.GDP.PCAP.CD,SSA,2022,1863.26040059117
gdp_per_capita_current_usd,NY.GDP.PCAP.CD,SSA,2021,1784.88774854725
gdp_per_capita_current_usd,NY.GDP.PCAP.CD,SSA,2020,1627.39235037313
gdp_per_capita_current_usd,NY.GDP.PCAP.CD,SSA,2019,1795.55378673641
gdp_per_capita_current_usd,NY.GDP.PCAP.CD,TSS,2022,1864.70686111924
gdp_per_capita_current_usd,NY.GDP.PCAP.CD,TSS,2021,1785.98118191144
gdp_per_capita_current_usd,NY.GDP.PCAP.CD,TSS,2020,1628.43873346869
gdp_per_capita_current_usd,NY.GDP.PCAP.CD,TSS,2019,1797.04121765415
gdp_per_capita_current_usd,NY.GDP.PCAP.CD,WLD,2022,12876.2377124072
gdp_per_capita_current_usd,NY.GDP.PCAP.CD,WLD,2021,12472.9074157191
gdp_per_capita_current_usd,NY.GDP.PCAP.CD,WLD,2020,10999.4917581781
gdp_per_capita_current_usd,NY.GDP.PCAP.CD,WLD,2019,11417.5958587724
gdp_per_capita_current_usd,NY.GDP.PCAP.CD,AFG,2022,357.261152798144
gdp_per_capita_current_usd,NY.GDP.PCAP.CD,AFG,2021,356.496214115892
gdp_per_capita_current_usd,NY.GDP.PCAP.CD,AFG,2020,510.787063366811
gdp_per_capita_current_usd,NY.GDP.PCAP.CD,AFG,2019,496.6025042585
gdp_per_capita_current_usd,NY.GDP.PCAP.CD,ALB,2022,7756.96188744253
gdp_per_capita_current_usd,NY.GDP.PCAP.CD,ALB,2021,7242.45513146613
gdp_per_capita_current_usd,NY.GDP.PCAP.CD,ALB,2020,6027.91350716348
gdp_per_capita_current_usd,NY.GDP.PCAP.CD,ALB,2019,6069.43903131027
gdp_per_capita_current_usd,NY.GDP.PCAP.CD,DZA,2022,4960.30334332888
gdp_per_capita_current_usd,NY.GDP.PCAP.CD,DZA,2021,4160.55926736925
gdp_per_capita_current_usd,NY.GDP.PCAP.CD,DZA,2020,3743.5419522929
gdp_per_capita_current_usd,NY.GDP.PCAP.CD,DZA,2019,4468.45341883656
gdp_per_capita_current_usd,NY.GDP.PCAP.CD,ASM,2022,18017.4589383973
gdp_per_capita_current_usd,NY.GDP.PCAP.CD,ASM,2021,15236.1604875571
gdp_per_capita_current_usd,NY.GDP.PCAP.CD,ASM,2020,14489.2586563775
gdp_per_capita_current_usd,NY.GDP.PCAP.CD,ASM,2019,12886.1359517218
gdp_per_capita_current_usd,NY.GDP.PCAP.CD,AND,2022,42414.0590111349
gdp_per_capita_current_usd,NY.GDP.PCAP.CD,AND,2021,42425.6996761083
gdp_per_capita_current_usd,NY.GDP.PCAP.CD,AND,2020,37361.090067211
gdp_per_capita_current_usd,NY.GDP.PCAP.CD,AND,2019,41257.8045861543
gdp_per_capita_current_usd,NY.GDP.PCAP.CD,AGO,2022,3598.53669077341
gdp_per_capita_current_usd,NY.GDP.PCAP.CD,AGO,2021,2266.96834861584
gdp_per_capita_current_usd,NY.GDP.PCAP.CD,AGO,2020,1749.1794838482
gdp_per_capita_current_usd,NY.GDP.PCAP.CD,AGO,2019,2507.86807213642
gdp_per_capita_current_usd,NY.GDP.PCAP.CD,ATG,2022,20003.3909394099
gdp_per_capita_current_usd,NY.GDP.PCAP.CD,ATG,2021,17348.6006987182
gdp_per_capita_current_usd,NY.GDP.PCAP.CD,ATG,2020,15369.6082250401
gdp_per_capita_current_usd,NY.GDP.PCAP.CD,ATG,2019,18896.3721832248
gdp_per_capita_current_usd,NY.GDP.PCAP.CD,ARG,2022,13962.1894087223
gdp_per_capita_current_usd,NY.GDP.PCAP.CD,ARG,2021,10738.0179223384
gdp_per_capita_current_usd,NY.GDP.PCAP.CD,ARG,2020,8535.59938004389
gdp_per_capita_current_usd,NY.GDP.PCAP.CD,ARG,2019,9955.97478680428
gdp_per_capita_current_usd,NY.GDP.PCAP.CD,ARM,2022,6571.97445545099
gdp_per_capita_current_usd,NY.GDP.PCAP.CD,ARM,2021,4685.17997128509
gdp_per_capita_current_usd,NY.GDP.PCAP.CD,ARM,2020,4268.68093304583
gdp_per_capita_current_usd,NY.GDP.PCAP.CD,ARM,2019,4597.22887399548
gdp_per_capita_current_usd,NY.GDP.PCAP.CD,ABW,2022,31000.5713798732
gdp_per_capita_current_usd,NY.GDP.PCAP.CD,ABW,2021,26827.3447869986
gdp_per_capita_current_usd,NY.GDP.PCAP.CD,ABW,2020,22664.3709949437
gdp_per_capita_current_usd,NY.GDP.PCAP.CD,ABW,2019,30654.4851235397
gdp_per_capita_current_usd,NY.GDP.PCAP.CD,AUS,2022,65169.5191118657
gdp_per_capita_current_usd,NY.GDP.PCAP.CD,AUS,2021,60758.9044397144
gdp_per_capita_current_usd,NY.GDP.PCAP.CD,AUS,2020,51983.4523666382
gdp_per_capita_current_usd,NY.GDP.PCAP.CD,AUS,2019,55194.7585097428
gdp_per_capita_current_usd,NY.GDP.PCAP.CD,AUT,2022,52336.7725223758
gdp_per_capita_current_usd,NY.GDP.PCAP.CD,AUT,2021,53648.6437976214
gdp_per_capita_current_usd,NY.GDP.PCAP.CD,AUT,2020,48716.4098900349
gdp_per_capita_current_usd,NY.GDP.PCAP.CD,AUT,2019,49885.9947355204
gdp_per_capita_current_usd,NY.GDP.PCAP.CD,AZE,2022,7770.594223351
gdp_per_capita_current_usd,NY.GDP.PCAP.CD,AZE,2021,5408.04535175023
gdp_per_capita_current_usd,NY.GDP.PCAP.CD,AZE,2020,4229.91064904503
gdp_per_capita_current_usd,NY.GDP.PCAP.CD,AZE,2019,4805.75371765917
gdp_per_capita_current_usd,NY.GDP.PCAP.CD,BHS,2022,34957.1613279737
gdp_per_capita_current_usd,NY.GDP.PCAP.CD,BHS,2021,30367.8605757708
gdp_per_capita_current_usd,NY.GDP.PCAP.CD,BHS,2020,26178.7537607708
gdp_per_capita_current_usd,NY.GDP.PCAP.CD,BHS,2019,33640.3369861278
gdp_per_capita_current_usd,NY.GDP.PCAP.CD,BHR,2022,30470.5219276023
gdp_per_capita_current_usd,NY.GDP.PCAP.CD,BHR,2021,27147.8083882286
gdp_per_capita_current_usd,NY.GDP.PCAP.CD,BHR,2020,24342.8444554718
gdp_per_capita_current_usd,NY.GDP.PCAP.CD,BHR,2019,27259.7438599327
gdp_per_capita_current_usd,NY.GDP.PCAP.CD,BGD,2022,2716.48592780431
gdp_per_capita_current_usd,NY.GDP.PCAP.CD,BGD,2021,2482.84917843357
gdp_per_capita_current_usd,NY.GDP.PCAP.CD,BGD,2020,2248.85078828233
gdp_per_capita_current_usd,NY.GDP.PCAP.CD,BGD,2019,2129.79896954606
gdp_per_capita_current_usd,NY.GDP.PCAP.CD,BRB,2022,24393.2193483944
gdp_per_capita_current_usd,NY.GDP.PCAP.CD,BRB,2021,21084.4013935998
gdp_per_capita_current_usd,NY.GDP.PCAP.CD,BRB,2020,19180.9915228365
gdp_per_capita_current_usd,NY.GDP.PCAP.CD,BRB,2019,21929.435611489
gdp_per_capita_current_usd,NY.GDP.PCAP.CD,BLR,2022,7994.64806074889
gdp_per_capita_current_usd,NY.GDP.PCAP.CD,BLR,2021,7489.71894713888
gdp_per_capita_current_usd,NY.GDP.PCAP.CD,BLR,2020,6542.85579976768
gdp_per_capita_current_usd,NY.GDP.PCAP.CD,BLR,2019,6837.77339645635
gdp_per_capita_current_usd,NY.GDP.PCAP.CD,BEL,2022,50639.0264882739
gdp_per_capita_current_usd,NY.GDP.PCAP.CD,BEL,2021,51658.238294958
gdp_per_capita_current_usd,NY.GDP.PCAP.CD,BEL,2020,45906.2875805246
gdp_per_capita_current_usd,NY.GDP.PCAP.CD,BEL,2019,46716.6227467964
gdp_per_capita_current_usd,NY.GDP.PCAP.CD,BLZ,2022,7068.21728043145
gdp_per_capita_current_usd,NY.GDP.PCAP.CD,BLZ,2021,6142.98930557031
gdp_per_capita_current_usd,NY.GDP.PCAP.CD,BLZ,2020,5238.54078175696
gdp_per_capita_current_usd,NY.GDP.PCAP.CD,BLZ,2019,6171.61449761423
gdp_per_capita_current_usd,NY.GDP.PCAP.CD,BEN,2022,1266.42711031904
gdp_per_capita_current_usd,NY.GDP.PCAP.CD,BEN,2021,1318.65158075198
gdp_per_capita_current_usd,NY.GDP.PCAP.CD,BEN,2020,1200.19426557789
gdp_per_capita_current_usd,NY.GDP.PCAP.CD,BEN,2019,1130.82135339795
gdp_per_capita_current_usd,NY.GDP.PCAP.CD,BMU,2022,119969.173269085
gdp_per_capita_current_usd,NY.GDP.PCAP.CD,BMU,2021,112765.08167306
gdp_per_capita_current_usd,NY.GDP.PCAP.CD,BMU,2020,106976.546239632
gdp_per_capita_current_usd,NY.GDP.PCAP.CD,BMU,2019,115798.040775578
gdp_per_capita_current_usd,NY.GDP.PCAP.CD,BTN,2022,3711.32767981591
gdp_per_capita_current_usd,NY.GDP.PCAP.CD,BTN,2021,3570.61257980872
gdp_per_capita_current_usd,NY.GDP.PCAP.CD,BTN,2020,3191.66906999331
gdp_per_capita_current_usd,NY.GDP.PCAP.CD,BTN,2019,3576.87987100503
gdp_per_capita_current_usd,NY.GDP.PCAP.CD,BOL,2022,4219.46113742445
gdp_per_capita_current_usd,NY.GDP.PCAP.CD,BOL,2021,4010.76053686204
gdp_per_capita_current_usd,NY.GDP.PCAP.CD,BOL,2020,3580.96761778303
gdp_per_capita_current_usd,NY.GDP.PCAP.CD,BOL,2019,4203.15492855788
gdp_per_capita_current_usd,NY.GDP.PCAP.CD,BIH,2022,7655.59421024383
gdp_per_capita_current_usd,NY.GDP.PCAP.CD,BIH,2021,7295.34378682258
gdp_per_capita_current_usd,NY.GDP.PCAP.CD,BIH,2020,6130.31187968266
gdp_per_capita_current_usd,NY.GDP.PCAP.CD,BIH,2019,6122.37541352353
gdp_per_capita_current_usd,NY.GDP.PCAP.CD,BWA,2022,8328.7090572666
gdp_per_capita_current_usd,NY.GDP.PCAP.CD,BWA,2021,7807.88794570471
gdp_per_capita_current_usd,NY.GDP.PCAP.CD,BWA,2020,6323.2974967659
gdp_per_capita_current_usd,NY.GDP.PCAP.CD,BWA,2019,7172.08956480028
gdp_per_capita_current_usd,NY.GDP.PCAP.CD,BRA,2022,9281.33334441234
gdp_per_capita_current_usd,NY.GDP.PCAP.CD,BRA,2021,7972.5366498646
gdp_per_capita_current_usd,NY.GDP.PCAP.CD,BRA,2020,7074.19378337644
gdp_per_capita_current_usd,NY.GDP.PCAP.CD,BRA,2019,9029.83326681073
gdp_per_capita_current_usd,NY.GDP.PCAP.CD,BRN,2022,36632.9280952155
gdp_per_capita_current_usd,NY.GDP.PCAP.CD,BRN,2021,31006.9636289785
gdp_per_capita_current_usd,NY.GDP.PCAP.CD,BRN,2020,26834.3592233943
gdp_per_capita_current_usd,NY.GDP.PCAP.CD,BRN,2019,30426.5730656528
gdp_per_capita_current_usd,NY.GDP.PCAP.CD,BGR,2022,13999.9113358453
gdp_per_capita_current_usd,NY.GDP.PCAP.CD,BGR,2021,12966.8085197381
gdp_per_capita_current_usd,NY.GDP.PCAP.CD,BGR,2020,10760.7616180234
gdp_per_capita_current_usd,NY.GDP.PCAP.CD,BGR,2019,10354.2500414088
gdp_per_capita_current_usd,NY.GDP.PCAP.CD,BFA,2022,827.330843486661
gdp_per_capita_current_usd,NY.GDP.PCAP.CD,BFA,2021,895.535288442991
gdp_per_capita_current_usd,NY.GDP.PCAP.CD,BFA,2020,825.237038782475
gdp_per_capita_current_usd,NY.GDP.PCAP.CD,BFA,2019,764.853077774946
gdp_per_capita_current_usd,NY.GDP.PCAP.CD,BDI,2022,301.832255755105
gdp_per_capita_current_usd,NY.GDP.PCAP.CD,BDI,2021,264.172844085398
gdp_per_capita_current_usd,NY.GDP.PCAP.CD,BDI,2020,252.702452750006
gdp_per_capita_current_usd,NY.GDP.PCAP.CD,BDI,2019,234.31061590725
gdp_per_capita_current_usd,NY.GDP.PCAP.CD,CPV,2022,4323.31362032709
gdp_per_capita_current_usd,NY.GDP.PCAP.CD,CPV,2021,3971.44409203423
gdp_per_capita_current_usd,NY.GDP.PCAP.CD,CPV,2020,3539.22661248299
gdp_per_capita_current_usd,NY.GDP.PCAP.CD,CPV,2019,4380.78117331128
gdp_per_capita_current_usd,NY.GDP.PCAP.CD,KHM,2022,2325.03050040841
gdp_per_capita_current_usd,NY.GDP.PCAP.CD,KHM,2021,2167.40324198499
gdp_per_capita_current_usd,NY.GDP.PCAP.CD,KHM,2020,2081.73914242939
gdp_per_capita_current_usd,NY.GDP.PCAP.CD,KHM,2019,2225.87705485686
gdp_per_capita_current_usd,NY.GDP.PCAP.CD,CMR,2022,1604.87726954895
gdp_per_capita_current_usd,NY.GDP.PCAP.CD,CMR,2021,1672.32657340872
gdp_per_capita_current_usd,NY.GDP.PCAP.CD,CMR,2020,1555.60370660749
gdp_per_capita_current_usd,NY.GDP.PCAP.CD,CMR,2019,1555.22660476477
gdp_per_capita_current_usd,NY.GDP.PCAP.CD,CAN,2022,56496.9275340663
gdp_per_capita_current_usd,NY.GDP.PCAP.CD,CAN,2021,52886.6407813788
gdp_per_capita_current_usd,NY.GDP.PCAP.CD,CAN,2020,43537.8981198851
gdp_per_capita_current_usd,NY.GDP.PCAP.CD,CAN,2019,46352.9695208927
gdp_per_capita_current_usd,NY.GDP.PCAP.CD,CYM,2022,92937.8838323153
gdp_per_capita_current_usd,NY.GDP.PCAP.CD,CYM,2021,86449.6749037302
gdp_per_capita_current_usd,NY.GDP.PCAP.CD,CYM,2020,82338.7977439023
gdp_per_capita_current_usd,NY.GDP.PCAP.CD,CYM,2019,88254.2903677044
gdp_per_capita_current_usd,NY.GDP.PCAP.CD,CAF,2022,467.359825026238
gdp_per_capita_current_usd,NY.GDP.PCAP.CD,CAF,2021,492.263142830507
gdp_per_capita_current_usd,NY.GDP.PCAP.CD,CAF,2020,462.879071294011
gdp_per_capita_current_usd,NY.GDP.PCAP.CD,CAF,2019,449.228467602439
gdp_per_capita_current_usd,NY.GDP.PCAP.CD,TCD,2022,966.036468278568
gdp_per_capita_current_usd,NY.GDP.PCAP.CD,TCD,2021,946.358500208374
gdp_per_capita_current_usd,NY.GDP.PCAP.CD,TCD,2020,866.947814890409
gdp_per_capita_current_usd,NY.GDP.PCAP.CD,TCD,2019,893.336441643325
gdp_per_capita_current_usd,NY.GDP.PCAP.CD,CHI,2022,67627.1417347907
gdp_per_capita_current_usd,NY.GDP.PCAP.CD,CHI,2021,66915.3963925722
gdp_per_capita_current_usd,NY.GDP.PCAP.CD,CHI,2020,56785.9402005039
gdp_per_capita_current_usd,NY.GDP.PCAP.CD,CHI,2019,60564.6293993681
gdp_per_capita_current_usd,NY.GDP.PCAP.CD,CHL,2022,15399.1044717559
gdp_per_capita_current_usd,NY.GDP.PCAP.CD,CHL,2021,16216.1840860289
gdp_per_capita_current_usd,NY.GDP.PCAP.CD,CHL,2020,13117.9930230086
gdp_per_capita_current_usd,NY.GDP.PCAP.CD,CHL,2019,14496.9345640362
gdp_per_capita_current_usd,NY.GDP.PCAP.CD,CHN,2022,12970.6056414327
gdp_per_capita_current_usd,NY.GDP.PCAP.CD,CHN,2021,12887.4357242941
gdp_per_capita_current_usd,NY.GDP.PCAP.CD,CHN,2020,10627.4637989619
gdp_per_capita_current_usd,NY.GDP.PCAP.CD,CHN,2019,10342.9009524335
gdp_per_capita_current_usd,NY.GDP.PCAP.CD,COL,2022,6680.44506854481
gdp_per_capita_current_usd,NY.GDP.PCAP.CD,COL,2021,6222.62164397614
gdp_per_capita_current_usd,NY.GDP.PCAP.CD,COL,2020,5339.68711357943
gdp_per_capita_current_usd,NY.GDP.PCAP.CD,COL,2019,6472.54544924705
gdp_per_capita_current_usd,NY.GDP.PCAP.CD,COM,2022,1533.87755393614
gdp_per_capita_current_usd,NY.GDP.PCAP.CD,COM,2021,1587.72988658008
gdp_per_capita_current_usd,NY.GDP.PCAP.CD,COM,2020,1527.16991011916
gdp_per_capita_current_usd,NY.GDP.PCAP.CD,COM,2019,1519.26386436068
gdp_per_capita_current_usd,NY.GDP.PCAP.CD,COD,2022,687.738587554685
gdp_per_capita_current_usd,NY.GDP.PCAP.CD,COD,2021,595.743074403567
gdp_per_capita_current_usd,NY.GDP.PCAP.CD,COD,2020,486.425572682256
gdp_per_capita_current_usd,NY.GDP.PCAP.CD,COD,2019,504.00419142286
gdp_per_capita_current_usd,NY.GDP.PCAP.CD,COG,2022,2620.83804267402
gdp_per_capita_current_usd,NY.GDP.PCAP.CD,COG,2021,2516.16255145432
gdp_per_capita_current_usd,NY.GDP.PCAP.CD,COG,2020,1993.586671931
gdp_per_capita_current_usd,NY.GDP.PCAP.CD,COG,2019,2488.42466724916
gdp_per_capita_current_usd,NY.GDP.PCAP.CD,CRI,2022,13971.7649991294
gdp_per_capita_current_usd,NY.GDP.PCAP.CD,CRI,2021,12962.2716075659
gdp_per_capita_current_usd,NY.GDP.PCAP.CD,CRI,2020,12475.6852076814
gdp_per_capita_current_usd,NY.GDP.PCAP.CD,CRI,2019,12951.8588421841
gdp_per_capita_current_usd,NY.GDP.PCAP.CD,CIV,2022,2333.37128301259
gdp_per_capita_current_usd,NY.GDP.PCAP.CD,CIV,2021,2455.98127641148
gdp_per_capita_current_usd,NY.GDP.PCAP.CD,CIV,2020,2179.72934832935
gdp_per_capita_current_usd,NY.GDP.PCAP.CD,CIV,2019,2141.76836170115
gdp_per_capita_current_usd,NY.GDP.PCAP.CD,HRV,2022,18465.531473659
gdp_per_capita_current_usd,NY.GDP.PCAP.CD,HRV,2021,17788.7601163765
gdp_per_capita_current_usd,NY.GDP.PCAP.CD,HRV,2020,14807.5559227544
gdp_per_capita_current_usd,NY.GDP.PCAP.CD,HRV,2019,15563.7354996625
gdp_per_capita_current_usd,NY.GDP.PCAP.CD,CUB,2020,9605.27914559614
gdp_per_capita_current_usd,NY.GDP.PCAP.CD,CUB,2019,9232.26115935183
gdp_per_capita_current_usd,NY.GDP.PCAP.CD,CUW,2022,20057.1404960105
gdp_per_capita_current_usd,NY.GDP.PCAP.CD,CUW,2021,17795.5826483092
gdp_per_capita_current_usd,NY.GDP.PCAP.CD,CUW,2020,16299.8134688605
gdp_per_capita_current_usd,NY.GDP.PCAP.CD,CUW,2019,19220.6866958303
gdp_per_capita_current_usd,NY.GDP.PCAP.CD,CYP,2022,33231.05078125
gdp_per_capita_current_usd,NY.GDP.PCAP.CD,CYP,2021,32937.8359375
gdp_per_capita_current_usd,NY.GDP.PCAP.CD,CYP,2020,28130.330078125
gdp_per_capita_current_usd,NY.GDP.PCAP.CD,CYP,2019,29227.16796875
gdp_per_capita_current_usd,NY.GDP.PCAP.CD,CZE,2022,28282.2236715857
gdp_per_capita_current_usd,NY.GDP.PCAP.CD,CZE,2021,27696.4619527544
gdp_per_capita_current_usd,NY.GDP.PCAP.CD,CZE,2020,23472.8915454417
gdp_per_capita_current_usd,NY.GDP.PCAP.CD,CZE,2019,24062.7190013343
gdp_per_capita_current_usd,NY.GDP.PCAP.CD,DNK,2022,67781.0940939514
gdp_per_capita_current_usd,NY.GDP.PCAP.CD,DNK,2021,69340.7334922138
gdp_per_capita_current_usd,NY.GDP.PCAP.CD,DNK,2020,60985.4885601514
gdp_per_capita_current_usd,NY.GDP.PCAP.CD,DNK,2019,59404.2663247723
gdp_per_capita_current_usd,NY.GDP.PCAP.CD,DJI,2022,3133.25779772463
gdp_per_capita_current_usd,NY.GDP.PCAP.CD,DJI,2021,3025.91126413549
gdp_per_capita_current_usd,NY.GDP.PCAP.CD,DJI,2020,2844.88810647853
gdp_per_capita_current_usd,NY.GDP.PCAP.CD,DJI,2019,2837.16902340932
gdp_per_capita_current_usd,NY.GDP.PCAP.CD,DMA,2022,9323.66089490562
gdp_per_capita_current_usd,NY.GDP.PCAP.CD,DMA,2021,8376.40414141113
gdp_per_capita_current_usd,NY.GDP.PCAP.CD,DMA,2020,7827.74842680426
gdp_per_capita_current_usd,NY.GDP.PCAP.CD,DMA,2019,9491.14995962374
gdp_per_capita_current_usd,NY.GDP.PCAP.CD,DOM,2022,10104.2464008585
gdp_per_capita_current_usd,NY.GDP.PCAP.CD,DOM,2021,8527.0754858205
gdp_per_capita_current_usd,NY.GDP.PCAP.CD,DOM,2020,7135.22273255899
gdp_per_capita_current_usd,NY.GDP.PCAP.CD,DOM,2019,8183.01623600375
gdp_per_capita_current_usd,NY.GDP.PCAP.CD,ECU,2022,6515.58528418336
gdp_per_capita_current_usd,NY.GDP.PCAP.CD,ECU,2021,6061.32350181711
gdp_per_capita_current_usd,NY.GDP.PCAP.CD,ECU,2020,5463.64515348598
gdp_per_capita_current_usd,NY.GDP.PCAP.CD,ECU,2019,6205.05765246766
gdp_per_capita_current_usd,NY.GDP.PCAP.CD,EGY,2022,4233.30783744856
gdp_per_capita_current_usd,NY.GDP.PCAP.CD,EGY,2021,3827.35415374308
gdp_per_capita_current_usd,NY.GDP.PCAP.CD,EGY,2020,3511.11381026379
gdp_per_capita_current_usd,NY.GDP.PCAP.CD,EGY,2019,2962.98892023003
gdp_per_capita_current_usd,NY.GDP.PCAP.CD,SLV,2022,5074.60050994225
gdp_per_capita_current_usd,NY.GDP.PCAP.CD,SLV,2021,4642.60743101342
gdp_per_capita_current_usd,NY.GDP.PCAP.CD,SLV,2020,3997.19279583709
gdp_per_capita_current_usd,NY.GDP.PCAP.CD,SLV,2019,4320.11671534627
gdp_per_capita_current_usd,NY.GDP.PCAP.CD,GNQ,2022,7589.29964909381
gdp_per_capita_current_usd,NY.GDP.PCAP.CD,GNQ,2021,6945.63069794539
gdp_per_capita_current_usd,NY.GDP.PCAP.CD,GNQ,2020,5764.05502912947
gdp_per_capita_current_usd,NY.GDP.PCAP.CD,GNQ,2019,6804.14923073888
gdp_per_capita_current_usd,NY.GDP.PCAP.CD,EST,2022,28340.3826549406
gdp_per_capita_current_usd,NY.GDP.PCAP.CD,EST,2021,27951.1659277744
gdp_per_capita_current_usd,NY.GDP.PCAP.CD,EST,2020,23933.9939421065
gdp_per_capita_current_usd,NY.GDP.PCAP.CD,EST,2019,24021.2501413306
gdp_per_capita_current_usd,NY.GDP.PCAP.CD,SWZ,2022,3894.1620089869
gdp_per_capita_current_usd,NY.GDP.PCAP.CD,SWZ,2021,3984.00229174306
gdp_per_capita_current_usd,NY.GDP.PCAP.CD,SWZ,2020,3466.56936278145
gdp_per_capita_current_usd,NY.GDP.PCAP.CD,SWZ,2019,3913.14577547336
gdp_per_capita_current_usd,NY.GDP.PCAP.CD,ETH,2022,982.103161502198
gdp_per_capita_current_usd,NY.GDP.PCAP.CD,ETH,2021,893.009835441784
gdp_per_capita_current_usd,NY.GDP.PCAP.CD,ETH,2020,829.790982552951
gdp_per_capita_current_usd,NY.GDP.PCAP.CD,ETH,2019,793.473247218996
gdp_per_capita_current_usd,NY.GDP.PCAP.CD,FRO,2022,67069.3987440509
gdp_per_capita_current_usd,NY.GDP.PCAP.CD,FRO,2021,69421.6981686515
gdp_per_capita_current_usd,NY.GDP.PCAP.CD,FRO,2020,62247.9273907098
gdp_per_capita_current_usd,NY.GDP.PCAP.CD,FRO,2019,63070.7228080361
gdp_per_capita_current_usd,NY.GDP.PCAP.CD,FJI,2022,5414.12092119088
gdp_per_capita_current_usd,NY.GDP.PCAP.CD,FJI,2021,4536.73312110335
gdp_per_capita_current_usd,NY.GDP.PCAP.CD,FJI,2020,4620.6457238014
gdp_per_capita_current_usd,NY.GDP.PCAP.CD,FJI,2019,5842.07344577597
gdp_per_capita_current_usd,NY.GDP.PCAP.CD,FIN,2022,50440.560224974
gdp_per_capita_current_usd,NY.GDP.PCAP.CD,FIN,2021,53099.1351400148
gdp_per_capita_current_usd,NY.GDP.PCAP.CD,FIN,2020,48828.6846862799
gdp_per_capita_current_usd,NY.GDP.PCAP.CD,FIN,2019,48358.1807773701
gdp_per_capita_current_usd,NY.GDP.PCAP.CD,FRA,2022,40988.6396406579
gdp_per_capita_current_usd,NY.GDP.PCAP.CD,FRA,2021,43725.0999521245
gdp_per_capita_current_usd,NY.GDP.PCAP.CD,FRA,2020,39169.8606000707
gdp_per_capita_current_usd,NY.GDP.PCAP.CD,FRA,2019,40408.2848574751
gdp_per_capita_current_usd,NY.GDP.PCAP.CD,PYF,2022,20053.9569369322
gdp_per_capita_current_usd,NY.GDP.PCAP.CD,PYF,2021,21426.3854449835
gdp_per_capita_current_usd,NY.GDP.PCAP.CD,PYF,2020,19966.4838503859
gdp_per_capita_current_usd,NY.GDP.PCAP.CD,PYF,2019,21582.5892046801
gdp_per_capita_current_usd,NY.GDP.PCAP.CD,GAB,2022,8409.20741452279
gdp_per_capita_current_usd,NY.GDP.PCAP.CD,GAB,2021,8181.40914134398
gdp_per_capita_current_usd,NY.GDP.PCAP.CD,GAB,2020,6605.80346077904
gdp_per_capita_current_usd,NY.GDP.PCAP.CD,GAB,2019,7441.1786472281
gdp_per_capita_current_usd,NY.GDP.PCAP.CD,GMB,2022,836.244875868476
gdp_per_capita_current_usd,NY.GDP.PCAP.CD,GMB,2021,781.890925169531
gdp_per_capita_current_usd,NY.GDP.PCAP.CD,GMB,2020,720.335143352133
gdp_per_capita_current_usd,NY.GDP.PCAP.CD,GMB,2019,738.186751987483
gdp_per_capita_current_usd,NY.GDP.PCAP.CD,GEO,2022,6729.84659930283
gdp_per_capita_current_usd,NY.GDP.PCAP.CD,GEO,2021,5083.60695484577
gdp_per_capita_current_usd,NY.GDP.PCAP.CD,GEO,2020,4300.85701291207
gdp_per_capita_current_usd,NY.GDP.PCAP.CD,GEO,2019,4741.2832715876
gdp_per_capita_current_usd,NY.GDP.PCAP.CD,DEU,2022,50506.5179638543
gdp_per_capita_current_usd,NY.GDP.PCAP.CD,DEU,2021,52349.2459994422
gdp_per_capita_current_usd,NY.GDP.PCAP.CD,DEU,2020,47394.8734504469
gdp_per_capita_current_usd,NY.GDP.PCAP.CD,DEU,2019,47656.199739747
gdp_per_capita_current_usd,NY.GDP.PCAP.CD,GHA,2022,2229.89122654479
gdp_per_capita_current_usd,NY.GDP.PCAP.CD,GHA,2021,2445.18662529344
gdp_per_capita_current_usd,NY.GDP.PCAP.CD,GHA,2020,2195.45481659987
gdp_per_capita_current_usd,NY.GDP.PCAP.CD,GHA,2019,2186.65822682613
gdp_per_capita_current_usd,NY.GDP.PCAP.CD,GRC,2022,20884.6773436263
gdp_per_capita_current_usd,NY.GDP.PCAP.CD,GRC,2021,20652.89659591
gdp_per_capita_current_usd,NY.GDP.PCAP.CD,GRC,2020,17886.733165236
gdp_per_capita_current_usd,NY.GDP.PCAP.CD,GRC,2019,19335.3602002969
gdp_per_capita_current_usd,NY.GDP.PCAP.CD,GRL,2022,55635.0006491223
gdp_per_capita_current_usd,NY.GDP.PCAP.CD,GRL,2021,58135.9939910203
gdp_per_capita_current_usd,NY.GDP.PCAP.CD,GRL,2020,54812.6661771023
gdp_per_capita_current_usd,NY.GDP.PCAP.CD,GRL,2019,53309.2035905065
gdp_per_capita_current_usd,NY.GDP.PCAP.CD,GRD,2022,10469.3867012856
gdp_per_capita_current_usd,NY.GDP.PCAP.CD,GRD,2021,9617.28902905373
gdp_per_capita_current_usd,NY.GDP.PCAP.CD,GRD,2020,8968.55890108484
gdp_per_capita_current_usd,NY.GDP.PCAP.CD,GRD,2019,10462.7929159533
gdp_per_capita_current_usd,NY.GDP.PCAP.CD,GUM,2022,41833.1517132825
gdp_per_capita_current_usd,NY.GDP.PCAP.CD,GUM,2021,38074.8793745801
gdp_per_capita_current_usd,NY.GDP.PCAP.CD,GUM,2020,36482.9363953675
gdp_per_capita_current_usd,NY.GDP.PCAP.CD,GUM,2019,39274.9431424899
gdp_per_capita_current_usd,NY.GDP.PCAP.CD,GTM,2022,5356.92435887895
gdp_per_capita_current_usd,NY.GDP.PCAP.CD,GTM,2021,4912.62240414681
gdp_per_capita_current_usd,NY.GDP.PCAP.CD,GTM,2020,4477.61785000665
gdp_per_capita_current_usd,NY.GDP.PCAP.CD,GTM,2019,4511.99839552697
gdp_per_capita_current_usd,NY.GDP.PCAP.CD,GIN,2022,1416.59612011764
gdp_per_capita_current_usd,NY.GDP.PCAP.CD,GIN,2021,1244.96550477914
gdp_per_capita_current_usd,NY.GDP.PCAP.CD,GIN,2020,1053.66097696415
gdp_per_capita_current_usd,NY.GDP.PCAP.CD,GIN,2019,1031.34146480732
gdp_per_capita_current_usd,NY.GDP.PCAP.CD,GNB,2022,881.602654162231
gdp_per_capita_current_usd,NY.GDP.PCAP.CD,GNB,2021,926.54619187706
gdp_per_capita_current_usd,NY.GDP.PCAP.CD,GNB,2020,846.918134967613
gdp_per_capita_current_usd,NY.GDP.PCAP.CD,GNB,2019,811.210004050041
gdp_per_capita_current_usd,NY.GDP.PCAP.CD,GUY,2022,17913.4928066879
gdp_per_capita_current_usd,NY.GDP.PCAP.CD,GUY,2021,9860.87014834386
gdp_per_capita_current_usd,NY.GDP.PCAP.CD,GUY,2020,6775.70939096303
gdp_per_capita_current_usd,NY.GDP.PCAP.CD,GUY,2019,6405.82443444562
gdp_per_capita_current_usd,NY.GDP.PCAP.CD,HTI,2022,1748.40890116803
gdp_per_capita_current_usd,NY.GDP.PCAP.CD,HTI,2021,1824.6798742577
gdp_per_capita_current_usd,NY.GDP.PCAP.CD,HTI,2020,1290.32538667383
gdp_per_capita_current_usd,NY.GDP.PCAP.CD,HTI,2019,1352.17204191532
gdp_per_capita_current_usd,NY.GDP.PCAP.CD,HND,2022,3003.28996826399
gdp_per_capita_current_usd,NY.GDP.PCAP.CD,HND,2021,2735.14751503977
gdp_per_capita_current_usd,NY.GDP.PCAP.CD,HND,2020,2307.61494319511
gdp_per_capita_current_usd,NY.GDP.PCAP.CD,HND,2019,2502.32744328073
gdp_per_capita_current_usd,NY.GDP.PCAP.CD,HKG,2022,48825.0272275805
gdp_per_capita_current_usd,NY.GDP.PCAP.CD,HKG,2021,49770.5642374739
gdp_per_capita_current_usd,NY.GDP.PCAP.CD,HKG,2020,46109.2299946609
gdp_per_capita_current_usd,NY.GDP.PCAP.CD,HKG,2019,48359.0011950597
gdp_per_capita_current_usd,NY.GDP.PCAP.CD,HUN,2022,18428.028825614
gdp_per_capita_current_usd,NY.GDP.PCAP.CD,HUN,2021,19030.628130329
gdp_per_capita_current_usd,NY.GDP.PCAP.CD,HUN,2020,16386.9308821258
gdp_per_capita_current_usd,NY.GDP.PCAP.CD,HUN,2019,17012.8598553199
gdp_per_capita_current_usd,NY.GDP.PCAP.CD,ISL,2022,76376.9599334915
gdp_per_capita_current_usd,NY.GDP.PCAP.CD,ISL,2021,70425.4064277273
gdp_per_capita_current_usd,NY.GDP.PCAP.CD,ISL,2020,60127.9393575616
gdp_per_capita_current_usd,NY.GDP.PCAP.CD,ISL,2019,69296.3144361601
gdp_per_capita_current_usd,NY.GDP.PCAP.CD,IND,2022,2279.98145719369
gdp_per_capita_current_usd,NY.GDP.PCAP.CD,IND,2021,2239.61384367482
gdp_per_capita_current_usd,NY.GDP.PCAP.CD,IND,2020,1907.04251637669
gdp_per_capita_current_usd,NY.GDP.PCAP.CD,IND,2019,2041.42863698585
gdp_per_capita_current_usd,NY.GDP.PCAP.CD,IDN,2022,4730.83484836107
gdp_per_capita_current_usd,NY.GDP.PCAP.CD,IDN,2021,4287.17313995098
gdp_per_capita_current_usd,NY.GDP.PCAP.CD,IDN,2020,3853.70288774146
gdp_per_capita_current_usd,NY.GDP.PCAP.CD,IDN,2019,4106.94856160358
gdp_per_capita_current_usd,NY.GDP.PCAP.CD,IRN,2022,4721.20437099984
gdp_per_capita_current_usd,NY.GDP.PCAP.CD,IRN,2021,4605.14881318992
gdp_per_capita_current_usd,NY.GDP.PCAP.CD,IRN,2020,3202.50003502169
gdp_per_capita_current_usd,NY.GDP.PCAP.CD,IRN,2019,3997.4935449585
gdp_per_capita_current_usd,NY.GDP.PCAP.CD,IRQ,2022,6520.73154560584
gdp_per_capita_current_usd,NY.GDP.PCAP.CD,IRQ,2021,4868.49431080783
gdp_per_capita_current_usd,NY.GDP.PCAP.CD,IRQ,2020,4295.18945121228
gdp_per_capita_current_usd,NY.GDP.PCAP.CD,IRQ,2019,5671.8568632942
gdp_per_capita_current_usd,NY.GDP.PCAP.CD,IRL,2022,105190.685952731
gdp_per_capita_current_usd,NY.GDP.PCAP.CD,IRL,2021,103783.446284479
gdp_per_capita_current_usd,NY.GDP.PCAP.CD,IRL,2020,86514.0706108754
gdp_per_capita_current_usd,NY.GDP.PCAP.CD,IRL,2019,81827.6688873996
gdp_per_capita_current_usd,NY.GDP.PCAP.CD,IMN,2022,88328.548125887
gdp_per_capita_current_usd,NY.GDP.PCAP.CD,IMN,2021,94299.969348965
gdp_per_capita_current_usd,NY.GDP.PCAP.CD,IMN,2020,79513.5330346598
gdp_per_capita_current_usd,NY.GDP.PCAP.CD,IMN,2019,87127.5517977404
gdp_per_capita_current_usd,NY.GDP.PCAP.CD,ISR,2022,54947.2091250715
gdp_per_capita_current_usd,NY.GDP.PCAP.CD,ISR,2021,52258.4693499398
gdp_per_capita_current_usd,NY.GDP.PCAP.CD,ISR,2020,44590.8237253282
gdp_per_capita_current_usd,NY.GDP.PCAP.CD,ISR,2019,44091.8678022544
gdp_per_capita_current_usd,NY.GDP.PCAP.CD,ITA,2022,35653.9042103495
gdp_per_capita_current_usd,NY.GDP.PCAP.CD,ITA,2021,36852.5425414951
gdp_per_capita_current_usd,NY.GDP.PCAP.CD,ITA,2020,32091.4866621366
gdp_per_capita_current_usd,NY.GDP.PCAP.CD,ITA,2019,33812.788724868
gdp_per_capita_current_usd,NY.GDP.PCAP.CD,JAM,2022,6626.47502388538
gdp_per_capita_current_usd,NY.GDP.PCAP.CD,JAM,2021,5625.67806271236
gdp_per_capita_current_usd,NY.GDP.PCAP.CD,JAM,2020,5299.04530804283
gdp_per_capita_current_usd,NY.GDP.PCAP.CD,JAM,2019,6030.68896415921
gdp_per_capita_current_usd,NY.GDP.PCAP.CD,JPN,2022,35548.2645222433
gdp_per_capita_current_usd,NY.GDP.PCAP.CD,JPN,2021,41580.739040705
gdp_per_capita_current_usd,NY.GDP.PCAP.CD,JPN,2020,41098.9739004553
gdp_per_capita_current_usd,NY.GDP.PCAP.CD,JPN,2019,41424.8655601543
gdp_per_capita_current_usd,NY.GDP.PCAP.CD,JOR,2022,4754.41362207378
gdp_per_capita_current_usd,NY.GDP.PCAP.CD,JOR,2021,4581.71967230365
gdp_per_capita_current_usd,NY.GDP.PCAP.CD,JOR,2020,4411.48321838396
gdp_per_capita_current_usd,NY.GDP.PCAP.CD,JOR,2019,4557.79334729121
gdp_per_capita_current_usd,NY.GDP.PCAP.CD,KAZ,2022,11255.3396437881
gdp_per_capita_current_usd,NY.GDP.PCAP.CD,KAZ,2021,9983.60103576902
gdp_per_capita_current_usd,NY.GDP.PCAP.CD,KAZ,2020,8781.50797787648
gdp_per_capita_current_usd,NY.GDP.PCAP.CD,KAZ,2019,9457.12614657136
gdp_per_capita_current_usd,NY.GDP.PCAP.CD,KEN,2022,2109.56288513137
gdp_per_capita_current_usd,NY.GDP.PCAP.CD,KEN,2021,2061.35622089594
gdp_per_capita_current_usd,NY.GDP.PCAP.CD,KEN,2020,1927.66459027849
gdp_per_capita_current_usd,NY.GDP.PCAP.CD,KEN,2019,1960.40808854893
gdp_per_capita_current_usd,NY.GDP.PCAP.CD,KIR,2022,2078.7648751855
gdp_per_capita_current_usd,NY.GDP.PCAP.CD,KIR,2021,2223.54147866465
gdp_per_capita_current_usd,NY.GDP.PCAP.CD,KIR,2020,1751.87199542272
gdp_per_capita_current_usd,NY.GDP.PCAP.CD,KIR,2019,1750.24040333237
gdp_per_capita_current_usd,NY.GDP.PCAP.CD,KOR,2022,34822.4048404971
gdp_per_capita_current_usd,NY.GDP.PCAP.CD,KOR,2021,37518.4635305697
gdp_per_capita_current_usd,NY.GDP.PCAP.CD,KOR,2020,33645.7719545073
gdp_per_capita_current_usd,NY.GDP.PCAP.CD,KOR,2019,33826.9443301597
gdp_per_capita_current_usd,NY.GDP.PCAP.CD,XKX,2022,5298.1473871027
gdp_per_capita_current_usd,NY.GDP.PCAP.CD,XKX,2021,5269.69946181439
gdp_per_capita_current_usd,NY.GDP.PCAP.CD,XKX,2020,4320.58382547288
gdp_per_capita_current_usd,NY.GDP.PCAP.CD,XKX,2019,4415.6992744623
gdp_per_capita_current_usd,NY.GDP.PCAP.CD,KWT,2022,39981.7691035833
gdp_per_capita_current_usd,NY.GDP.PCAP.CD,KWT,2021,34018.6342592913
gdp_per_capita_current_usd,NY.GDP.PCAP.CD,KWT,2020,25236.0755848941
gdp_per_capita_current_usd,NY.GDP.PCAP.CD,KWT,2019,31707.8737443551
gdp_per_capita_current_usd,NY.GDP.PCAP.CD,KGZ,2022,1739.72018344174
gdp_per_capita_current_usd,NY.GDP.PCAP.CD,KGZ,2021,1349.99730650542
gdp_per_capita_current_usd,NY.GDP.PCAP.CD,KGZ,2020,1229.51766602907
gdp_per_capita_current_usd,NY.GDP.PCAP.CD,KGZ,2019,1421.99927504102
gdp_per_capita_current_usd,NY.GDP.PCAP.CD,LAO,2022,2046.40440255621
gdp_per_capita_current_usd,NY.GDP.PCAP.CD,LAO,2021,2526.05105018529
gdp_per_capita_current_usd,NY.GDP.PCAP.CD,LAO,2020,2583.77730696131
gdp_per_capita_current_usd,NY.GDP.PCAP.CD,LAO,2019,2589.32081035237
gdp_per_capita_current_usd,NY.GDP.PCAP.CD,LVA,2022,20221.103686109
gdp_per_capita_current_usd,NY.GDP.PCAP.CD,LVA,2021,20261.8887788916
gdp_per_capita_current_usd,NY.GDP.PCAP.CD,LVA,2020,17564.2321549354
gdp_per_capita_current_usd,NY.GDP.PCAP.CD,LVA,2019,17294.9751600969
gdp_per_capita_current_usd,NY.GDP.PCAP.CD,LBN,2022,3654.35845534878
gdp_per_capita_current_usd,NY.GDP.PCAP.CD,LBN,2021,4045.37391066234
gdp_per_capita_current_usd,NY.GDP.PCAP.CD,LBN,2020,5561.19166950397
gdp_per_capita_current_usd,NY.GDP.PCAP.CD,LBN,2019,8905.88005497437
gdp_per_capita_current_usd,NY.GDP.PCAP.CD,LSO,2022,1030.12582947757
gdp_per_capita_current_usd,NY.GDP.PCAP.CD,LSO,2021,1066.58645143823
gdp_per_capita_current_usd,NY.GDP.PCAP.CD,LSO,2020,918.582574704447
gdp_per_capita_current_usd,NY.GDP.PCAP.CD,LSO,2019,1082.05706777516
gdp_per_capita_current_usd,NY.GDP.PCAP.CD,LBR,2022,744.617175237387
gdp_per_capita_current_usd,NY.GDP.PCAP.CD,LBR,2021,667.96610514319
gdp_per_capita_current_usd,NY.GDP.PCAP.CD,LBR,2020,616.787867006715
gdp_per_capita_current_usd,NY.GDP.PCAP.CD,LBR,2019,658.164180770507
gdp_per_capita_current_usd,NY.GDP.PCAP.CD,LBY,2022,5986.63694851258
gdp_per_capita_current_usd,NY.GDP.PCAP.CD,LBY,2021,4935.82787349801
gdp_per_capita_current_usd,NY.GDP.PCAP.CD,LBY,2020,6650.33810585348
gdp_per_capita_current_usd,NY.GDP.PCAP.CD,LBY,2019,9963.19489084483
gdp_per_capita_current_usd,NY.GDP.PCAP.CD,LIE,2022,188055.003235348
gdp_per_capita_current_usd,NY.GDP.PCAP.CD,LIE,2021,201944.830335076
gdp_per_capita_current_usd,NY.GDP.PCAP.CD,LIE,2020,164671.093553454
gdp_per_capita_current_usd,NY.GDP.PCAP.CD,LIE,2019,166907.839305016
gdp_per_capita_current_usd,NY.GDP.PCAP.CD,LTU,2022,24946.5724005188
gdp_per_capita_current_usd,NY.GDP.PCAP.CD,LTU,2021,23882.8668916753
gdp_per_capita_current_usd,NY.GDP.PCAP.CD,LTU,2020,20428.6478157394
gdp_per_capita_current_usd,NY.GDP.PCAP.CD,LTU,2019,19608.7943945553
gdp_per_capita_current_usd,NY.GDP.PCAP.CD,LUX,2022,123719.658915996
gdp_per_capita_current_usd,NY.GDP.PCAP.CD,LUX,2021,134965.815442152
gdp_per_capita_current_usd,NY.GDP.PCAP.CD,LUX,2020,116860.02817236
gdp_per_capita_current_usd,NY.GDP.PCAP.CD,LUX,2019,112696.649059674
gdp_per_capita_current_usd,NY.GDP.PCAP.CD,MAC,2022,36806.891255461
gdp_per_capita_current_usd,NY.GDP.PCAP.CD,MAC,2021,44884.8961602393
gdp_per_capita_current_usd,NY.GDP.PCAP.CD,MAC,2020,36883.6652578543
gdp_per_capita_current_usd,NY.GDP.PCAP.CD,MAC,2019,81882.6964523869
gdp_per_capita_current_usd,NY.GDP.PCAP.CD,MDG,2022,504.059106969168
gdp_per_capita_current_usd,NY.GDP.PCAP.CD,MDG,2021,483.469463351195
gdp_per_capita_current_usd,NY.GDP.PCAP.CD,MDG,2020,450.771615205157
gdp_per_capita_current_usd,NY.GDP.PCAP.CD,MDG,2019,499.818837622534
gdp_per_capita_current_usd,NY.GDP.PCAP.CD,MWI,2022,604.269740360317
gdp_per_capita_current_usd,NY.GDP.PCAP.CD,MWI,2021,617.446994451007
gdp_per_capita_current_usd,NY.GDP.PCAP.CD,MWI,2020,602.507478176106
gdp_per_capita_current_usd,NY.GDP.PCAP.CD,MWI,2019,580.889139762475
gdp_per_capita_current_usd,NY.GDP.PCAP.CD,MYS,2022,11754.5678336248
gdp_per_capita_current_usd,NY.GDP.PCAP.CD,MYS,2021,10903.1037480772
gdp_per_capita_current_usd,NY.GDP.PCAP.CD,MYS,2020,9957.52626697613
gdp_per_capita_current_usd,NY.GDP.PCAP.CD,MYS,2019,10920.191763972
gdp_per_capita_current_usd,NY.GDP.PCAP.CD,MDV,2022,11786.0191492983
gdp_per_capita_current_usd,NY.GDP.PCAP.CD,MDV,2021,10176.143882547
gdp_per_capita_current_usd,NY.GDP.PCAP.CD,MDV,2020,7393.8886543933
gdp_per_capita_current_usd,NY.GDP.PCAP.CD,MDV,2019,11740.2724029785
gdp_per_capita_current_usd,NY.GDP.PCAP.CD,MLI,2022,976.914116406452
gdp_per_capita_current_usd,NY.GDP.PCAP.CD,MLI,2021,1027.27345365357
gdp_per_capita_current_usd,NY.GDP.PCAP.CD,MLI,2020,953.242943290974
gdp_per_capita_current_usd,NY.GDP.PCAP.CD,MLI,2019,971.949318638092
gdp_per_capita_current_usd,NY.GDP.PCAP.CD,MLT,2022,35658.8318250199
gdp_per_capita_current_usd,NY.GDP.PCAP.CD,MLT,2021,38078.0064279067
gdp_per_capita_current_usd,NY.GDP.PCAP.CD,MLT,2020,31823.422001724
gdp_per_capita_current_usd,NY.GDP.PCAP.CD,MLT,2019,32421.9087471186
gdp_per_capita_current_usd,NY.GDP.PCAP.CD,MHL,2022,6455.6603538189
gdp_per_capita_current_usd,NY.GDP.PCAP.CD,MHL,2021,6315.31172190393
gdp_per_capita_current_usd,NY.GDP.PCAP.CD,MHL,2020,5661.96787336674
gdp_per_capita_current_usd,NY.GDP.PCAP.CD,MHL,2019,5292.33985502306
gdp_per_capita_current_usd,NY.GDP.PCAP.CD,MRT,2022,1961.28166648869
gdp_per_capita_current_usd,NY.GDP.PCAP.CD,MRT,2021,1947.47413907209
gdp_per_capita_current_usd,NY.GDP.PCAP.CD,MRT,2020,1795.72437324423
gdp_per_capita_current_usd,NY.GDP.PCAP.CD,MRT,2019,1767.072710621
gdp_per_capita_current_usd,NY.GDP.PCAP.CD,MUS,2022,10246.5017455553
gdp_per_capita_current_usd,NY.GDP.PCAP.CD,MUS,2021,9177.71195973013
gdp_per_capita_current_usd,NY.GDP.PCAP.CD,MUS,2020,9135.84773751062
gdp_per_capita_current_usd,NY.GDP.PCAP.CD,MUS,2019,11568.2533399824
gdp_per_capita_current_usd,NY.GDP.PCAP.CD,MEX,2022,11405.7940469896
gdp_per_capita_current_usd,NY.GDP.PCAP.CD,MEX,2021,10314.0506733708
gdp_per_capita_current_usd,NY.GDP.PCAP.CD,MEX,2020,8841.27074929751
gdp_per_capita_current_usd,NY.GDP.PCAP.CD,MEX,2019,10369.5553593527
gdp_per_capita_current_usd,NY.GDP.PCAP.CD,FSM,2022,3703.66680343222
gdp_per_capita_current_usd,NY.GDP.PCAP.CD,FSM,2021,3508.22314197664
gdp_per_capita_current_usd,NY.GDP.PCAP.CD,FSM,2020,3362.02802120524
gdp_per_capita_current_usd,NY.GDP.PCAP.CD,FSM,2019,3581.72684572278
gdp_per_capita_current_usd,NY.GDP.PCAP.CD,MDA,2022,5744.29618434435
gdp_per_capita_current_usd,NY.GDP.PCAP.CD,MDA,2021,5274.60582195352
gdp_per_capita_current_usd,NY.GDP.PCAP.CD,MDA,2020,4375.7788930524
gdp_per_capita_current_usd,NY.GDP.PCAP.CD,MDA,2019,4405.33418162155
gdp_per_capita_current_usd,NY.GDP.PCAP.CD,MCO,2022,226052.060664649
gdp_per_capita_current_usd,NY.GDP.PCAP.CD,MCO,2021,223823.327192464
gdp_per_capita_current_usd,NY.GDP.PCAP.CD,MCO,2020,176891.806328966
gdp_per_capita_current_usd,NY.GDP.PCAP.CD,MCO,2019,193746.729890885
gdp_per_capita_current_usd,NY.GDP.PCAP.CD,MNG,2022,4993.51487463495
gdp_per_capita_current_usd,NY.GDP.PCAP.CD,MNG,2021,4517.61578018785
gdp_per_capita_current_usd,NY.GDP.PCAP.CD,MNG,2020,4001.25193077703
gdp_per_capita_current_usd,NY.GDP.PCAP.CD,MNG,2019,4347.54610314873
gdp_per_capita_current_usd,NY.GDP.PCAP.CD,MNE,2022,10038.1849482517
gdp_per_capita_current_usd,NY.GDP.PCAP.CD,MNE,2021,9315.86435643142
gdp_per_capita_current_usd,NY.GDP.PCAP.CD,MNE,2020,7555.48699036321
gdp_per_capita_current_usd,NY.GDP.PCAP.CD,MNE,2019,8749.25629734676
gdp_per_capita_current_usd,NY.GDP.PCAP.CD,MAR,2022,3463.1376953125
gdp_per_capita_current_usd,NY.GDP.PCAP.CD,MAR,2021,3785.93627929688
gdp_per_capita_current_usd,NY.GDP.PCAP.CD,MAR,2020,3268.0302734375
gdp_per_capita_current_usd,NY.GDP.PCAP.CD,MAR,2019,3508.09765625
gdp_per_capita_current_usd,NY.GDP.PCAP.CD,MOZ,2022,578.273222184503
gdp_per_capita_current_usd,NY.GDP.PCAP.CD,MOZ,2021,509.907829475551
gdp_per_capita_current_usd,NY.GDP.PCAP.CD,MOZ,2020,462.433876479921
gdp_per_capita_current_usd,NY.GDP.PCAP.CD,MOZ,2019,519.09255091362
gdp_per_capita_current_usd,NY.GDP.PCAP.CD,MMR,2022,1158.05005034332
gdp_per_capita_current_usd,NY.GDP.PCAP.CD,MMR,2021,1242.72134419599
gdp_per_capita_current_usd,NY.GDP.PCAP.CD,MMR,2020,1490.21683548367
gdp_per_capita_current_usd,NY.GDP.PCAP.CD,MMR,2019,1425.98954211903
gdp_per_capita_current_usd,NY.GDP.PCAP.CD,NAM,2022,4349.79908493314
gdp_per_capita_current_usd,NY.GDP.PCAP.CD,NAM,2021,4412.8355693052
gdp_per_capita_current_usd,NY.GDP.PCAP.CD,NAM,2020,3878.58982993966
gdp_per_capita_current_usd,NY.GDP.PCAP.CD,NAM,2019,4731.9210318831
gdp_per_capita_current_usd,NY.GDP.PCAP.CD,NRU,2022,15309.8345351924
gdp_per_capita_current_usd,NY.GDP.PCAP.CD,NRU,2021,12748.1701249353
gdp_per_capita_current_usd,NY.GDP.PCAP.CD,NRU,2020,10709.068810538
gdp_per_capita_current_usd,NY.GDP.PCAP.CD,NRU,2019,10801.7705659635
gdp_per_capita_current_usd,NY.GDP.PCAP.CD,NPL,2022,1385.91066002922
gdp_per_capita_current_usd,NY.GDP.PCAP.CD,NPL,2021,1252.75076731986
gdp_per_capita_current_usd,NY.GDP.PCAP.CD,NPL,2020,1154.21517578318
gdp_per_capita_current_usd,NY.GDP.PCAP.CD,NPL,2019,1203.14294706401
gdp_per_capita_current_usd,NY.GDP.PCAP.CD,NLD,2022,59123.318556487
gdp_per_capita_current_usd,NY.GDP.PCAP.CD,NLD,2021,60141.9880911492
gdp_per_capita_current_usd,NY.GDP.PCAP.CD,NLD,2020,53467.9277413737
gdp_per_capita_current_usd,NY.GDP.PCAP.CD,NLD,2019,53554.9007491475
gdp_per_capita_current_usd,NY.GDP.PCAP.CD,NCL,2022,33516.363085906
gdp_per_capita_current_usd,NY.GDP.PCAP.CD,NCL,2021,35311.5543551452
gdp_per_capita_current_usd,NY.GDP.PCAP.CD,NCL,2020,33270.330597637
gdp_per_capita_current_usd,NY.GDP.PCAP.CD,NCL,2019,33411.3358835672
gdp_per_capita_current_usd,NY.GDP.PCAP.CD,NZL,2022,49141.6316294227
gdp_per_capita_current_usd,NY.GDP.PCAP.CD,NZL,2021,49902.154346032
gdp_per_capita_current_usd,NY.GDP.PCAP.CD,NZL,2020,42054.6743136586
gdp_per_capita_current_usd,NY.GDP.PCAP.CD,NZL,2019,42872.2681243427
gdp_per_capita_current_usd,NY.GDP.PCAP.CD,NIC,2022,2322.89069619459
gdp_per_capita_current_usd,NY.GDP.PCAP.CD,NIC,2021,2138.38573878237
gdp_per_capita_current_usd,NY.GDP.PCAP.CD,NIC,2020,1938.44704754382
gdp_per_capita_current_usd,NY.GDP.PCAP.CD,NIC,2019,1958.62051528095
gdp_per_capita_current_usd,NY.GDP.PCAP.CD,NER,2022,613.614736429298
gdp_per_capita_current_usd,NY.GDP.PCAP.CD,NER,2021,609.585703670137
gdp_per_capita_current_usd,NY.GDP.PCAP.CD,NER,2020,575.451340306915
gdp_per_capita_current_usd,NY.GDP.PCAP.CD,NER,2019,541.265819870273
gdp_per_capita_current_usd,NY.GDP.PCAP.CD,NGA,2022,2899.16047469267
gdp_per_capita_current_usd,NY.GDP.PCAP.CD,NGA,2021,2787.48779220991
gdp_per_capita_current_usd,NY.GDP.PCAP.CD,NGA,2020,2797.184580679
gdp_per_capita_current_usd,NY.GDP.PCAP.CD,NGA,2019,3189.81286496183
gdp_per_capita_current_usd,NY.GDP.PCAP.CD,MKD,2022,7606.2375253797
gdp_per_capita_current_usd,NY.GDP.PCAP.CD,MKD,2021,7620.80296977508
gdp_per_capita_current_usd,NY.GDP.PCAP.CD,MKD,2020,6659.59651070776
gdp_per_capita_current_usd,NY.GDP.PCAP.CD,MKD,2019,6718.85826635458
gdp_per_capita_current_usd,NY.GDP.PCAP.CD,MNP,2022,23785.754590043
gdp_per_capita_current_usd,NY.GDP.PCAP.CD,MNP,2021,19455.50139424
gdp_per_capita_current_usd,NY.GDP.PCAP.CD,MNP,2020,18220.8382427201
gdp_per_capita_current_usd,NY.GDP.PCAP.CD,MNP,2019,24496.6652122421
gdp_per_capita_current_usd,NY.GDP.PCAP.CD,NOR,2022,113122.130765691
gdp_per_capita_current_usd,NY.GDP.PCAP.CD,NOR,2021,96442.5552173002
gdp_per_capita_current_usd,NY.GDP.PCAP.CD,NOR,2020,71057.5879471399
gdp_per_capita_current_usd,NY.GDP.PCAP.CD,NOR,2019,79329.3075190012
gdp_per_capita_current_usd,NY.GDP.PCAP.CD,OMN,2022,23223.5829405935
gdp_per_capita_current_usd,NY.GDP.PCAP.CD,OMN,2021,19403.4600160211
gdp_per_capita_current_usd,NY.GDP.PCAP.CD,OMN,2020,16784.8630630058
gdp_per_capita_current_usd,NY.GDP.PCAP.CD,OMN,2019,19180.1864152801
gdp_per_capita_current_usd,NY.GDP.PCAP.CD,PAK,2022,1538.3228133171
gdp_per_capita_current_usd,NY.GDP.PCAP.CD,PAK,2021,1455.31922370186
gdp_per_capita_current_usd,NY.GDP.PCAP.CD,PAK,2020,1278.39735206896
gdp_per_capita_current_usd,NY.GDP.PCAP.CD,PAK,2019,1390.41690981745
gdp_per_capita_current_usd,NY.GDP.PCAP.CD,PLW,2022,13934.951996171
gdp_per_capita_current_usd,NY.GDP.PCAP.CD,PLW,2021,13267.4877340719
gdp_per_capita_current_usd,NY.GDP.PCAP.CD,PLW,2020,14556.30954221
gdp_per_capita_current_usd,NY.GDP.PCAP.CD,PLW,2019,15841.8923474548
gdp_per_capita_current_usd,NY.GDP.PCAP.CD,PAN,2022,17378.6070083597
gdp_per_capita_current_usd,NY.GDP.PCAP.CD,PAN,2021,15509.8069109784
gdp_per_capita_current_usd,NY.GDP.PCAP.CD,PAN,2020,13290.5608347594
gdp_per_capita_current_usd,NY.GDP.PCAP.CD,PAN,2019,16477.9066285687
gdp_per_capita_current_usd,NY.GDP.PCAP.CD,PNG,2022,3102.29409730005
gdp_per_capita_current_usd,NY.GDP.PCAP.CD,PNG,2021,2607.97769973161
gdp_per_capita_current_usd,NY.GDP.PCAP.CD,PNG,2020,2429.61134585269
gdp_per_capita_current_usd,NY.GDP.PCAP.CD,PNG,2019,2575.77274140393
gdp_per_capita_current_usd,NY.GDP.PCAP.CD,PRY,2022,6189.10205375331
gdp_per_capita_current_usd,NY.GDP.PCAP.CD,PRY,2021,5974.9057185863
gdp_per_capita_current_usd,NY.GDP.PCAP.CD,PRY,2020,5365.47220721191
gdp_per_capita_current_usd,NY.GDP.PCAP.CD,PRY,2019,5821.18199548637
gdp_per_capita_current_usd,NY.GDP.PCAP.CD,PER,2022,7353.74598721667
gdp_per_capita_current_usd,NY.GDP.PCAP.CD,PER,2021,6828.53422535638
gdp_per_capita_current_usd,NY.GDP.PCAP.CD,PER,2020,6133.32552410183
gdp_per_capita_current_usd,NY.GDP.PCAP.CD,PER,2019,7037.00803692604
gdp_per_capita_current_usd,NY.GDP.PCAP.CD,PHL,2022,3548.06930572116
gdp_per_capita_current_usd,NY.GDP.PCAP.CD,PHL,2021,3484.38593882819
gdp_per_capita_current_usd,NY.GDP.PCAP.CD,PHL,2020,3227.57910235199
gdp_per_capita_current_usd,NY.GDP.PCAP.CD,PHL,2019,3400.78949767074
gdp_per_capita_current_usd,NY.GDP.PCAP.CD,POL,2022,18891.2121169279
gdp_per_capita_current_usd,NY.GDP.PCAP.CD,POL,2021,18635.5104895754
gdp_per_capita_current_usd,NY.GDP.PCAP.CD,POL,2020,16150.9304813473
gdp_per_capita_current_usd,NY.GDP.PCAP.CD,POL,2019,15874.5220531254
gdp_per_capita_current_usd,NY.GDP.PCAP.CD,PRT,2022,24620.5197587181
gdp_per_capita_current_usd,NY.GDP.PCAP.CD,PRT,2021,24711.4510062111
gdp_per_capita_current_usd,NY.GDP.PCAP.CD,PRT,2020,22299.4044062173
gdp_per_capita_current_usd,NY.GDP.PCAP.CD,PRT,2019,23343.3628970034
gdp_per_capita_current_usd,NY.GDP.PCAP.CD,PRI,2022,35353.5613891039
gdp_per_capita_current_usd,NY.GDP.PCAP.CD,PRI,2021,32618.8705106244
gdp_per_capita_current_usd,NY.GDP.PCAP.CD,PRI,2020,31427.1034994916
gdp_per_capita_current_usd,NY.GDP.PCAP.CD,PRI,2019,31830.5284993358
gdp_per_capita_current_usd,NY.GDP.PCAP.CD,QAT,2022,88701.463352273
gdp_per_capita_current_usd,NY.GDP.PCAP.CD,QAT,2021,71751.8831257169
gdp_per_capita_current_usd,NY.GDP.PCAP.CD,QAT,2020,51683.5054376677
gdp_per_capita_current_usd,NY.GDP.PCAP.CD,QAT,2019,66841.3013484919
gdp_per_capita_current_usd,NY.GDP.PCAP.CD,ROU,2022,15503.4691366242
gdp_per_capita_current_usd,NY.GDP.PCAP.CD,ROU,2021,14908.0412813921
gdp_per_capita_current_usd,NY.GDP.PCAP.CD,ROU,2020,13009.1525348396
gdp_per_capita_current_usd,NY.GDP.PCAP.CD,ROU,2019,12909.6104013244
gdp_per_capita_current_usd,NY.GDP.PCAP.CD,RUS,2022,15625.6328125
gdp_per_capita_current_usd,NY.GDP.PCAP.CD,RUS,2021,12425.029296875
gdp_per_capita_current_usd,NY.GDP.PCAP.CD,RUS,2020,10108.3271484375
gdp_per_capita_current_usd,NY.GDP.PCAP.CD,RUS,2019,11447.701171875
gdp_per_capita_current_usd,NY.GDP.PCAP.CD,RWA,2022,1007.05989322914
gdp_per_capita_current_usd,NY.GDP.PCAP.CD,RWA,2021,842.581492947672
gdp_per_capita_current_usd,NY.GDP.PCAP.CD,RWA,2020,802.638686936204
gdp_per_capita_current_usd,NY.GDP.PCAP.CD,RWA,2019,823.355304065304
gdp_per_capita_current_usd,NY.GDP.PCAP.CD,WSM,2022,4132.44717734444
gdp_per_capita_current_usd,NY.GDP.PCAP.CD,WSM,2021,4021.55934894283
gdp_per_capita_current_usd,NY.GDP.PCAP.CD,WSM,2020,4099.59660548583
gdp_per_capita_current_usd,NY.GDP.PCAP.CD,WSM,2019,4351.94234943706
gdp_per_capita_current_usd,NY.GDP.PCAP.CD,SMR,2022,54264.5837022908
gdp_per_capita_current_usd,NY.GDP.PCAP.CD,SMR,2021,54168.9744311193
gdp_per_capita_current_usd,NY.GDP.PCAP.CD,SMR,2020,44426.6259613672
gdp_per_capita_current_usd,NY.GDP.PCAP.CD,SMR,2019,46626.9998571568
gdp_per_capita_current_usd,NY.GDP.PCAP.CD,STP,2022,2389.73729784737
gdp_per_capita_current_usd,NY.GDP.PCAP.CD,STP,2021,2362.58827248102
gdp_per_capita_current_usd,NY.GDP.PCAP.CD,STP,2020,2167.22001796925
gdp_per_capita_current_usd,NY.GDP.PCAP.CD,STP,2019,1935.2931816596
gdp_per_capita_current_usd,NY.GDP.PCAP.CD,SAU,2022,38510.2276211037
gdp_per_capita_current_usd,NY.GDP.PCAP.CD,SAU,2021,31920.7653655643
gdp_per_capita_current_usd,NY.GDP.PCAP.CD,SAU,2020,24338.8307301067
gdp_per_capita_current_usd,NY.GDP.PCAP.CD,SAU,2019,29566.7933827436
gdp_per_capita_current_usd,NY.GDP.PCAP.CD,SEN,2022,1574.0281059306
gdp_per_capita_current_usd,NY.GDP.PCAP.CD,SEN,2021,1598.10676952274
gdp_per_capita_current_usd,NY.GDP.PCAP.CD,SEN,2020,1461.08720350553
gdp_per_capita_current_usd,NY.GDP.PCAP.CD,SEN,2019,1431.18128932159
gdp_per_capita_current_usd,NY.GDP.PCAP.CD,SRB,2022,10024.8191112596
gdp_per_capita_current_usd,NY.GDP.PCAP.CD,SRB,2021,9680.52798074468
gdp_per_capita_current_usd,NY.GDP.PCAP.CD,SRB,2020,8098.70955668849
gdp_per_capita_current_usd,NY.GDP.PCAP.CD,SRB,2019,7755.632986437
gdp_per_capita_current_usd,NY.GDP.PCAP.CD,SYC,2022,16682.6990711785
gdp_per_capita_current_usd,NY.GDP.PCAP.CD,SYC,2021,14982.9111487767
gdp_per_capita_current_usd,NY.GDP.PCAP.CD,SYC,2020,14041.4754074575
gdp_per_capita_current_usd,NY.GDP.PCAP.CD,SYC,2019,19141.5118743615
gdp_per_capita_current_usd,NY.GDP.PCAP.CD,SLE,2022,860.371067874555
gdp_per_capita_current_usd,NY.GDP.PCAP.CD,SLE,2021,885.396401613729
gdp_per_capita_current_usd,NY.GDP.PCAP.CD,SLE,2020,845.277558236182
gdp_per_capita_current_usd,NY.GDP.PCAP.CD,SLE,2019,843.71251730417
gdp_per_capita_current_usd,NY.GDP.PCAP.CD,SGP,2022,91227.6970426492
gdp_per_capita_current_usd,NY.GDP.PCAP.CD,SGP,2021,80884.8565369236
gdp_per_capita_current_usd,NY.GDP.PCAP.CD,SGP,2020,61772.5036492256
gdp_per_capita_current_usd,NY.GDP.PCAP.CD,SGP,2019,66068.7003106378
gdp_per_capita_current_usd,NY.GDP.PCAP.CD,SXM,2022,37793.1283815826
gdp_per_capita_current_usd,NY.GDP.PCAP.CD,SXM,2021,32548.4366854902
gdp_per_capita_current_usd,NY.GDP.PCAP.CD,SXM,2020,30150.8998380477
gdp_per_capita_current_usd,NY.GDP.PCAP.CD,SXM,2019,34861.469528968
gdp_per_capita_current_usd,NY.GDP.PCAP.CD,SVK,2022,21317.7943982363
gdp_per_capita_current_usd,NY.GDP.PCAP.CD,SVK,2021,22123.3342114545
gdp_per_capita_current_usd,NY.GDP.PCAP.CD,SVK,2020,19735.4858280801
gdp_per_capita_current_usd,NY.GDP.PCAP.CD,SVK,2019,19406.0589683582
gdp_per_capita_current_usd,NY.GDP.PCAP.CD,SVN,2022,28360.3041467268
gdp_per_capita_current_usd,NY.GDP.PCAP.CD,SVN,2021,29192.8401933019
gdp_per_capita_current_usd,NY.GDP.PCAP.CD,SVN,2020,25392.0651093612
gdp_per_capita_current_usd,NY.GDP.PCAP.CD,SVN,2019,25814.1687167572
gdp_per_capita_current_usd,NY.GDP.PCAP.CD,SLB,2022,1877.78104490956
gdp_per_capita_current_usd,NY.GDP.PCAP.CD,SLB,2021,2043.44413170658
gdp_per_capita_current_usd,NY.GDP.PCAP.CD,SLB,2020,2063.32780991967
gdp_per_capita_current_usd,NY.GDP.PCAP.CD,SLB,2019,2223.65890942466
gdp_per_capita_current_usd,NY.GDP.PCAP.CD,SOM,2022,573.141165798229
gdp_per_capita_current_usd,NY.GDP.PCAP.CD,SOM,2021,549.056994756254
gdp_per_capita_current_usd,NY.GDP.PCAP.CD,SOM,2020,518.16113333875
gdp_per_capita_current_usd,NY.GDP.PCAP.CD,SOM,2019,539.954816211694
gdp_per_capita_current_usd,NY.GDP.PCAP.CD,ZAF,2022,6534.24867783397
gdp_per_capita_current_usd,NY.GDP.PCAP.CD,ZAF,2021,6828.75624590017
gdp_per_capita_current_usd,NY.GDP.PCAP.CD,ZAF,2020,5580.60383075189
gdp_per_capita_current_usd,NY.GDP.PCAP.CD,ZAF,2019,6533.71121032856
gdp_per_capita_current_usd,NY.GDP.PCAP.CD,ESP,2022,30319.4987196616
gdp_per_capita_current_usd,NY.GDP.PCAP.CD,ESP,2021,30799.4775937775
gdp_per_capita_current_usd,NY.GDP.PCAP.CD,ESP,2020,27233.9426461608
gdp_per_capita_current_usd,NY.GDP.PCAP.CD,ESP,2019,29786.5245689007
gdp_per_capita_current_usd,NY.GDP.PCAP.CD,LKA,2022,3342.63650438046
gdp_per_capita_current_usd,NY.GDP.PCAP.CD,LKA,2021,3996.96240531688
gdp_per_capita_current_usd,NY.GDP.PCAP.CD,LKA,2020,3847.60136741182
gdp_per_capita_current_usd,NY.GDP.PCAP.CD,LKA,2019,4081.94772178134
gdp_per_capita_current_usd,NY.GDP.PCAP.CD,KNA,2022,21011.5744209816
gdp_per_capita_current_usd,NY.GDP.PCAP.CD,KNA,2021,18361.1449697886
gdp_per_capita_current_usd,NY.GDP.PCAP.CD,KNA,2020,18859.0190361046
gdp_per_capita_current_usd,NY.GDP.PCAP.CD,KNA,2019,23595.4923231291
gdp_per_capita_current_usd,NY.GDP.PCAP.CD,LCA,2022,12976.1489693474
gdp_per_capita_current_usd,NY.GDP.PCAP.CD,LCA,2021,10481.1233971786
gdp_per_capita_current_usd,NY.GDP.PCAP.CD,LCA,2020,8537.11495506727
gdp_per_capita_current_usd,NY.GDP.PCAP.CD,LCA,2019,11764.3944032403
gdp_per_capita_current_usd,NY.GDP.PCAP.CD,MAF,2021,21668.3776525323
gdp_per_capita_current_usd,NY.GDP.PCAP.CD,MAF,2019,19033.0649634889
gdp_per_capita_current_usd,NY.GDP.PCAP.CD,VCT,2022,9693.55867833025
gdp_per_capita_current_usd,NY.GDP.PCAP.CD,VCT,2021,8641.27904024443
gdp_per_capita_current_usd,NY.GDP.PCAP.CD,VCT,2020,8351.20324040982
gdp_per_capita_current_usd,NY.GDP.PCAP.CD,VCT,2019,8740.59425232061
gdp_per_capita_current_usd,NY.GDP.PCAP.CD,SDN,2022,1046.24084472656
gdp_per_capita_current_usd,NY.GDP.PCAP.CD,SDN,2021,712.122009277344
gdp_per_capita_current_usd,NY.GDP.PCAP.CD,SDN,2020,577.795227050781
gdp_per_capita_current_usd,NY.GDP.PCAP.CD,SDN,2019,709.975280761719
gdp_per_capita_current_usd,NY.GDP.PCAP.CD,SUR,2022,6084.43876736445
gdp_per_capita_current_usd,NY.GDP.PCAP.CD,SUR,2021,5029.84838543953
gdp_per_capita_current_usd,NY.GDP.PCAP.CD,SUR,2020,4755.39221710693
gdp_per_capita_current_usd,NY.GDP.PCAP.CD,SUR,2019,6629.66775248603
gdp_per_capita_current_usd,NY.GDP.PCAP.CD,SWE,2022,54836.8907235124
gdp_per_capita_current_usd,NY.GDP.PCAP.CD,SWE,2021,60647.5416365347
gdp_per_capita_current_usd,NY.GDP.PCAP.CD,SWE,2020,52568.5726980146
gdp_per_capita_current_usd,NY.GDP.PCAP.CD,SWE,2019,51648.9892820514
gdp_per_capita_current_usd,NY.GDP.PCAP.CD,CHE,2022,97809.095567203
gdp_per_capita_current_usd,NY.GDP.PCAP.CD,CHE,2021,96582.8687080693
gdp_per_capita_current_usd,NY.GDP.PCAP.CD,CHE,2020,87529.7016394892
gdp_per_capita_current_usd,NY.GDP.PCAP.CD,CHE,2019,85872.9702303454
gdp_per_capita_current_usd,NY.GDP.PCAP.CD,SYR,2022,1056.78264718197
gdp_per_capita_current_usd,NY.GDP.PCAP.CD,SYR,2021,688.566109726934
gdp_per_capita_current_usd,NY.GDP.PCAP.CD,SYR,2020,593.911771822527
gdp_per_capita_current_usd,NY.GDP.PCAP.CD,SYR,2019,1109.53933821464
gdp_per_capita_current_usd,NY.GDP.PCAP.CD,TJK,2022,1052.17949484894
gdp_per_capita_current_usd,NY.GDP.PCAP.CD,TJK,2021,896.748053372182
gdp_per_capita_current_usd,NY.GDP.PCAP.CD,TJK,2020,834.311715460625
gdp_per_capita_current_usd,NY.GDP.PCAP.CD,TJK,2019,871.022372934846
gdp_per_capita_current_usd,NY.GDP.PCAP.CD,TZA,2022,1207.52062988281
gdp_per_capita_current_usd,NY.GDP.PCAP.CD,TZA,2021,1159.85656738281
gdp_per_capita_current_usd,NY.GDP.PCAP.CD,TZA,2020,1117.41528320313
gdp_per_capita_current_usd,NY.GDP.PCAP.CD,TZA,2019,1063.32250976563
gdp_per_capita_current_usd,NY.GDP.PCAP.CD,THA,2022,6910.00995211206
gdp_per_capita_current_usd,NY.GDP.PCAP.CD,THA,2021,7055.18760721422
gdp_per_capita_current_usd,NY.GDP.PCAP.CD,THA,2020,6983.03412836245
gdp_per_capita_current_usd,NY.GDP.PCAP.CD,THA,2019,7605.69657797759
gdp_per_capita_current_usd,NY.GDP.PCAP.CD,TLS,2022,2343.24955542816
gdp_per_capita_current_usd,NY.GDP.PCAP.CD,TLS,2021,2684.92673717299
gdp_per_capita_current_usd,NY.GDP.PCAP.CD,TLS,2020,1630.86935439232
gdp_per_capita_current_usd,NY.GDP.PCAP.CD,TLS,2019,1562.36458881813
gdp_per_capita_current_usd,NY.GDP.PCAP.CD,TGO,2022,1071.61539220759
gdp_per_capita_current_usd,NY.GDP.PCAP.CD,TGO,2021,1076.29520076949
gdp_per_capita_current_usd,NY.GDP.PCAP.CD,TGO,2020,961.219781201934
gdp_per_capita_current_usd,NY.GDP.PCAP.CD,TGO,2019,917.718016777619
gdp_per_capita_current_usd,NY.GDP.PCAP.CD,TON,2022,5298.01942454298
gdp_per_capita_current_usd,NY.GDP.PCAP.CD,TON,2021,4922.8015864044
gdp_per_capita_current_usd,NY.GDP.PCAP.CD,TON,2020,4792.35872413906
gdp_per_capita_current_usd,NY.GDP.PCAP.CD,TON,2019,4788.83350468584
gdp_per_capita_current_usd,NY.GDP.PCAP.CD,TTO,2022,20750.5202434652
gdp_per_capita_current_usd,NY.GDP.PCAP.CD,TTO,2021,17712.5674104655
gdp_per_capita_current_usd,NY.GDP.PCAP.CD,TTO,2020,15283.6270531554
gdp_per_capita_current_usd,NY.GDP.PCAP.CD,TTO,2019,17212.6128892163
gdp_per_capita_current_usd,NY.GDP.PCAP.CD,TUN,2022,3707.29283414381
gdp_per_capita_current_usd,NY.GDP.PCAP.CD,TUN,2021,3906.93926319391
gdp_per_capita_current_usd,NY.GDP.PCAP.CD,TUN,2020,3548.65363663803
gdp_per_capita_current_usd,NY.GDP.PCAP.CD,TUN,2019,3528.87213306798
gdp_per_capita_current_usd,NY.GDP.PCAP.CD,TUR,2022,10897.8397861365
gdp_per_capita_current_usd,NY.GDP.PCAP.CD,TUR,2021,9981.76398411336
gdp_per_capita_current_usd,NY.GDP.PCAP.CD,TUR,2020,8798.11791709313
gdp_per_capita_current_usd,NY.GDP.PCAP.CD,TUR,2019,9395.23378001368
gdp_per_capita_current_usd,NY.GDP.PCAP.CD,TKM,2022,5198.18947409551
gdp_per_capita_current_usd,NY.GDP.PCAP.CD,TKM,2021,3713.20113171765
gdp_per_capita_current_usd,NY.GDP.PCAP.CD,TKM,2020,3935.37749365223
gdp_per_capita_current_usd,NY.GDP.PCAP.CD,TKM,2019,4365.1152919542
gdp_per_capita_current_usd,NY.GDP.PCAP.CD,TCA,2022,31280.5418020808
gdp_per_capita_current_usd,NY.GDP.PCAP.CD,TCA,2021,27329.2885087196
gdp_per_capita_current_usd,NY.GDP.PCAP.CD,TCA,2020,20690.9160546118
gdp_per_capita_current_usd,NY.GDP.PCAP.CD,TCA,2019,31780.5217068989
gdp_per_capita_current_usd,NY.GDP.PCAP.CD,TUV,2022,5414.74642912412
gdp_per_capita_current_usd,NY.GDP.PCAP.CD,TUV,2021,6042.51983141155
gdp_per_capita_current_usd,NY.GDP.PCAP.CD,TUV,2020,5029.57159284173
gdp_per_capita_current_usd,NY.GDP.PCAP.CD,TUV,2019,5058.85266607659
gdp_per_capita_current_usd,NY.GDP.PCAP.CD,UGA,2022,963.067314117178
gdp_per_capita_current_usd,NY.GDP.PCAP.CD,UGA,2021,882.791717542504
gdp_per_capita_current_usd,NY.GDP.PCAP.CD,UGA,2020,845.766463890124
gdp_per_capita_current_usd,NY.GDP.PCAP.CD,UGA,2019,822.171150036357
gdp_per_capita_current_usd,NY.GDP.PCAP.CD,UKR,2022,4199.6708984375
gdp_per_capita_current_usd,NY.GDP.PCAP.CD,UKR,2021,4775.94580078125
gdp_per_capita_current_usd,NY.GDP.PCAP.CD,UKR,2020,3709.76928710938
gdp_per_capita_current_usd,NY.GDP.PCAP.CD,UKR,2019,3619.86157226563
gdp_per_capita_current_usd,NY.GDP.PCAP.CD,ARE,2022,50759.7590190204
gdp_per_capita_current_usd,NY.GDP.PCAP.CD,ARE,2021,44118.4936214315
gdp_per_capita_current_usd,NY.GDP.PCAP.CD,ARE,2020,37991.738387966
gdp_per_capita_current_usd,NY.GDP.PCAP.CD,ARE,2019,45938.6084572227
gdp_per_capita_current_usd,NY.GDP.PCAP.CD,GBR,2022,47034.7795621476
gdp_per_capita_current_usd,NY.GDP.PCAP.CD,GBR,2021,47695.6491523474
gdp_per_capita_current_usd,NY.GDP.PCAP.CD,GBR,2020,40815.1255364787
gdp_per_capita_current_usd,NY.GDP.PCAP.CD,GBR,2019,43160.6843971799
gdp_per_capita_current_usd,NY.GDP.PCAP.CD,USA,2022,78008.6895811877
gdp_per_capita_current_usd,NY.GDP.PCAP.CD,USA,2021,71441.2319805947
gdp_per_capita_current_usd,NY.GDP.PCAP.CD,USA,2020,64465.2971415748
gdp_per_capita_current_usd,NY.GDP.PCAP.CD,USA,2019,65227.9565911038
gdp_per_capita_current_usd,NY.GDP.PCAP.CD,URY,2022,21009.2883798725
gdp_per_capita_current_usd,NY.GDP.PCAP.CD,URY,2021,17881.8119616753
gdp_per_capita_current_usd,NY.GDP.PCAP.CD,URY,2020,15757.5341990356
gdp_per_capita_current_usd,NY.GDP.PCAP.CD,URY,2019,18315.7350377437
gdp_per_capita_current_usd,NY.GDP.PCAP.CD,UZB,2022,2698.60262953369
gdp_per_capita_current_usd,NY.GDP.PCAP.CD,UZB,2021,2370.36480555669
gdp_per_capita_current_usd,NY.GDP.PCAP.CD,UZB,2020,2087.96374711792
gdp_per_capita_current_usd,NY.GDP.PCAP.CD,UZB,2019,2128.66067138334
gdp_per_capita_current_usd,NY.GDP.PCAP.CD,VUT,2022,3679.53524327491
gdp_per_capita_current_usd,NY.GDP.PCAP.CD,VUT,2021,3576.13770954363
gdp_per_capita_current_usd,NY.GDP.PCAP.CD,VUT,2020,3404.30359167624
gdp_per_capita_current_usd,NY.GDP.PCAP.CD,VUT,2019,3635.62344878185
gdp_per_capita_current_usd,NY.GDP.PCAP.CD,VEN,2022,3155.04190923584
gdp_per_capita_current_usd,NY.GDP.PCAP.CD,VEN,2021,2004.93572921136
gdp_per_capita_current_usd,NY.GDP.PCAP.CD,VEN,2020,1506.04169391285
gdp_per_capita_current_usd,NY.GDP.PCAP.CD,VEN,2019,2523.11527549578
gdp_per_capita_current_usd,NY.GDP.PCAP.CD,VNM,2022,4147.69777213621
gdp_per_capita_current_usd,NY.GDP.PCAP.CD,VNM,2021,3704.1935590038
gdp_per_capita_current_usd,NY.GDP.PCAP.CD,VNM,2020,3534.03953482647
gdp_per_capita_current_usd,NY.GDP.PCAP.CD,VNM,2019,3440.90025375434
gdp_per_capita_current_usd,NY.GDP.PCAP.CD,VIR,2022,44320.909185774
gdp_per_capita_current_usd,NY.GDP.PCAP.CD,VIR,2021,42571.0777368471
gdp_per_capita_current_usd,NY.GDP.PCAP.CD,VIR,2020,39787.3741650202
gdp_per_capita_current_usd,NY.GDP.PCAP.CD,VIR,2019,38633.5298915336
gdp_per_capita_current_usd,NY.GDP.PCAP.CD,PSE,2022,3799.95527015163
gdp_per_capita_current_usd,NY.GDP.PCAP.CD,PSE,2021,3678.63565662194
gdp_per_capita_current_usd,NY.GDP.PCAP.CD,PSE,2020,3233.56863835858
gdp_per_capita_current_usd,NY.GDP.PCAP.CD,PSE,2019,3656.85827137011
gdp_per_capita_current_usd,NY.GDP.PCAP.CD,ZMB,2022,1447.12310138035
gdp_per_capita_current_usd,NY.GDP.PCAP.CD,ZMB,2021,1127.16077872857
gdp_per_capita_current_usd,NY.GDP.PCAP.CD,ZMB,2020,951.644316655957
gdp_per_capita_current_usd,NY.GDP.PCAP.CD,ZMB,2019,1258.98619844462
gdp_per_capita_current_usd,NY.GDP.PCAP.CD,ZWE,2022,2536.40197087505
gdp_per_capita_current_usd,NY.GDP.PCAP.CD,ZWE,2021,2613.6167414057
gdp_per_capita_current_usd,NY.GDP.PCAP.CD,ZWE,2020,2059.63704025274
gdp_per_capita_current_usd,NY.GDP.PCAP.CD,ZWE,2019,2184.52155388801
population_total,SP.POP.TOTL,AFE,2022,731821393.0
population_total,SP.POP.TOTL,AFE,2021,713090928.0
population_total,SP.POP.TOTL,AFE,2020,694446100.0
population_total,SP.POP.TOTL,AFE,2019,675950189.0
population_total,SP.POP.TOTL,AFW,2022,496366058.0
population_total,SP.POP.TOTL,AFW,2021,484978794.0
population_total,SP.POP.TOTL,AFW,2020,473687685.0
population_total,SP.POP.TOTL,AFW,2019,462522286.0
population_total,SP.POP.TOTL,ARB,2022,471352066.0
population_total,SP.POP.TOTL,ARB,2021,460646603.0
population_total,SP.POP.TOTL,ARB,2020,453723239.0
population_total,SP.POP.TOTL,ARB,2019,444281315.0
population_total,SP.POP.TOTL,CSS,2022,4497310.0
population_total,SP.POP.TOTL,CSS,2021,4479167.0
population_total,SP.POP.TOTL,CSS,2020,4459302.0
population_total,SP.POP.TOTL,CSS,2019,4443134.0
population_total,SP.POP.TOTL,CEB,2022,100071871.0
population_total,SP.POP.TOTL,CEB,2021,100205732.0
population_total,SP.POP.TOTL,CEB,2020,101215763.0
population_total,SP.POP.TOTL,CEB,2019,101864274.0
population_total,SP.POP.TOTL,EAR,2022,3470644834.0
population_total,SP.POP.TOTL,EAR,2021,3432026092.0
population_total,SP.POP.TOTL,EAR,2020,3396051187.0
population_total,SP.POP.TOTL,EAR,2019,3355014793.0
population_total,SP.POP.TOTL,EAS,2022,2379617118.0
population_total,SP.POP.TOTL,EAS,2021,2375117716.0
population_total,SP.POP.TOTL,EAS,2020,2369420882.0
population_total,SP.POP.TOTL,EAS,2019,2359762190.0
population_total,SP.POP.TOTL,EAP,2022,2133560408.0
population_total,SP.POP.TOTL,EAP,2021,2128553744.0
population_total,SP.POP.TOTL,EAP,2020,2121866294.0
population_total,SP.POP.TOTL,EAP,2019,2112289891.0
population_total,SP.POP.TOTL,TEA,2022,2107261123.0
population_total,SP.POP.TOTL,TEA,2021,2102350702.0
population_total,SP.POP.TOTL,TEA,2020,2095759417.0
population_total,SP.POP.TOTL,TEA,2019,2086281644.0
population_total,SP.POP.TOTL,EMU,2022,354666175.0
population_total,SP.POP.TOTL,EMU,2021,353715415.0
population_total,SP.POP.TOTL,EMU,2020,353536838.0
population_total,SP.POP.TOTL,EMU,2019,353113327.0
population_total,SP.POP.TOTL,ECS,2022,924267385.0
population_total,SP.POP.TOTL,ECS,2021,924375980.0
population_total,SP.POP.TOTL,ECS,2020,923660463.0
population_total,SP.POP.TOTL,ECS,2019,921929161.0
population_total,SP.POP.TOTL,ECA,2022,250514347.0
population_total,SP.POP.TOTL,ECA,2021,251867727.0
population_total,SP.POP.TOTL,ECA,2020,250351240.0
population_total,SP.POP.TOTL,ECA,2019,248576676.0
population_total,SP.POP.TOTL,TEC,2022,460942269.0
population_total,SP.POP.TOTL,TEC,2021,463104389.0
population_total,SP.POP.TOTL,TEC,2020,462842288.0
population_total,SP.POP.TOTL,TEC,2019,461933206.0
population_total,SP.POP.TOTL,EUU,2022,447203596.0
population_total,SP.POP.TOTL,EUU,2021,446228281.0
population_total,SP.POP.TOTL,EUU,2020,446870959.0
population_total,SP.POP.TOTL,EUU,2019,446910453.0
population_total,SP.POP.TOTL,HPC,2022,892885172.0
population_total,SP.POP.TOTL,HPC,2021,869987833.0
population_total,SP.POP.TOTL,HPC,2020,846861642.0
population_total,SP.POP.TOTL,HPC,2019,823805910.0
population_total,SP.POP.TOTL,IBD,2022,4928196300.0
population_total,SP.POP.TOTL,IBD,2021,4905212516.0
population_total,SP.POP.TOTL,IBD,2020,4878296727.0
population_total,SP.POP.TOTL,IBD,2019,4845075024.0
population_total,SP.POP.TOTL,IBT,2022,6793703268.0
population_total,SP.POP.TOTL,IBT,2021,6731708832.0
population_total,SP.POP.TOTL,IBT,2020,6665588686.0
population_total,SP.POP.TOTL,IBT,2019,6593373309.0
population_total,SP.POP.TOTL,IDB,2022,651895919.0
population_total,SP.POP.TOTL,IDB,2021,639196319.0
population_total,SP.POP.TOTL,IDB,2020,626440308.0
population_total,SP.POP.TOTL,IDB,2019,614017319.0
population_total,SP.POP.TOTL,IDX,2022,1213611049.0
population_total,SP.POP.TOTL,IDX,2021,1187299997.0
population_total,SP.POP.TOTL,IDX,2020,1160851651.0
population_total,SP.POP.TOTL,IDX,2019,1134280966.0
population_total,SP.POP.TOTL,IDA,2022,1865506968.0
population_total,SP.POP.TOTL,IDA,2021,1826496316.0
population_total,SP.POP.TOTL,IDA,2020,1787291959.0
population_total,SP.POP.TOTL,IDA,2019,1748298285.0
population_total,SP.POP.TOTL,LTE,2022,2323799602.0
population_total,SP.POP.TOTL,LTE,2021,2320127658.0
population_total,SP.POP.TOTL,LTE,2020,2316152452.0
population_total,SP.POP.TOTL,LTE,2019,2308878047.0
population_total,SP.POP.TOTL,LCN,2022,653108131.0
population_total,SP.POP.TOTL,LCN,2021,649236092.0
population_total,SP.POP.TOTL,LCN,2020,645498187.0
population_total,SP.POP.TOTL,LCN,2019,640962372.0
population_total,SP.POP.TOTL,LAC,2022,613861839.0
population_total,SP.POP.TOTL,LAC,2021,610122057.0
population_total,SP.POP.TOTL,LAC,2020,606535582.0
population_total,SP.POP.TOTL,LAC,2019,602249777.0
population_total,SP.POP.TOTL,TLA,2022,637837815.0
population_total,SP.POP.TOTL,TLA,2021,633862610.0
population_total,SP.POP.TOTL,TLA,2020,630051021.0
population_total,SP.POP.TOTL,TLA,2019,625467307.0
population_total,SP.POP.TOTL,LDC,2022,1133564482.0
population_total,SP.POP.TOTL,LDC,2021,1108233065.0
population_total,SP.POP.TOTL,LDC,2020,1082754466.0
population_total,SP.POP.TOTL,LDC,2019,1057170371.0
population_total,SP.POP.TOTL,LMY,2022,6590522389.0
population_total,SP.POP.TOTL,LMY,2021,6527758150.0
population_total,SP.POP.TOTL,LMY,2020,6460393883.0
population_total,SP.POP.TOTL,LMY,2019,6387395177.0
population_total,SP.POP.TOTL,MEA,2022,782349366.0
population_total,SP.POP.TOTL,MEA,2021,767578451.0
population_total,SP.POP.TOTL,MEA,2020,756405281.0
population_total,SP.POP.TOTL,MEA,2019,742714463.0
population_total,SP.POP.TOTL,MNA,2022,716508657.0
population_total,SP.POP.TOTL,MNA,2021,704458802.0
population_total,SP.POP.TOTL,MNA,2020,692532027.0
population_total,SP.POP.TOTL,MNA,2019,680490997.0
population_total,SP.POP.TOTL,TMN,2022,711465045.0
population_total,SP.POP.TOTL,TMN,2021,699536053.0
population_total,SP.POP.TOTL,TMN,2020,687728758.0
population_total,SP.POP.TOTL,TMN,2019,675805691.0
population_total,SP.POP.TOTL,MIC,2022,5882746344.0
population_total,SP.POP.TOTL,MIC,2021,5838421323.0
population_total,SP.POP.TOTL,MIC,2020,5789502859.0
population_total,SP.POP.TOTL,MIC,2019,5735139879.0
population_total,SP.POP.TOTL,NAC,2022,373011185.0
population_total,SP.POP.TOTL,NAC,2021,370404678.0
population_total,SP.POP.TOTL,NAC,2020,369671124.0
population_total,SP.POP.TOTL,NAC,2019,367908829.0
population_total,SP.POP.TOTL,OED,2022,1378591781.0
population_total,SP.POP.TOTL,OED,2021,1371780402.0
population_total,SP.POP.TOTL,OED,2020,1369306579.0
population_total,SP.POP.TOTL,OED,2019,1364143219.0
population_total,SP.POP.TOTL,OSS,2022,12699005.0
population_total,SP.POP.TOTL,OSS,2021,12541889.0
population_total,SP.POP.TOTL,OSS,2020,12417333.0
population_total,SP.POP.TOTL,OSS,2019,12281907.0
population_total,SP.POP.TOTL,PSS,2022,2656049.0
population_total,SP.POP.TOTL,PSS,2021,2625493.0
population_total,SP.POP.TOTL,PSS,2020,2595522.0
population_total,SP.POP.TOTL,PSS,2019,2568656.0
population_total,SP.POP.TOTL,PST,2022,1117420833.0
population_total,SP.POP.TOTL,PST,2021,1116578102.0
population_total,SP.POP.TOTL,PST,2020,1117003860.0
population_total,SP.POP.TOTL,PST,2019,1114895817.0
population_total,SP.POP.TOTL,PRE,2022,1050180429.0
population_total,SP.POP.TOTL,PRE,2021,1024018110.0
population_total,SP.POP.TOTL,PRE,2020,997742595.0
population_total,SP.POP.TOTL,PRE,2019,971459360.0
population_total,SP.POP.TOTL,SST,2022,19852364.0
population_total,SP.POP.TOTL,SST,2021,19646549.0
population_total,SP.POP.TOTL,SST,2020,19472157.0
population_total,SP.POP.TOTL,SST,2019,19293697.0
population_total,SP.POP.TOTL,SAS,2022,1648009565.0
population_total,SP.POP.TOTL,SAS,2021,1634785356.0
population_total,SP.POP.TOTL,SAS,2020,1621073417.0
population_total,SP.POP.TOTL,SAS,2019,1605412986.0
population_total,SP.POP.TOTL,TSA,2022,1648009565.0
population_total,SP.POP.TOTL,TSA,2021,1634785356.0
population_total,SP.POP.TOTL,TSA,2020,1621073417.0
population_total,SP.POP.TOTL,TSA,2019,1605412986.0
population_total,SP.POP.TOTL,SSF,2022,1228187451.0
population_total,SP.POP.TOTL,SSF,2021,1198069722.0
population_total,SP.POP.TOTL,SSF,2020,1168133785.0
population_total,SP.POP.TOTL,SSF,2019,1138472475.0
population_total,SP.POP.TOTL,SSA,2022,1228067573.0
population_total,SP.POP.TOTL,SSA,2021,1197970464.0
population_total,SP.POP.TOTL,SSA,2020,1168035323.0
population_total,SP.POP.TOTL,SSA,2019,1138374850.0
population_total,SP.POP.TOTL,TSS,2022,1228187451.0
population_total,SP.POP.TOTL,TSS,2021,1198069722.0
population_total,SP.POP.TOTL,TSS,2020,1168133785.0
population_total,SP.POP.TOTL,TSS,2019,1138472475.0
population_total,SP.POP.TOTL,WLD,2022,7988550201.0
population_total,SP.POP.TOTL,WLD,2021,7919567995.0
population_total,SP.POP.TOTL,WLD,2020,7853863139.0
population_total,SP.POP.TOTL,WLD,2019,7777162476.0
population_total,SP.POP.TOTL,AFG,2022,40578842.0
population_total,SP.POP.TOTL,AFG,2021,40000412.0
population_total,SP.POP.TOTL,AFG,2020,39068979.0
population_total,SP.POP.TOTL,AFG,2019,37856121.0
population_total,SP.POP.TOTL,ALB,2022,2451636.0
population_total,SP.POP.TOTL,ALB,2021,2489762.0
population_total,SP.POP.TOTL,ALB,2020,2528480.0
population_total,SP.POP.TOTL,ALB,2019,2567801.0
population_total,SP.POP.TOTL,DZA,2022,45477389.0
population_total,SP.POP.TOTL,DZA,2021,44761099.0
population_total,SP.POP.TOTL,DZA,2020,44042091.0
population_total,SP.POP.TOTL,DZA,2019,43294546.0
population_total,SP.POP.TOTL,ASM,2022,48342.0
population_total,SP.POP.TOTL,ASM,2021,49225.0
population_total,SP.POP.TOTL,ASM,2020,49761.0
population_total,SP.POP.TOTL,ASM,2019,50209.0
population_total,SP.POP.TOTL,AND,2022,79705.0
population_total,SP.POP.TOTL,AND,2021,78364.0
population_total,SP.POP.TOTL,AND,2020,77380.0
population_total,SP.POP.TOTL,AND,2019,76474.0
population_total,SP.POP.TOTL,AGO,2022,35635029.0
population_total,SP.POP.TOTL,AGO,2021,34532429.0
population_total,SP.POP.TOTL,AGO,2020,33451132.0
population_total,SP.POP.TOTL,AGO,2019,32375632.0
population_total,SP.POP.TOTL,ATG,2022,92840.0
population_total,SP.POP.TOTL,ATG,2021,92349.0
population_total,SP.POP.TOTL,ATG,2020,91846.0
population_total,SP.POP.TOTL,ATG,2019,91364.0
population_total,SP.POP.TOTL,ARG,2022,45407904.0
population_total,SP.POP.TOTL,ARG,2021,45312281.0
population_total,SP.POP.TOTL,ARG,2020,45191965.0
population_total,SP.POP.TOTL,ARG,2019,44973465.0
population_total,SP.POP.TOTL,ARM,2022,2969200.0
population_total,SP.POP.TOTL,ARM,2021,2962300.0
population_total,SP.POP.TOTL,ARM,2020,2961500.0
population_total,SP.POP.TOTL,ARM,2019,2962500.0
population_total,SP.POP.TOTL,ABW,2022,107310.0
population_total,SP.POP.TOTL,ABW,2021,107700.0
population_total,SP.POP.TOTL,ABW,2020,108587.0
population_total,SP.POP.TOTL,ABW,2019,109203.0
population_total,SP.POP.TOTL,AUS,2022,26018721.0
population_total,SP.POP.TOTL,AUS,2021,25685412.0
population_total,SP.POP.TOTL,AUS,2020,25649248.0
population_total,SP.POP.TOTL,AUS,2019,25334826.0
population_total,SP.POP.TOTL,AUT,2022,9041851.0
population_total,SP.POP.TOTL,AUT,2021,8955797.0
population_total,SP.POP.TOTL,AUT,2020,8916864.0
population_total,SP.POP.TOTL,AUT,2019,8879920.0
population_total,SP.POP.TOTL,AZE,2022,10141756.0
population_total,SP.POP.TOTL,AZE,2021,10137750.0
population_total,SP.POP.TOTL,AZE,2020,10093121.0
population_total,SP.POP.TOTL,AZE,2019,10024283.0
population_total,SP.POP.TOTL,BHS,2022,397538.0
population_total,SP.POP.TOTL,BHS,2021,396373.0
population_total,SP.POP.TOTL,BHS,2020,395863.0
population_total,SP.POP.TOTL,BHS,2019,394675.0
population_total,SP.POP.TOTL,BHR,2022,1524693.0
population_total,SP.POP.TOTL,BHR,2021,1504365.0
population_total,SP.POP.TOTL,BHR,2020,1472204.0
population_total,SP.POP.TOTL,BHR,2019,1483756.0
population_total,SP.POP.TOTL,BGD,2022,169384897.0
population_total,SP.POP.TOTL,BGD,2021,167658854.0
population_total,SP.POP.TOTL,BGD,2020,166298024.0
population_total,SP.POP.TOTL,BGD,2019,164913055.0
population_total,SP.POP.TOTL,BRB,2022,282318.0
population_total,SP.POP.TOTL,BRB,2021,282147.0
population_total,SP.POP.TOTL,BRB,2020,281698.0
population_total,SP.POP.TOTL,BRB,2019,281207.0
population_total,SP.POP.TOTL,BLR,2022,9228071.0
population_total,SP.POP.TOTL,BLR,2021,9302585.0
population_total,SP.POP.TOTL,BLR,2020,9379952.0
population_total,SP.POP.TOTL,BLR,2019,9419758.0
population_total,SP.POP.TOTL,BEL,2022,11680210.0
population_total,SP.POP.TOTL,BEL,2021,11586195.0
population_total,SP.POP.TOTL,BEL,2020,11538604.0
population_total,SP.POP.TOTL,BEL,2019,11488980.0
population_total,SP.POP.TOTL,BLZ,2022,402733.0
population_total,SP.POP.TOTL,BLZ,2021,395346.0
population_total,SP.POP.TOTL,BLZ,2020,390812.0
population_total,SP.POP.TOTL,BLZ,2019,385829.0
population_total,SP.POP.TOTL,BEN,2022,13759501.0
population_total,SP.POP.TOTL,BEN,2021,13413417.0
population_total,SP.POP.TOTL,BEN,2020,13070169.0
population_total,SP.POP.TOTL,BEN,2019,12726755.0
population_total,SP.POP.TOTL,BMU,2022,64749.0
population_total,SP.POP.TOTL,BMU,2021,64648.0
population_total,SP.POP.TOTL,BMU,2020,64382.0
population_total,SP.POP.TOTL,BMU,2019,64107.0
population_total,SP.POP.TOTL,BTN,2022,780914.0
population_total,SP.POP.TOTL,BTN,2021,775442.0
population_total,SP.POP.TOTL,BTN,2020,770006.0
population_total,SP.POP.TOTL,BTN,2019,764824.0
population_total,SP.POP.TOTL,BOL,2022,12077154.0
population_total,SP.POP.TOTL,BOL,2021,11937360.0
population_total,SP.POP.TOTL,BOL,2020,11816299.0
population_total,SP.POP.TOTL,BOL,2019,11671386.0
population_total,SP.POP.TOTL,BIH,2022,3204802.0
population_total,SP.POP.TOTL,BIH,2021,3244907.0
population_total,SP.POP.TOTL,BIH,2020,3299349.0
population_total,SP.POP.TOTL,BIH,2019,3345533.0
population_total,SP.POP.TOTL,BWA,2022,2439892.0
population_total,SP.POP.TOTL,BWA,2021,2401441.0
population_total,SP.POP.TOTL,BWA,2020,2365894.0
population_total,SP.POP.TOTL,BWA,2019,2332083.0
population_total,SP.POP.TOTL,BRA,2022,210306415.0
population_total,SP.POP.TOTL,BRA,2021,209550294.0
population_total,SP.POP.TOTL,BRA,2020,208660842.0
population_total,SP.POP.TOTL,BRA,2019,207455459.0
population_total,SP.POP.TOTL,VGB,2022,38319.0
population_total,SP.POP.TOTL,VGB,2021,37809.0
population_total,SP.POP.TOTL,VGB,2020,37135.0
population_total,SP.POP.TOTL,VGB,2019,36395.0
population_total,SP.POP.TOTL,BRN,2022,455370.0
population_total,SP.POP.TOTL,BRN,2021,451721.0
population_total,SP.POP.TOTL,BRN,2020,447404.0
population_total,SP.POP.TOTL,BRN,2019,442680.0
population_total,SP.POP.TOTL,BGR,2022,6465097.0
population_total,SP.POP.TOTL,BGR,2021,6507301.0
population_total,SP.POP.TOTL,BGR,2020,6550696.0
population_total,SP.POP.TOTL,BGR,2019,6616726.0
population_total,SP.POP.TOTL,BFA,2022,22509038.0
population_total,SP.POP.TOTL,BFA,2021,21995243.0
population_total,SP.POP.TOTL,BFA,2020,21478690.0
population_total,SP.POP.TOTL,BFA,2019,20961952.0
population_total,SP.POP.TOTL,BDI,2022,13321097.0
population_total,SP.POP.TOTL,BDI,2021,12965481.0
population_total,SP.POP.TOTL,BDI,2020,12617036.0
population_total,SP.POP.TOTL,BDI,2019,12255336.0
population_total,SP.POP.TOTL,CPV,2022,519741.0
population_total,SP.POP.TOTL,CPV,2021,516649.0
population_total,SP.POP.TOTL,CPV,2020,514679.0
population_total,SP.POP.TOTL,CPV,2019,514104.0
population_total,SP.POP.TOTL,KHM,2022,17201724.0
population_total,SP.POP.TOTL,KHM,2021,16974305.0
population_total,SP.POP.TOTL,KHM,2020,16725474.0
population_total,SP.POP.TOTL,KHM,2019,16481304.0
population_total,SP.POP.TOTL,CMR,2022,27632771.0
population_total,SP.POP.TOTL,CMR,2021,26915758.0
population_total,SP.POP.TOTL,CMR,2020,26210558.0
population_total,SP.POP.TOTL,CMR,2019,25506095.0
population_total,SP.POP.TOTL,CAN,2022,38950132.0
population_total,SP.POP.TOTL,CAN,2021,38239864.0
population_total,SP.POP.TOTL,CAN,2020,38028638.0
population_total,SP.POP.TOTL,CAN,2019,37618495.0
population_total,SP.POP.TOTL,CYM,2022,71591.0
population_total,SP.POP.TOTL,CYM,2021,70108.0
population_total,SP.POP.TOTL,CYM,2020,68684.0
population_total,SP.POP.TOTL,CYM,2019,67327.0
population_total,SP.POP.TOTL,CAF,2022,5098039.0
population_total,SP.POP.TOTL,CAF,2021,5112100.0
population_total,SP.POP.TOTL,CAF,2020,5026628.0
population_total,SP.POP.TOTL,CAF,2019,4944703.0
population_total,SP.POP.TOTL,TCD,2022,18455316.0
population_total,SP.POP.TOTL,TCD,2021,17828273.0
population_total,SP.POP.TOTL,TCD,2020,17224679.0
population_total,SP.POP.TOTL,TCD,2019,16685223.0
population_total,SP.POP.TOTL,CHI,2022,167215.0
population_total,SP.POP.TOTL,CHI,2021,166741.0
population_total,SP.POP.TOTL,CHI,2020,166235.0
population_total,SP.POP.TOTL,CHI,2019,165639.0
population_total,SP.POP.TOTL,CHL,2022,19553036.0
population_total,SP.POP.TOTL,CHL,2021,19456334.0
population_total,SP.POP.TOTL,CHL,2020,19370624.0
population_total,SP.POP.TOTL,CHL,2019,19197744.0
population_total,SP.POP.TOTL,CHN,2022,1412175000.0
population_total,SP.POP.TOTL,CHN,2021,1412360000.0
population_total,SP.POP.TOTL,CHN,2020,1411100000.0
population_total,SP.POP.TOTL,CHN,2019,1407745000.0
population_total,SP.POP.TOTL,COL,2022,51737944.0
population_total,SP.POP.TOTL,COL,2021,51188173.0
population_total,SP.POP.TOTL,COL,2020,50629997.0
population_total,SP.POP.TOTL,COL,2019,49907985.0
population_total,SP.POP.TOTL,COM,2022,834188.0
population_total,SP.POP.TOTL,COM,2021,818174.0
population_total,SP.POP.TOTL,COM,2020,802163.0
population_total,SP.POP.TOTL,COM,2019,786578.0
population_total,SP.POP.TOTL,COD,2022,102396968.0
population_total,SP.POP.TOTL,COD,2021,99148932.0
population_total,SP.POP.TOTL,COD,2020,95989998.0
population_total,SP.POP.TOTL,COD,2019,92947442.0
population_total,SP.POP.TOTL,COG,2022,6035104.0
population_total,SP.POP.TOTL,COG,2021,5892183.0
population_total,SP.POP.TOTL,COG,2020,5752791.0
population_total,SP.POP.TOTL,COG,2019,5616661.0
population_total,SP.POP.TOTL,CRI,2022,5081765.0
population_total,SP.POP.TOTL,CRI,2021,5059988.0
population_total,SP.POP.TOTL,CRI,2020,5034320.0
population_total,SP.POP.TOTL,CRI,2019,4999553.0
population_total,SP.POP.TOTL,CIV,2022,30395002.0
population_total,SP.POP.TOTL,CIV,2021,29639736.0
population_total,SP.POP.TOTL,CIV,2020,28915449.0
population_total,SP.POP.TOTL,CIV,2019,28193009.0
population_total,SP.POP.TOTL,HRV,2022,3855641.0
population_total,SP.POP.TOTL,HRV,2021,3878981.0
population_total,SP.POP.TOTL,HRV,2020,3914206.0
population_total,SP.POP.TOTL,HRV,2019,3949390.0
population_total,SP.POP.TOTL,CUB,2022,11059820.0
population_total,SP.POP.TOTL,CUB,2021,11122168.0
population_total,SP.POP.TOTL,CUB,2020,11176354.0
population_total,SP.POP.TOTL,CUB,2019,11202846.0
population_total,SP.POP.TOTL,CUW,2022,153321.0
population_total,SP.POP.TOTL,CUW,2021,153948.0
population_total,SP.POP.TOTL,CUW,2020,155482.0
population_total,SP.POP.TOTL,CUW,2019,157441.0
population_total,SP.POP.TOTL,CYP,2022,1331370.0
population_total,SP.POP.TOTL,CYP,2021,1317309.0
population_total,SP.POP.TOTL,CYP,2020,1302247.0
population_total,SP.POP.TOTL,CYP,2019,1286671.0
population_total,SP.POP.TOTL,CZE,2022,10672118.0
population_total,SP.POP.TOTL,CZE,2021,10505772.0
population_total,SP.POP.TOTL,CZE,2020,10697858.0
population_total,SP.POP.TOTL,CZE,2019,10671870.0
population_total,SP.POP.TOTL,DNK,2022,5903037.0
population_total,SP.POP.TOTL,DNK,2021,5856733.0
population_total,SP.POP.TOTL,DNK,2020,5831404.0
population_total,SP.POP.TOTL,DNK,2019,5814422.0
population_total,SP.POP.TOTL,DJI,2022,1137096.0
population_total,SP.POP.TOTL,DJI,2021,1121248.0
population_total,SP.POP.TOTL,DJI,2020,1105188.0
population_total,SP.POP.TOTL,DJI,2019,1088709.0
population_total,SP.POP.TOTL,DMA,2022,66826.0
population_total,SP.POP.TOTL,DMA,2021,67202.0
population_total,SP.POP.TOTL,DMA,2020,67573.0
population_total,SP.POP.TOTL,DMA,2019,67880.0
population_total,SP.POP.TOTL,DOM,2022,11230734.0
population_total,SP.POP.TOTL,DOM,2021,11123476.0
population_total,SP.POP.TOTL,DOM,2020,11008300.0
population_total,SP.POP.TOTL,DOM,2019,10894043.0
population_total,SP.POP.TOTL,ECU,2022,17823897.0
population_total,SP.POP.TOTL,ECU,2021,17682454.0
population_total,SP.POP.TOTL,ECU,2020,17546065.0
population_total,SP.POP.TOTL,ECU,2019,17340021.0
population_total,SP.POP.TOTL,EGY,2022,112618250.0
population_total,SP.POP.TOTL,EGY,2021,110957008.0
population_total,SP.POP.TOTL,EGY,2020,109315124.0
population_total,SP.POP.TOTL,EGY,2019,107553158.0
population_total,SP.POP.TOTL,SLV,2022,6280319.0
population_total,SP.POP.TOTL,SLV,2021,6255782.0
population_total,SP.POP.TOTL,SLV,2020,6234673.0
population_total,SP.POP.TOTL,SLV,2019,6222318.0
population_total,SP.POP.TOTL,GNQ,2022,1803545.0
population_total,SP.POP.TOTL,GNQ,2021,1758786.0
population_total,SP.POP.TOTL,GNQ,2020,1716468.0
population_total,SP.POP.TOTL,GNQ,2019,1670177.0
population_total,SP.POP.TOTL,ERI,2022,3409447.0
population_total,SP.POP.TOTL,ERI,2021,3350183.0
population_total,SP.POP.TOTL,ERI,2020,3291271.0
population_total,SP.POP.TOTL,ERI,2019,3240194.0
population_total,SP.POP.TOTL,EST,2022,1348840.0
population_total,SP.POP.TOTL,EST,2021,1330932.0
population_total,SP.POP.TOTL,EST,2020,1329522.0
population_total,SP.POP.TOTL,EST,2019,1326898.0
population_total,SP.POP.TOTL,SWZ,2022,1218917.0
population_total,SP.POP.TOTL,SWZ,2021,1206593.0
population_total,SP.POP.TOTL,SWZ,2020,1192729.0
population_total,SP.POP.TOTL,SWZ,2019,1179874.0
population_total,SP.POP.TOTL,ETH,2022,125384287.0
population_total,SP.POP.TOTL,ETH,2021,122138588.0
population_total,SP.POP.TOTL,ETH,2020,118917671.0
population_total,SP.POP.TOTL,ETH,2019,115737383.0
population_total,SP.POP.TOTL,FRO,2022,53903.0
population_total,SP.POP.TOTL,FRO,2021,53291.0
population_total,SP.POP.TOTL,FRO,2020,52561.0
population_total,SP.POP.TOTL,FRO,2019,51790.0
population_total,SP.POP.TOTL,FJI,2022,919422.0
population_total,SP.POP.TOTL,FJI,2021,916711.0
population_total,SP.POP.TOTL,FJI,2020,914963.0
population_total,SP.POP.TOTL,FJI,2019,914899.0
population_total,SP.POP.TOTL,FIN,2022,5556106.0
population_total,SP.POP.TOTL,FIN,2021,5541017.0
population_total,SP.POP.TOTL,FIN,2020,5529543.0
population_total,SP.POP.TOTL,FIN,2019,5521606.0
population_total,SP.POP.TOTL,FRA,2022,68184457.0
population_total,SP.POP.TOTL,FRA,2021,67842811.0
population_total,SP.POP.TOTL,FRA,2020,67601110.0
population_total,SP.POP.TOTL,FRA,2019,67382061.0
population_total,SP.POP.TOTL,PYF,2022,280378.0
population_total,SP.POP.TOTL,PYF,2021,279792.0
population_total,SP.POP.TOTL,PYF,2020,279209.0
population_total,SP.POP.TOTL,PYF,2019,279034.0
population_total,SP.POP.TOTL,GAB,2022,2430747.0
population_total,SP.POP.TOTL,GAB,2021,2376722.0
population_total,SP.POP.TOTL,GAB,2020,2322539.0
population_total,SP.POP.TOTL,GAB,2019,2267706.0
population_total,SP.POP.TOTL,GMB,2022,2636470.0
population_total,SP.POP.TOTL,GMB,2021,2576010.0
population_total,SP.POP.TOTL,GMB,2020,2515733.0
population_total,SP.POP.TOTL,GMB,2019,2456844.0
population_total,SP.POP.TOTL,GEO,2022,3712502.0
population_total,SP.POP.TOTL,GEO,2021,3708610.0
population_total,SP.POP.TOTL,GEO,2020,3722716.0
population_total,SP.POP.TOTL,GEO,2019,3720161.0
population_total,SP.POP.TOTL,DEU,2022,83177813.0
population_total,SP.POP.TOTL,DEU,2021,83196078.0
population_total,SP.POP.TOTL,DEU,2020,83160871.0
population_total,SP.POP.TOTL,DEU,2019,83092962.0
population_total,SP.POP.TOTL,GHA,2022,33149152.0
population_total,SP.POP.TOTL,GHA,2021,32518665.0
population_total,SP.POP.TOTL,GHA,2020,31887809.0
population_total,SP.POP.TOTL,GHA,2019,31258945.0
population_total,SP.POP.TOTL,GIB,2022,37609.0
population_total,SP.POP.TOTL,GIB,2021,36858.0
population_total,SP.POP.TOTL,GIB,2020,36173.0
population_total,SP.POP.TOTL,GIB,2019,35494.0
population_total,SP.POP.TOTL,GRC,2022,10437805.0
population_total,SP.POP.TOTL,GRC,2021,10570130.0
population_total,SP.POP.TOTL,GRC,2020,10698599.0
population_total,SP.POP.TOTL,GRC,2019,10721582.0
population_total,SP.POP.TOTL,GRL,2022,56661.0
population_total,SP.POP.TOTL,GRL,2021,56653.0
population_total,SP.POP.TOTL,GRL,2020,56367.0
population_total,SP.POP.TOTL,GRL,2019,56225.0
population_total,SP.POP.TOTL,GRD,2022,116913.0
population_total,SP.POP.TOTL,GRD,2021,116688.0
population_total,SP.POP.TOTL,GRD,2020,116341.0
population_total,SP.POP.TOTL,GRD,2019,115981.0
population_total,SP.POP.TOTL,GUM,2022,165180.0
population_total,SP.POP.TOTL,GUM,2021,163730.0
population_total,SP.POP.TOTL,GUM,2020,162158.0
population_total,SP.POP.TOTL,GUM,2019,161808.0
population_total,SP.POP.TOTL,GTM,2022,17847877.0
population_total,SP.POP.TOTL,GTM,2021,17598650.0
population_total,SP.POP.TOTL,GTM,2020,17357325.0
population_total,SP.POP.TOTL,GTM,2019,17103803.0
population_total,SP.POP.TOTL,GIN,2022,14055137.0
population_total,SP.POP.TOTL,GIN,2021,13710513.0
population_total,SP.POP.TOTL,GIN,2020,13371183.0
population_total,SP.POP.TOTL,GIN,2019,13034346.0
population_total,SP.POP.TOTL,GNB,2022,2105529.0
population_total,SP.POP.TOTL,GNB,2021,2058841.0
population_total,SP.POP.TOTL,GNB,2020,2013255.0
population_total,SP.POP.TOTL,GNB,2019,1967696.0
population_total,SP.POP.TOTL,GUY,2022,821637.0
population_total,SP.POP.TOTL,GUY,2021,815482.0
population_total,SP.POP.TOTL,GUY,2020,807481.0
population_total,SP.POP.TOTL,GUY,2019,807665.0
population_total,SP.POP.TOTL,HTI,2022,11503606.0
population_total,SP.POP.TOTL,HTI,2021,11374586.0
population_total,SP.POP.TOTL,HTI,2020,11243848.0
population_total,SP.POP.TOTL,HTI,2019,11105163.0
population_total,SP.POP.TOTL,HND,2022,10463872.0
population_total,SP.POP.TOTL,HND,2021,10289877.0
population_total,SP.POP.TOTL,HND,2020,10119640.0
population_total,SP.POP.TOTL,HND,2019,9943633.0
population_total,SP.POP.TOTL,HKG,2022,7346100.0
population_total,SP.POP.TOTL,HKG,2021,7413100.0
population_total,SP.POP.TOTL,HKG,2020,7481000.0
population_total,SP.POP.TOTL,HKG,2019,7507900.0
population_total,SP.POP.TOTL,HUN,2022,9605074.0
population_total,SP.POP.TOTL,HUN,2021,9630932.0
population_total,SP.POP.TOTL,HUN,2020,9670419.0
population_total,SP.POP.TOTL,HUN,2019,9694824.0
population_total,SP.POP.TOTL,ISL,2022,382003.0
population_total,SP.POP.TOTL,ISL,2021,372520.0
population_total,SP.POP.TOTL,ISL,2020,366463.0
population_total,SP.POP.TOTL,ISL,2019,360563.0
population_total,SP.POP.TOTL,IND,2022,1425423212.0
population_total,SP.POP.TOTL,IND,2021,1414203896.0
population_total,SP.POP.TOTL,IND,2020,1402617695.0
population_total,SP.POP.TOTL,IND,2019,1389030312.0
population_total,SP.POP.TOTL,IDN,2022,278830529.0
population_total,SP.POP.TOTL,IDN,2021,276758053.0
population_total,SP.POP.TOTL,IDN,2020,274814866.0
population_total,SP.POP.TOTL,IDN,2019,272489381.0
population_total,SP.POP.TOTL,IRN,2022,89524246.0
population_total,SP.POP.TOTL,IRN,2021,88455488.0
population_total,SP.POP.TOTL,IRN,2020,87723443.0
population_total,SP.POP.TOTL,IRN,2019,87051648.0
population_total,SP.POP.TOTL,IRQ,2022,44070551.0
population_total,SP.POP.TOTL,IRQ,2021,43071211.0
population_total,SP.POP.TOTL,IRQ,2020,42116605.0
population_total,SP.POP.TOTL,IRQ,2019,41192171.0
population_total,SP.POP.TOTL,IRL,2022,5212836.0
population_total,SP.POP.TOTL,IRL,2021,5110585.0
population_total,SP.POP.TOTL,IRL,2020,5039747.0
population_total,SP.POP.TOTL,IRL,2019,4976456.0
population_total,SP.POP.TOTL,IMN,2022,84132.0
population_total,SP.POP.TOTL,IMN,2021,84106.0
population_total,SP.POP.TOTL,IMN,2020,84064.0
population_total,SP.POP.TOTL,IMN,2019,83957.0
population_total,SP.POP.TOTL,ISR,2022,9557500.0
population_total,SP.POP.TOTL,ISR,2021,9371400.0
population_total,SP.POP.TOTL,ISR,2020,9215100.0
population_total,SP.POP.TOTL,ISR,2019,9054000.0
population_total,SP.POP.TOTL,ITA,2022,59013667.0
population_total,SP.POP.TOTL,ITA,2021,59133173.0
population_total,SP.POP.TOTL,ITA,2020,59438851.0
population_total,SP.POP.TOTL,ITA,2019,59729081.0
population_total,SP.POP.TOTL,JAM,2022,2839144.0
population_total,SP.POP.TOTL,JAM,2021,2837682.0
population_total,SP.POP.TOTL,JAM,2020,2830739.0
population_total,SP.POP.TOTL,JAM,2019,2823271.0
population_total,SP.POP.TOTL,JPN,2022,125124989.0
population_total,SP.POP.TOTL,JPN,2021,125681593.0
population_total,SP.POP.TOTL,JPN,2020,126261000.0
population_total,SP.POP.TOTL,JPN,2019,126633000.0
population_total,SP.POP.TOTL,JOR,2022,11256263.0
population_total,SP.POP.TOTL,JOR,2021,11066356.0
population_total,SP.POP.TOTL,JOR,2020,10865228.0
population_total,SP.POP.TOTL,JOR,2019,10671891.0
population_total,SP.POP.TOTL,KAZ,2022,20034609.0
population_total,SP.POP.TOTL,KAZ,2021,19743603.0
population_total,SP.POP.TOTL,KAZ,2020,19482117.0
population_total,SP.POP.TOTL,KAZ,2019,19209555.0
population_total,SP.POP.TOTL,KEN,2022,54252461.0
population_total,SP.POP.TOTL,KEN,2021,53219166.0
population_total,SP.POP.TOTL,KEN,2020,52217334.0
population_total,SP.POP.TOTL,KEN,2019,51202827.0
population_total,SP.POP.TOTL,KIR,2022,130469.0
population_total,SP.POP.TOTL,KIR,2021,128377.0
population_total,SP.POP.TOTL,KIR,2020,126099.0
population_total,SP.POP.TOTL,KIR,2019,123921.0
population_total,SP.POP.TOTL,PRK,2022,26328845.0
population_total,SP.POP.TOTL,PRK,2021,26232534.0
population_total,SP.POP.TOTL,PRK,2020,26136312.0
population_total,SP.POP.TOTL,PRK,2019,26037632.0
population_total,SP.POP.TOTL,KOR,2022,51672569.0
population_total,SP.POP.TOTL,KOR,2021,51769539.0
population_total,SP.POP.TOTL,KOR,2020,51836239.0
population_total,SP.POP.TOTL,KOR,2019,51764822.0
population_total,SP.POP.TOTL,XKX,2022,1768096.0
population_total,SP.POP.TOTL,XKX,2021,1786079.0
population_total,SP.POP.TOTL,XKX,2020,1790151.0
population_total,SP.POP.TOTL,XKX,2019,1788891.0
population_total,SP.POP.TOTL,KWT,2022,4589643.0
population_total,SP.POP.TOTL,KWT,2021,4360865.0
population_total,SP.POP.TOTL,KWT,2020,4400267.0
population_total,SP.POP.TOTL,KWT,2019,4442316.0
population_total,SP.POP.TOTL,KGZ,2022,6975220.0
population_total,SP.POP.TOTL,KGZ,2021,6851224.0
population_total,SP.POP.TOTL,KGZ,2020,6726596.0
population_total,SP.POP.TOTL,KGZ,2019,6590211.0
population_total,SP.POP.TOTL,LAO,2022,7559007.0
population_total,SP.POP.TOTL,LAO,2021,7453194.0
population_total,SP.POP.TOTL,LAO,2020,7346533.0
population_total,SP.POP.TOTL,LAO,2019,7237636.0
population_total,SP.POP.TOTL,LVA,2022,1879383.0
population_total,SP.POP.TOTL,LVA,2021,1884490.0
population_total,SP.POP.TOTL,LVA,2020,1900449.0
population_total,SP.POP.TOTL,LVA,2019,1913822.0
population_total,SP.POP.TOTL,LBN,2022,5744489.0
population_total,SP.POP.TOTL,LBN,2021,5718122.0
population_total,SP.POP.TOTL,LBN,2020,5702398.0
population_total,SP.POP.TOTL,LBN,2019,5794594.0
population_total,SP.POP.TOTL,LSO,2022,2286110.0
population_total,SP.POP.TOTL,LSO,2021,2261542.0
population_total,SP.POP.TOTL,LSO,2020,2235727.0
population_total,SP.POP.TOTL,LSO,2019,2209405.0
population_total,SP.POP.TOTL,LBR,2022,5373294.0
population_total,SP.POP.TOTL,LBR,2021,5259323.0
population_total,SP.POP.TOTL,LBR,2020,5149463.0
population_total,SP.POP.TOTL,LBR,2019,5043721.0
population_total,SP.POP.TOTL,LBY,2022,7223805.0
population_total,SP.POP.TOTL,LBY,2021,7135175.0
population_total,SP.POP.TOTL,LBY,2020,7045399.0
population_total,SP.POP.TOTL,LBY,2019,6951033.0
population_total,SP.POP.TOTL,LIE,2022,39493.0
population_total,SP.POP.TOTL,LIE,2021,39182.0
population_total,SP.POP.TOTL,LIE,2020,38901.0
population_total,SP.POP.TOTL,LIE,2019,38563.0
population_total,SP.POP.TOTL,LTU,2022,2831639.0
population_total,SP.POP.TOTL,LTU,2021,2808380.0
population_total,SP.POP.TOTL,LTU,2020,2810369.0
population_total,SP.POP.TOTL,LTU,2019,2811089.0
population_total,SP.POP.TOTL,LUX,2022,653103.0
population_total,SP.POP.TOTL,LUX,2021,640064.0
population_total,SP.POP.TOTL,LUX,2020,630419.0
population_total,SP.POP.TOTL,LUX,2019,620001.0
population_total,SP.POP.TOTL,MAC,2022,677300.0
population_total,SP.POP.TOTL,MAC,2021,682500.0
population_total,SP.POP.TOTL,MAC,2020,685400.0
population_total,SP.POP.TOTL,MAC,2019,672000.0
population_total,SP.POP.TOTL,MDG,2022,30437261.0
population_total,SP.POP.TOTL,MDG,2021,29691083.0
population_total,SP.POP.TOTL,MDG,2020,28953556.0
population_total,SP.POP.TOTL,MDG,2019,28219554.0
population_total,SP.POP.TOTL,MWI,2022,20568728.0
population_total,SP.POP.TOTL,MWI,2021,20047258.0
population_total,SP.POP.TOTL,MWI,2020,19533888.0
population_total,SP.POP.TOTL,MWI,2019,19025752.0
population_total,SP.POP.TOTL,MYS,2022,34695493.0
population_total,SP.POP.TOTL,MYS,2021,34282399.0
population_total,SP.POP.TOTL,MYS,2020,33889558.0
population_total,SP.POP.TOTL,MYS,2019,33440596.0
population_total,SP.POP.TOTL,MDV,2022,524106.0
population_total,SP.POP.TOTL,MDV,2021,516154.0
population_total,SP.POP.TOTL,MDV,2020,502118.0
population_total,SP.POP.TOTL,MDV,2019,487731.0
population_total,SP.POP.TOTL,MLI,2022,23072640.0
population_total,SP.POP.TOTL,MLI,2021,22388630.0
population_total,SP.POP.TOTL,MLI,2020,21713836.0
population_total,SP.POP.TOTL,MLI,2019,21068405.0
population_total,SP.POP.TOTL,MLT,2022,531113.0
population_total,SP.POP.TOTL,MLT,2021,518150.0
population_total,SP.POP.TOTL,MLT,2020,515490.0
population_total,SP.POP.TOTL,MLT,2019,503912.0
population_total,SP.POP.TOTL,MHL,2022,40077.0
population_total,SP.POP.TOTL,MHL,2021,41367.0
population_total,SP.POP.TOTL,MHL,2020,42706.0
population_total,SP.POP.TOTL,MHL,2019,44007.0
population_total,SP.POP.TOTL,MRT,2022,4875637.0
population_total,SP.POP.TOTL,MRT,2021,4734874.0
population_total,SP.POP.TOTL,MRT,2020,4600131.0
population_total,SP.POP.TOTL,MRT,2019,4467708.0
population_total,SP.POP.TOTL,MUS,2022,1262523.0
population_total,SP.POP.TOTL,MUS,2021,1266334.0
population_total,SP.POP.TOTL,MUS,2020,1266014.0
population_total,SP.POP.TOTL,MUS,2019,1265985.0
population_total,SP.POP.TOTL,MEX,2022,128613117.0
population_total,SP.POP.TOTL,MEX,2021,127648148.0
population_total,SP.POP.TOTL,MEX,2020,126799054.0
population_total,SP.POP.TOTL,MEX,2019,125762982.0
population_total,SP.POP.TOTL,FSM,2022,112114.0
population_total,SP.POP.TOTL,FSM,2021,111624.0
population_total,SP.POP.TOTL,FSM,2020,110916.0
population_total,SP.POP.TOTL,FSM,2019,110282.0
population_total,SP.POP.TOTL,MDA,2022,2528654.0
population_total,SP.POP.TOTL,MDA,2021,2595809.0
population_total,SP.POP.TOTL,MDA,2020,2635130.0
population_total,SP.POP.TOTL,MDA,2019,2664224.0
population_total,SP.POP.TOTL,MCO,2022,38931.0
population_total,SP.POP.TOTL,MCO,2021,38527.0
population_total,SP.POP.TOTL,MCO,2020,38050.0
population_total,SP.POP.TOTL,MCO,2019,38109.0
population_total,SP.POP.TOTL,MNG,2022,3433748.0
population_total,SP.POP.TOTL,MNG,2021,3383741.0
population_total,SP.POP.TOTL,MNG,2020,3327204.0
population_total,SP.POP.TOTL,MNG,2019,3267673.0
population_total,SP.POP.TOTL,MNE,2022,623591.0
population_total,SP.POP.TOTL,MNE,2021,625053.0
population_total,SP.POP.TOTL,MNE,2020,626590.0
population_total,SP.POP.TOTL,MNE,2019,626753.0
population_total,SP.POP.TOTL,MAR,2022,37329064.0
population_total,SP.POP.TOTL,MAR,2021,36954442.0
population_total,SP.POP.TOTL,MAR,2020,36584208.0
population_total,SP.POP.TOTL,MAR,2019,36210898.0
population_total,SP.POP.TOTL,MOZ,2022,32656246.0
population_total,SP.POP.TOTL,MOZ,2021,31707800.0
population_total,SP.POP.TOTL,MOZ,2020,30783688.0
population_total,SP.POP.TOTL,MOZ,2019,29884380.0
population_total,SP.POP.TOTL,MMR,2022,53756787.0
population_total,SP.POP.TOTL,MMR,2021,53387102.0
population_total,SP.POP.TOTL,MMR,2020,53016522.0
population_total,SP.POP.TOTL,MMR,2019,52640713.0
population_total,SP.POP.TOTL,NAM,2022,2889662.0
population_total,SP.POP.TOTL,NAM,2021,2810548.0
population_total,SP.POP.TOTL,NAM,2020,2728762.0
population_total,SP.POP.TOTL,NAM,2019,2650494.0
population_total,SP.POP.TOTL,NRU,2022,11801.0
population_total,SP.POP.TOTL,NRU,2021,11709.0
population_total,SP.POP.TOTL,NRU,2020,11643.0
population_total,SP.POP.TOTL,NRU,2019,11587.0
population_total,SP.POP.TOTL,NPL,2022,29715436.0
population_total,SP.POP.TOTL,NPL,2021,29475010.0
population_total,SP.POP.TOTL,NPL,2020,28966574.0
population_total,SP.POP.TOTL,NPL,2019,28414064.0
population_total,SP.POP.TOTL,NLD,2022,17700982.0
population_total,SP.POP.TOTL,NLD,2021,17533044.0
population_total,SP.POP.TOTL,NLD,2020,17441500.0
population_total,SP.POP.TOTL,NLD,2019,17344874.0
population_total,SP.POP.TOTL,NCL,2022,287123.0
population_total,SP.POP.TOTL,NCL,2021,285214.0
population_total,SP.POP.TOTL,NCL,2020,284176.0
population_total,SP.POP.TOTL,NCL,2019,283606.0
population_total,SP.POP.TOTL,NZL,2022,5081700.0
population_total,SP.POP.TOTL,NZL,2021,5084600.0
population_total,SP.POP.TOTL,NZL,2020,5072400.0
population_total,SP.POP.TOTL,NZL,2019,4970300.0
population_total,SP.POP.TOTL,NIC,2022,6730654.0
population_total,SP.POP.TOTL,NIC,2021,6644741.0
population_total,SP.POP.TOTL,NIC,2020,6565267.0
population_total,SP.POP.TOTL,NIC,2019,6483657.0
population_total,SP.POP.TOTL,NER,2022,25311973.0
population_total,SP.POP.TOTL,NER,2021,24502140.0
population_total,SP.POP.TOTL,NER,2020,23717613.0
population_total,SP.POP.TOTL,NER,2019,22947757.0
population_total,SP.POP.TOTL,NGA,2022,223150896.0
population_total,SP.POP.TOTL,NGA,2021,218529286.0
population_total,SP.POP.TOTL,NGA,2020,213996181.0
population_total,SP.POP.TOTL,NGA,2019,209485641.0
population_total,SP.POP.TOTL,MKD,2022,1831712.0
population_total,SP.POP.TOTL,MKD,2021,1837114.0
population_total,SP.POP.TOTL,MKD,2020,1856124.0
population_total,SP.POP.TOTL,MKD,2019,1876262.0
population_total,SP.POP.TOTL,MNP,2022,46078.0
population_total,SP.POP.TOTL,MNP,2021,46979.0
population_total,SP.POP.TOTL,MNP,2020,47528.0
population_total,SP.POP.TOTL,MNP,2019,48129.0
population_total,SP.POP.TOTL,NOR,2022,5457127.0
population_total,SP.POP.TOTL,NOR,2021,5408320.0
population_total,SP.POP.TOTL,NOR,2020,5379475.0
population_total,SP.POP.TOTL,NOR,2019,5347896.0
population_total,SP.POP.TOTL,OMN,2022,4730226.0
population_total,SP.POP.TOTL,OMN,2021,4500424.0
population_total,SP.POP.TOTL,OMN,2020,4522497.0
population_total,SP.POP.TOTL,OMN,2019,4591241.0
population_total,SP.POP.TOTL,PAK,2022,243700667.0
population_total,SP.POP.TOTL,PAK,2021,239477801.0
population_total,SP.POP.TOTL,PAK,2020,235001746.0
population_total,SP.POP.TOTL,PAK,2019,230800899.0
population_total,SP.POP.TOTL,PLW,2022,17759.0
population_total,SP.POP.TOTL,PLW,2021,17783.0
population_total,SP.POP.TOTL,PLW,2020,17792.0
population_total,SP.POP.TOTL,PLW,2019,17798.0
population_total,SP.POP.TOTL,PAN,2022,4400773.0
population_total,SP.POP.TOTL,PAN,2021,4345405.0
population_total,SP.POP.TOTL,PAN,2020,4293261.0
population_total,SP.POP.TOTL,PAN,2019,4234700.0
population_total,SP.POP.TOTL,PNG,2022,10203169.0
population_total,SP.POP.TOTL,PNG,2021,10012896.0
population_total,SP.POP.TOTL,PNG,2020,9815746.0
population_total,SP.POP.TOTL,PNG,2019,9609010.0
population_total,SP.POP.TOTL,PRY,2022,6760464.0
population_total,SP.POP.TOTL,PRY,2021,6684182.0
population_total,SP.POP.TOTL,PRY,2020,6603739.0
population_total,SP.POP.TOTL,PRY,2019,6515058.0
population_total,SP.POP.TOTL,PER,2022,33475438.0
population_total,SP.POP.TOTL,PER,2021,33155882.0
population_total,SP.POP.TOTL,PER,2020,32838579.0
population_total,SP.POP.TOTL,PER,2019,32449303.0
population_total,SP.POP.TOTL,PHL,2022,113964338.0
population_total,SP.POP.TOTL,PHL,2021,113100950.0
population_total,SP.POP.TOTL,PHL,2020,112081264.0
population_total,SP.POP.TOTL,PHL,2019,110804683.0
population_total,SP.POP.TOTL,POL,2022,36821749.0
population_total,SP.POP.TOTL,POL,2021,36981559.0
population_total,SP.POP.TOTL,POL,2020,37515748.0
population_total,SP.POP.TOTL,POL,2019,37965475.0
population_total,SP.POP.TOTL,PRT,2022,10434332.0
population_total,SP.POP.TOTL,PRT,2021,10361831.0
population_total,SP.POP.TOTL,PRT,2020,10297081.0
population_total,SP.POP.TOTL,PRT,2019,10286263.0
population_total,SP.POP.TOTL,PRI,2022,3220148.0
population_total,SP.POP.TOTL,PRI,2021,3262731.0
population_total,SP.POP.TOTL,PRI,2020,3281591.0
population_total,SP.POP.TOTL,PRI,2019,3302691.0
population_total,SP.POP.TOTL,QAT,2022,2657333.0
population_total,SP.POP.TOTL,QAT,2021,2504910.0
population_total,SP.POP.TOTL,QAT,2020,2794148.0
population_total,SP.POP.TOTL,QAT,2019,2638657.0
population_total,SP.POP.TOTL,ROU,2022,19048502.0
population_total,SP.POP.TOTL,ROU,2021,19122059.0
population_total,SP.POP.TOTL,ROU,2020,19265250.0
population_total,SP.POP.TOTL,ROU,2019,19371648.0
population_total,SP.POP.TOTL,RUS,2022,144236933.0
population_total,SP.POP.TOTL,RUS,2021,144746762.0
population_total,SP.POP.TOTL,RUS,2020,145245148.0
population_total,SP.POP.TOTL,RUS,2019,145453291.0
population_total,SP.POP.TOTL,RWA,2022,13651030.0
population_total,SP.POP.TOTL,RWA,2021,13355260.0
population_total,SP.POP.TOTL,RWA,2020,13065837.0
population_total,SP.POP.TOTL,RWA,2019,12776103.0
population_total,SP.POP.TOTL,WSM,2022,215261.0
population_total,SP.POP.TOTL,WSM,2021,213779.0
population_total,SP.POP.TOTL,WSM,2020,211944.0
population_total,SP.POP.TOTL,WSM,2019,209780.0
population_total,SP.POP.TOTL,SMR,2022,33755.0
population_total,SP.POP.TOTL,SMR,2021,34252.0
population_total,SP.POP.TOTL,SMR,2020,34770.0
population_total,SP.POP.TOTL,SMR,2019,34663.0
population_total,SP.POP.TOTL,STP,2022,226305.0
population_total,SP.POP.TOTL,STP,2021,221961.0
population_total,SP.POP.TOTL,STP,2020,217435.0
population_total,SP.POP.TOTL,STP,2019,213392.0
population_total,SP.POP.TOTL,SAU,2022,32175224.0
population_total,SP.POP.TOTL,SAU,2021,30784383.0
population_total,SP.POP.TOTL,SAU,2020,31552510.0
population_total,SP.POP.TOTL,SAU,2019,30063799.0
population_total,SP.POP.TOTL,SEN,2022,17651103.0
population_total,SP.POP.TOTL,SEN,2021,17220867.0
population_total,SP.POP.TOTL,SEN,2020,16789219.0
population_total,SP.POP.TOTL,SEN,2019,16352922.0
population_total,SP.POP.TOTL,SRB,2022,6664449.0
population_total,SP.POP.TOTL,SRB,2021,6834326.0
population_total,SP.POP.TOTL,SRB,2020,6899126.0
population_total,SP.POP.TOTL,SRB,2019,6945235.0
population_total,SP.POP.TOTL,SYC,2022,119878.0
population_total,SP.POP.TOTL,SYC,2021,99258.0
population_total,SP.POP.TOTL,SYC,2020,98462.0
population_total,SP.POP.TOTL,SYC,2019,97625.0
population_total,SP.POP.TOTL,SLE,2022,8276807.0
population_total,SP.POP.TOTL,SLE,2021,8094602.0
population_total,SP.POP.TOTL,SLE,2020,7912558.0
population_total,SP.POP.TOTL,SLE,2019,7731991.0
population_total,SP.POP.TOTL,SGP,2022,5637022.0
population_total,SP.POP.TOTL,SGP,2021,5453566.0
population_total,SP.POP.TOTL,SGP,2020,5685807.0
population_total,SP.POP.TOTL,SGP,2019,5703569.0
population_total,SP.POP.TOTL,SXM,2022,42139.0
population_total,SP.POP.TOTL,SXM,2021,41571.0
population_total,SP.POP.TOTL,SXM,2020,41008.0
population_total,SP.POP.TOTL,SXM,2019,40385.0
population_total,SP.POP.TOTL,SVK,2022,5431752.0
population_total,SP.POP.TOTL,SVK,2021,5447247.0
population_total,SP.POP.TOTL,SVK,2020,5458827.0
population_total,SP.POP.TOTL,SVK,2019,5454147.0
population_total,SP.POP.TOTL,SVN,2022,2112076.0
population_total,SP.POP.TOTL,SVN,2021,2108079.0
population_total,SP.POP.TOTL,SVN,2020,2102419.0
population_total,SP.POP.TOTL,SVN,2019,2088385.0
population_total,SP.POP.TOTL,SLB,2022,781066.0
population_total,SP.POP.TOTL,SLB,2021,762591.0
population_total,SP.POP.TOTL,SLB,2020,744498.0
population_total,SP.POP.TOTL,SLB,2019,728147.0
population_total,SP.POP.TOTL,SOM,2022,17801897.0
population_total,SP.POP.TOTL,SOM,2021,17271431.0
population_total,SP.POP.TOTL,SOM,2020,16651191.0
population_total,SP.POP.TOTL,SOM,2019,16030971.0
population_total,SP.POP.TOTL,ZAF,2022,62378410.0
population_total,SP.POP.TOTL,ZAF,2021,61502603.0
population_total,SP.POP.TOTL,ZAF,2020,60562381.0
population_total,SP.POP.TOTL,ZAF,2019,59587885.0
population_total,SP.POP.TOTL,SSD,2022,11021177.0
population_total,SP.POP.TOTL,SSD,2021,10865780.0
population_total,SP.POP.TOTL,SSD,2020,10698467.0
population_total,SP.POP.TOTL,SSD,2019,10423384.0
population_total,SP.POP.TOTL,ESP,2022,47786102.0
population_total,SP.POP.TOTL,ESP,2021,47443821.0
population_total,SP.POP.TOTL,ESP,2020,47359424.0
population_total,SP.POP.TOTL,ESP,2019,47118501.0
population_total,SP.POP.TOTL,LKA,2022,22181000.0
population_total,SP.POP.TOTL,LKA,2021,22156000.0
population_total,SP.POP.TOTL,LKA,2020,21919000.0
population_total,SP.POP.TOTL,LKA,2019,21803000.0
population_total,SP.POP.TOTL,KNA,2022,46709.0
population_total,SP.POP.TOTL,KNA,2021,46763.0
population_total,SP.POP.TOTL,KNA,2020,46870.0
population_total,SP.POP.TOTL,KNA,2019,46952.0
population_total,SP.POP.TOTL,LCA,2022,178781.0
population_total,SP.POP.TOTL,LCA,2021,178522.0
population_total,SP.POP.TOTL,LCA,2020,178250.0
population_total,SP.POP.TOTL,LCA,2019,177661.0
population_total,SP.POP.TOTL,MAF,2022,28870.0
population_total,SP.POP.TOTL,MAF,2021,29961.0
population_total,SP.POP.TOTL,MAF,2020,31786.0
population_total,SP.POP.TOTL,MAF,2019,34267.0
population_total,SP.POP.TOTL,VCT,2022,102046.0
population_total,SP.POP.TOTL,VCT,2021,102841.0
population_total,SP.POP.TOTL,VCT,2020,103526.0
population_total,SP.POP.TOTL,VCT,2019,104167.0
population_total,SP.POP.TOTL,SDN,2022,49383346.0
population_total,SP.POP.TOTL,SDN,2021,48066924.0
population_total,SP.POP.TOTL,SDN,2020,46789231.0
population_total,SP.POP.TOTL,SDN,2019,45548175.0
population_total,SP.POP.TOTL,SUR,2022,623164.0
population_total,SP.POP.TOTL,SUR,2021,617896.0
population_total,SP.POP.TOTL,SUR,2020,612317.0
population_total,SP.POP.TOTL,SUR,2019,605768.0
population_total,SP.POP.TOTL,SWE,2022,10486941.0
population_total,SP.POP.TOTL,SWE,2021,10415811.0
population_total,SP.POP.TOTL,SWE,2020,10353442.0
population_total,SP.POP.TOTL,SWE,2019,10278887.0
population_total,SP.POP.TOTL,CHE,2022,8777088.0
population_total,SP.POP.TOTL,CHE,2021,8704546.0
population_total,SP.POP.TOTL,CHE,2020,8638167.0
population_total,SP.POP.TOTL,CHE,2019,8575280.0
population_total,SP.POP.TOTL,SYR,2022,22462173.0
population_total,SP.POP.TOTL,SYR,2021,21628839.0
population_total,SP.POP.TOTL,SYR,2020,21049429.0
population_total,SP.POP.TOTL,SYR,2019,20353534.0
population_total,SP.POP.TOTL,TJK,2022,10182222.0
population_total,SP.POP.TOTL,TJK,2021,9966908.0
population_total,SP.POP.TOTL,TJK,2020,9749310.0
population_total,SP.POP.TOTL,TJK,2019,9529966.0
population_total,SP.POP.TOTL,TZA,2022,64711821.0
population_total,SP.POP.TOTL,TZA,2021,62830412.0
population_total,SP.POP.TOTL,TZA,2020,60972798.0
population_total,SP.POP.TOTL,TZA,2019,59174891.0
population_total,SP.POP.TOTL,THA,2022,71735329.0
population_total,SP.POP.TOTL,THA,2021,71727332.0
population_total,SP.POP.TOTL,THA,2020,71641484.0
population_total,SP.POP.TOTL,THA,2019,71522271.0
population_total,SP.POP.TOTL,TLS,2022,1369295.0
population_total,SP.POP.TOTL,TLS,2021,1350139.0
population_total,SP.POP.TOTL,TLS,2020,1326053.0
population_total,SP.POP.TOTL,TLS,2019,1300945.0
population_total,SP.POP.TOTL,TGO,2022,8068616.0
population_total,SP.POP.TOTL,TGO,2021,7936176.0
population_total,SP.POP.TOTL,TGO,2020,7788054.0
population_total,SP.POP.TOTL,TGO,2019,7619925.0
population_total,SP.POP.TOTL,TON,2022,105042.0
population_total,SP.POP.TOTL,TON,2021,105490.0
population_total,SP.POP.TOTL,TON,2020,105704.0
population_total,SP.POP.TOTL,TON,2019,105669.0
population_total,SP.POP.TOTL,TTO,2022,1365805.0
population_total,SP.POP.TOTL,TTO,2021,1367558.0
population_total,SP.POP.TOTL,TTO,2020,1366725.0
population_total,SP.POP.TOTL,TTO,2019,1363985.0
population_total,SP.POP.TOTL,TUN,2022,12119334.0
population_total,SP.POP.TOTL,TUN,2021,12048622.0
population_total,SP.POP.TOTL,TUN,2020,11974057.0
population_total,SP.POP.TOTL,TUN,2019,11875081.0
population_total,SP.POP.TOTL,TUR,2022,84979913.0
population_total,SP.POP.TOTL,TUR,2021,84147318.0
population_total,SP.POP.TOTL,TUR,2020,83384680.0
population_total,SP.POP.TOTL,TUR,2019,82579440.0
population_total,SP.POP.TOTL,TKM,2022,7230193.0
population_total,SP.POP.TOTL,TKM,2021,7092043.0
population_total,SP.POP.TOTL,TKM,2020,6949912.0
population_total,SP.POP.TOTL,TKM,2019,6803944.0
population_total,SP.POP.TOTL,TCA,2022,45847.0
population_total,SP.POP.TOTL,TCA,2021,45243.0
population_total,SP.POP.TOTL,TCA,2020,44386.0
population_total,SP.POP.TOTL,TCA,2019,43166.0
population_total,SP.POP.TOTL,TUV,2022,9992.0
population_total,SP.POP.TOTL,TUV,2021,10194.0
population_total,SP.POP.TOTL,TUV,2020,10399.0
population_total,SP.POP.TOTL,TUV,2019,10581.0
population_total,SP.POP.TOTL,UGA,2022,47312719.0
population_total,SP.POP.TOTL,UGA,2021,45910930.0
population_total,SP.POP.TOTL,UGA,2020,44457152.0
population_total,SP.POP.TOTL,UGA,2019,42999637.0
population_total,SP.POP.TOTL,UKR,2022,41048766.0
population_total,SP.POP.TOTL,UKR,2021,44298640.0
population_total,SP.POP.TOTL,UKR,2020,44680014.0
population_total,SP.POP.TOTL,UKR,2019,44957458.0
population_total,SP.POP.TOTL,ARE,2022,10074977.0
population_total,SP.POP.TOTL,ARE,2021,9575152.0
population_total,SP.POP.TOTL,ARE,2020,9401038.0
population_total,SP.POP.TOTL,ARE,2019,9445785.0
population_total,SP.POP.TOTL,GBR,2022,67636000.0
population_total,SP.POP.TOTL,GBR,2021,66978000.0
population_total,SP.POP.TOTL,GBR,2020,66740000.0
population_total,SP.POP.TOTL,GBR,2019,66628000.0
population_total,SP.POP.TOTL,USA,2022,333996304.0
population_total,SP.POP.TOTL,USA,2021,332100166.0
population_total,SP.POP.TOTL,USA,2020,331578104.0
population_total,SP.POP.TOTL,USA,2019,330226227.0
population_total,SP.POP.TOTL,URY,2022,3390913.0
population_total,SP.POP.TOTL,URY,2021,3396695.0
population_total,SP.POP.TOTL,URY,2020,3398968.0
population_total,SP.POP.TOTL,URY,2019,3397206.0
population_total,SP.POP.TOTL,UZB,2022,34938955.0
population_total,SP.POP.TOTL,UZB,2021,34243696.0
population_total,SP.POP.TOTL,UZB,2020,33586372.0
population_total,SP.POP.TOTL,UZB,2019,32964701.0
population_total,SP.POP.TOTL,VUT,2022,313046.0
population_total,SP.POP.TOTL,VUT,2021,305868.0
population_total,SP.POP.TOTL,VUT,2020,298858.0
population_total,SP.POP.TOTL,VUT,2019,291985.0
population_total,SP.POP.TOTL,VEN,2022,28213017.0
population_total,SP.POP.TOTL,VEN,2021,28237826.0
population_total,SP.POP.TOTL,VEN,2020,28444077.0
population_total,SP.POP.TOTL,VEN,2019,28938098.0
population_total,SP.POP.TOTL,VNM,2022,99680655.0
population_total,SP.POP.TOTL,VNM,2021,98935098.0
population_total,SP.POP.TOTL,VNM,2020,98079191.0
population_total,SP.POP.TOTL,VNM,2019,97173776.0
population_total,SP.POP.TOTL,VIR,2022,105413.0
population_total,SP.POP.TOTL,VIR,2021,105870.0
population_total,SP.POP.TOTL,VIR,2020,106290.0
population_total,SP.POP.TOTL,VIR,2019,106669.0
population_total,SP.POP.TOTL,PSE,2022,5043612.0
population_total,SP.POP.TOTL,PSE,2021,4922749.0
population_total,SP.POP.TOTL,PSE,2020,4803269.0
population_total,SP.POP.TOTL,PSE,2019,4685306.0
population_total,SP.POP.TOTL,YEM,2022,38222876.0
population_total,SP.POP.TOTL,YEM,2021,37140230.0
population_total,SP.POP.TOTL,YEM,2020,36134863.0
population_total,SP.POP.TOTL,YEM,2019,35111408.0
population_total,SP.POP.TOTL,ZMB,2022,20152938.0
population_total,SP.POP.TOTL,ZMB,2021,19603607.0
population_total,SP.POP.TOTL,ZMB,2020,19059395.0
population_total,SP.POP.TOTL,ZMB,2019,18513839.0
population_total,SP.POP.TOTL,ZWE,2022,16069056.0
population_total,SP.POP.TOTL,ZWE,2021,15797210.0
population_total,SP.POP.TOTL,ZWE,2020,15526888.0
population_total,SP.POP.TOTL,ZWE,2019,15271368.0
internet_users_pct,IT.NET.USER.ZS,AFE,2022,26.8
internet_users_pct,IT.NET.USER.ZS,AFE,2021,25.0
internet_users_pct,IT.NET.USER.ZS,AFE,2020,23.5
internet_users_pct,IT.NET.USER.ZS,AFE,2019,21.6
internet_users_pct,IT.NET.USER.ZS,AFW,2022,37.5
internet_users_pct,IT.NET.USER.ZS,AFW,2021,34.7
internet_users_pct,IT.NET.USER.ZS,AFW,2020,31.5
internet_users_pct,IT.NET.USER.ZS,AFW,2019,28.5
internet_users_pct,IT.NET.USER.ZS,EAS,2022,82.4
internet_users_pct,IT.NET.USER.ZS,EAS,2021,78.8
internet_users_pct,IT.NET.USER.ZS,EAS,2020,73.9
internet_users_pct,IT.NET.USER.ZS,EAS,2019,67.1
internet_users_pct,IT.NET.USER.ZS,EAP,2022,81.6
internet_users_pct,IT.NET.USER.ZS,EAP,2021,77.6
internet_users_pct,IT.NET.USER.ZS,EAP,2020,72.2
internet_users_pct,IT.NET.USER.ZS,EAP,2019,64.0
internet_users_pct,IT.NET.USER.ZS,TEA,2022,82.3
internet_users_pct,IT.NET.USER.ZS,TEA,2021,78.3
internet_users_pct,IT.NET.USER.ZS,TEA,2020,72.7
internet_users_pct,IT.NET.USER.ZS,TEA,2019,64.3
internet_users_pct,IT.NET.USER.ZS,ECS,2022,87.9
internet_users_pct,IT.NET.USER.ZS,ECS,2021,86.3
internet_users_pct,IT.NET.USER.ZS,ECS,2020,83.4
internet_users_pct,IT.NET.USER.ZS,ECS,2019,80.3
internet_users_pct,IT.NET.USER.ZS,ECA,2022,82.0
internet_users_pct,IT.NET.USER.ZS,ECA,2021,79.1
internet_users_pct,IT.NET.USER.ZS,ECA,2020,74.5
internet_users_pct,IT.NET.USER.ZS,ECA,2019,70.3
internet_users_pct,IT.NET.USER.ZS,TEC,2022,85.2
internet_users_pct,IT.NET.USER.ZS,TEC,2021,82.6
internet_users_pct,IT.NET.USER.ZS,TEC,2020,78.6
internet_users_pct,IT.NET.USER.ZS,TEC,2019,75.2
internet_users_pct,IT.NET.USER.ZS,IBD,2022,74.4
internet_users_pct,IT.NET.USER.ZS,IBD,2021,70.3
internet_users_pct,IT.NET.USER.ZS,IBD,2020,65.4
internet_users_pct,IT.NET.USER.ZS,IBD,2019,56.3
internet_users_pct,IT.NET.USER.ZS,IBT,2022,63.0
internet_users_pct,IT.NET.USER.ZS,IBT,2021,59.3
internet_users_pct,IT.NET.USER.ZS,IBT,2020,55.1
internet_users_pct,IT.NET.USER.ZS,IBT,2019,47.8
internet_users_pct,IT.NET.USER.ZS,IDB,2022,36.5
internet_users_pct,IT.NET.USER.ZS,IDB,2021,32.4
internet_users_pct,IT.NET.USER.ZS,IDB,2020,28.7
internet_users_pct,IT.NET.USER.ZS,IDB,2019,26.9
internet_users_pct,IT.NET.USER.ZS,IDX,2022,30.7
internet_users_pct,IT.NET.USER.ZS,IDX,2021,28.4
internet_users_pct,IT.NET.USER.ZS,IDX,2020,26.0
internet_users_pct,IT.NET.USER.ZS,IDX,2019,22.8
internet_users_pct,IT.NET.USER.ZS,IDA,2022,32.8
internet_users_pct,IT.NET.USER.ZS,IDA,2021,29.8
internet_users_pct,IT.NET.USER.ZS,IDA,2020,27.0
internet_users_pct,IT.NET.USER.ZS,IDA,2019,24.2
internet_users_pct,IT.NET.USER.ZS,LCN,2022,77.1
internet_users_pct,IT.NET.USER.ZS,LCN,2021,75.8
internet_users_pct,IT.NET.USER.ZS,LCN,2020,73.8
internet_users_pct,IT.NET.USER.ZS,LCN,2019,67.8
internet_users_pct,IT.NET.USER.ZS,LAC,2022,76.6
internet_users_pct,IT.NET.USER.ZS,LAC,2021,75.3
internet_users_pct,IT.NET.USER.ZS,LAC,2020,73.3
internet_users_pct,IT.NET.USER.ZS,LAC,2019,67.9
internet_users_pct,IT.NET.USER.ZS,TLA,2022,77.3
internet_users_pct,IT.NET.USER.ZS,TLA,2021,75.9
internet_users_pct,IT.NET.USER.ZS,TLA,2020,73.8
internet_users_pct,IT.NET.USER.ZS,TLA,2019,67.7
internet_users_pct,IT.NET.USER.ZS,LDC,2022,28.2
internet_users_pct,IT.NET.USER.ZS,LDC,2021,26.1
internet_users_pct,IT.NET.USER.ZS,LDC,2020,24.1
internet_users_pct,IT.NET.USER.ZS,LDC,2019,21.2
internet_users_pct,IT.NET.USER.ZS,MEA,2022,57.8
internet_users_pct,IT.NET.USER.ZS,MEA,2021,54.2
internet_users_pct,IT.NET.USER.ZS,MEA,2020,50.6
internet_users_pct,IT.NET.USER.ZS,MEA,2019,46.0
internet_users_pct,IT.NET.USER.ZS,MNA,2022,54.1
internet_users_pct,IT.NET.USER.ZS,MNA,2021,50.2
internet_users_pct,IT.NET.USER.ZS,MNA,2020,46.4
internet_users_pct,IT.NET.USER.ZS,MNA,2019,41.5
internet_users_pct,IT.NET.USER.ZS,TMN,2022,53.8
internet_users_pct,IT.NET.USER.ZS,TMN,2021,50.0
internet_users_pct,IT.NET.USER.ZS,TMN,2020,46.2
internet_users_pct,IT.NET.USER.ZS,TMN,2019,41.3
internet_users_pct,IT.NET.USER.ZS,NAC,2022,92.6
internet_users_pct,IT.NET.USER.ZS,NAC,2021,91.5
internet_users_pct,IT.NET.USER.ZS,NAC,2020,90.5
internet_users_pct,IT.NET.USER.ZS,NAC,2019,89.7
internet_users_pct,IT.NET.USER.ZS,SST,2022,70.5
internet_users_pct,IT.NET.USER.ZS,SST,2021,69.1
internet_users_pct,IT.NET.USER.ZS,SST,2020,65.6
internet_users_pct,IT.NET.USER.ZS,SST,2019,62.1
internet_users_pct,IT.NET.USER.ZS,SAS,2022,54.2
internet_users_pct,IT.NET.USER.ZS,SAS,2021,48.0
internet_users_pct,IT.NET.USER.ZS,SAS,2020,42.5
internet_users_pct,IT.NET.USER.ZS,SAS,2019,29.7
internet_users_pct,IT.NET.USER.ZS,TSA,2022,54.2
internet_users_pct,IT.NET.USER.ZS,TSA,2021,48.0
internet_users_pct,IT.NET.USER.ZS,TSA,2020,42.5
internet_users_pct,IT.NET.USER.ZS,TSA,2019,29.7
internet_users_pct,IT.NET.USER.ZS,SSF,2022,31.1
internet_users_pct,IT.NET.USER.ZS,SSF,2021,29.0
internet_users_pct,IT.NET.USER.ZS,SSF,2020,26.7
internet_users_pct,IT.NET.USER.ZS,SSF,2019,24.4
internet_users_pct,IT.NET.USER.ZS,SSA,2022,32.7
internet_users_pct,IT.NET.USER.ZS,SSA,2021,30.3
internet_users_pct,IT.NET.USER.ZS,SSA,2020,28.0
internet_users_pct,IT.NET.USER.ZS,SSA,2019,25.3
internet_users_pct,IT.NET.USER.ZS,TSS,2022,31.1
internet_users_pct,IT.NET.USER.ZS,TSS,2021,28.9
internet_users_pct,IT.NET.USER.ZS,TSS,2020,26.8
internet_users_pct,IT.NET.USER.ZS,TSS,2019,24.4
internet_users_pct,IT.NET.USER.ZS,WLD,2022,67.0
internet_users_pct,IT.NET.USER.ZS,WLD,2021,63.8
internet_users_pct,IT.NET.USER.ZS,WLD,2020,60.1
internet_users_pct,IT.NET.USER.ZS,WLD,2019,53.9
internet_users_pct,IT.NET.USER.ZS,AFG,2022,15.86629963
internet_users_pct,IT.NET.USER.ZS,AFG,2021,16.51429939
internet_users_pct,IT.NET.USER.ZS,AFG,2020,17.04850006
internet_users_pct,IT.NET.USER.ZS,AFG,2019,17.60000038
internet_users_pct,IT.NET.USER.ZS,ALB,2022,82.61367544
internet_users_pct,IT.NET.USER.ZS,ALB,2021,79.32371752
internet_users_pct,IT.NET.USER.ZS,ALB,2020,72.23767711
internet_users_pct,IT.NET.USER.ZS,ALB,2019,68.5503911218006
internet_users_pct,IT.NET.USER.ZS,DZA,2022,74.78150177
internet_users_pct,IT.NET.USER.ZS,DZA,2021,72.21240234
internet_users_pct,IT.NET.USER.ZS,DZA,2020,63.47269821
internet_users_pct,IT.NET.USER.ZS,DZA,2019,55.79069901
internet_users_pct,IT.NET.USER.ZS,AND,2022,94.05169678
internet_users_pct,IT.NET.USER.ZS,AND,2021,93.89749908
internet_users_pct,IT.NET.USER.ZS,AND,2020,93.20570374
internet_users_pct,IT.NET.USER.ZS,AND,2019,90.71869659
internet_users_pct,IT.NET.USER.ZS,AGO,2022,35.83800125
internet_users_pct,IT.NET.USER.ZS,AGO,2021,34.55649948
internet_users_pct,IT.NET.USER.ZS,AGO,2020,33.32089996
internet_users_pct,IT.NET.USER.ZS,AGO,2019,32.12939835
internet_users_pct,IT.NET.USER.ZS,ATG,2022,71.9233017
internet_users_pct,IT.NET.USER.ZS,ATG,2021,71.64530182
internet_users_pct,IT.NET.USER.ZS,ATG,2020,71.36840057
internet_users_pct,IT.NET.USER.ZS,ATG,2019,71.09259796
internet_users_pct,IT.NET.USER.ZS,ARG,2022,88.37535691
internet_users_pct,IT.NET.USER.ZS,ARG,2021,87.15070683
internet_users_pct,IT.NET.USER.ZS,ARG,2020,85.51438646
internet_users_pct,IT.NET.USER.ZS,ARG,2019,79.9469520347551
internet_users_pct,IT.NET.USER.ZS,ARM,2022,77.02767465
internet_users_pct,IT.NET.USER.ZS,ARM,2021,78.61225758
internet_users_pct,IT.NET.USER.ZS,ARM,2020,76.50770055
internet_users_pct,IT.NET.USER.ZS,ARM,2019,66.5439496866159
internet_users_pct,IT.NET.USER.ZS,AUS,2022,96.11940002
internet_users_pct,IT.NET.USER.ZS,AUS,2021,96.97219849
internet_users_pct,IT.NET.USER.ZS,AUS,2020,94.6934967
internet_users_pct,IT.NET.USER.ZS,AUS,2019,93.60990143
internet_users_pct,IT.NET.USER.ZS,AUT,2022,93.61409139
internet_users_pct,IT.NET.USER.ZS,AUT,2021,92.52915104
internet_users_pct,IT.NET.USER.ZS,AUT,2020,87.52942813
internet_users_pct,IT.NET.USER.ZS,AUT,2019,87.7522047870069
internet_users_pct,IT.NET.USER.ZS,AZE,2022,88.0
internet_users_pct,IT.NET.USER.ZS,AZE,2021,85.99998954
internet_users_pct,IT.NET.USER.ZS,AZE,2020,84.59999573
internet_users_pct,IT.NET.USER.ZS,AZE,2019,81.0999990651547
internet_users_pct,IT.NET.USER.ZS,BHS,2022,92.2559967
internet_users_pct,IT.NET.USER.ZS,BHS,2021,92.34980011
internet_users_pct,IT.NET.USER.ZS,BHS,2020,92.4437027
internet_users_pct,IT.NET.USER.ZS,BHS,2019,90.69329834
internet_users_pct,IT.NET.USER.ZS,BHR,2022,100.0
internet_users_pct,IT.NET.USER.ZS,BHR,2021,100.0
internet_users_pct,IT.NET.USER.ZS,BHR,2020,99.67103159
internet_users_pct,IT.NET.USER.ZS,BHR,2019,99.7015043807778
internet_users_pct,IT.NET.USER.ZS,BGD,2022,41.61650085
internet_users_pct,IT.NET.USER.ZS,BGD,2021,38.91744466
internet_users_pct,IT.NET.USER.ZS,BGD,2020,36.10910034
internet_users_pct,IT.NET.USER.ZS,BGD,2019,30.38310051
internet_users_pct,IT.NET.USER.ZS,BRB,2022,69.06359863
internet_users_pct,IT.NET.USER.ZS,BRB,2021,69.4756012
internet_users_pct,IT.NET.USER.ZS,BRB,2020,69.89009857
internet_users_pct,IT.NET.USER.ZS,BRB,2019,70.30709839
internet_users_pct,IT.NET.USER.ZS,BLR,2022,89.50733148
internet_users_pct,IT.NET.USER.ZS,BLR,2021,86.88841196
internet_users_pct,IT.NET.USER.ZS,BLR,2020,85.08791245
internet_users_pct,IT.NET.USER.ZS,BLR,2019,82.7891520910901
internet_users_pct,IT.NET.USER.ZS,BEL,2022,94.00783071
internet_users_pct,IT.NET.USER.ZS,BEL,2021,92.78867618
internet_users_pct,IT.NET.USER.ZS,BEL,2020,91.52641629
internet_users_pct,IT.NET.USER.ZS,BEL,2019,90.275428012141
internet_users_pct,IT.NET.USER.ZS,BLZ,2022,69.98329926
internet_users_pct,IT.NET.USER.ZS,BLZ,2021,70.65370178
internet_users_pct,IT.NET.USER.ZS,BLZ,2020,64.43589783
internet_users_pct,IT.NET.USER.ZS,BLZ,2019,58.76520157
internet_users_pct,IT.NET.USER.ZS,BEN,2022,30.53730011
internet_users_pct,IT.NET.USER.ZS,BEN,2021,28.20470047
internet_users_pct,IT.NET.USER.ZS,BEN,2020,22.12059975
internet_users_pct,IT.NET.USER.ZS,BEN,2019,20.50099945
internet_users_pct,IT.NET.USER.ZS,BTN,2022,88.35620117
internet_users_pct,IT.NET.USER.ZS,BTN,2021,85.63688389
internet_users_pct,IT.NET.USER.ZS,BTN,2020,76.85079956
internet_users_pct,IT.NET.USER.ZS,BTN,2019,74.17939758
internet_users_pct,IT.NET.USER.ZS,BOL,2022,72.62270355
internet_users_pct,IT.NET.USER.ZS,BOL,2021,65.9773785
internet_users_pct,IT.NET.USER.ZS,BOL,2020,59.94010155
internet_users_pct,IT.NET.USER.ZS,BOL,2019,47.4748191121692
internet_users_pct,IT.NET.USER.ZS,BIH,2022,78.8455371
internet_users_pct,IT.NET.USER.ZS,BIH,2021,75.67620138
internet_users_pct,IT.NET.USER.ZS,BIH,2020,73.21175294
internet_users_pct,IT.NET.USER.ZS,BIH,2019,69.9463476317266
internet_users_pct,IT.NET.USER.ZS,BWA,2022,57.9
internet_users_pct,IT.NET.USER.ZS,BWA,2021,54.70069885
internet_users_pct,IT.NET.USER.ZS,BWA,2020,51.67819977
internet_users_pct,IT.NET.USER.ZS,BWA,2019,48.82279968
internet_users_pct,IT.NET.USER.ZS,BRA,2022,80.52775094
internet_users_pct,IT.NET.USER.ZS,BRA,2021,80.68989314
internet_users_pct,IT.NET.USER.ZS,BRA,2020,81.34269353
internet_users_pct,IT.NET.USER.ZS,BRA,2019,73.9124399133589
internet_users_pct,IT.NET.USER.ZS,BRN,2022,98.97042579
internet_users_pct,IT.NET.USER.ZS,BRN,2021,97.62879944
internet_users_pct,IT.NET.USER.ZS,BRN,2020,96.30549622
internet_users_pct,IT.NET.USER.ZS,BRN,2019,95.0
internet_users_pct,IT.NET.USER.ZS,BGR,2022,79.12686326
internet_users_pct,IT.NET.USER.ZS,BGR,2021,75.27144583
internet_users_pct,IT.NET.USER.ZS,BGR,2020,70.16248359
internet_users_pct,IT.NET.USER.ZS,BGR,2019,67.9469809417603
internet_users_pct,IT.NET.USER.ZS,BFA,2022,25.3987999
internet_users_pct,IT.NET.USER.ZS,BFA,2021,18.1522007
internet_users_pct,IT.NET.USER.ZS,BFA,2020,12.97319984
internet_users_pct,IT.NET.USER.ZS,BFA,2019,9.27180600953186
internet_users_pct,IT.NET.USER.ZS,BDI,2022,7.144800186
internet_users_pct,IT.NET.USER.ZS,BDI,2021,6.777999878
internet_users_pct,IT.NET.USER.ZS,BDI,2020,6.430099964
internet_users_pct,IT.NET.USER.ZS,BDI,2019,6.072199821
internet_users_pct,IT.NET.USER.ZS,CPV,2022,73.32740021
internet_users_pct,IT.NET.USER.ZS,CPV,2021,70.28250122
internet_users_pct,IT.NET.USER.ZS,CPV,2020,69.37339783
internet_users_pct,IT.NET.USER.ZS,CPV,2019,61.9433977593088
internet_users_pct,IT.NET.USER.ZS,KHM,2022,65.49079895
internet_users_pct,IT.NET.USER.ZS,KHM,2021,60.76269913
internet_users_pct,IT.NET.USER.ZS,KHM,2020,56.37590027
internet_users_pct,IT.NET.USER.ZS,KHM,2019,52.305878224498
internet_users_pct,IT.NET.USER.ZS,CMR,2022,40.12559891
internet_users_pct,IT.NET.USER.ZS,CMR,2021,38.89260101
internet_users_pct,IT.NET.USER.ZS,CMR,2020,37.69749832
internet_users_pct,IT.NET.USER.ZS,CMR,2019,36.53919983
internet_users_pct,IT.NET.USER.ZS,CAN,2022,94.0
internet_users_pct,IT.NET.USER.ZS,CAN,2021,93.93710327
internet_users_pct,IT.NET.USER.ZS,CAN,2020,92.3
internet_users_pct,IT.NET.USER.ZS,CAN,2019,91.91290283
internet_users_pct,IT.NET.USER.ZS,CAF,2022,13.75360012
internet_users_pct,IT.NET.USER.ZS,CAF,2019,7.509200096
internet_users_pct,IT.NET.USER.ZS,TCD,2022,11.17029953
internet_users_pct,IT.NET.USER.ZS,TCD,2021,9.653699875
internet_users_pct,IT.NET.USER.ZS,TCD,2020,8.343099594
internet_users_pct,IT.NET.USER.ZS,TCD,2019,7.618199825
internet_users_pct,IT.NET.USER.ZS,CHL,2022,92.31819916
internet_users_pct,IT.NET.USER.ZS,CHL,2021,90.23280334
internet_users_pct,IT.NET.USER.ZS,CHL,2020,87.45929718
internet_users_pct,IT.NET.USER.ZS,CHL,2019,85.01760101
internet_users_pct,IT.NET.USER.ZS,CHN,2022,75.61131603
internet_users_pct,IT.NET.USER.ZS,CHN,2021,73.05323517
internet_users_pct,IT.NET.USER.ZS,CHN,2020,70.05275998
internet_users_pct,IT.NET.USER.ZS,CHN,2019,64.080881297515
internet_users_pct,IT.NET.USER.ZS,COL,2022,72.79637855
internet_users_pct,IT.NET.USER.ZS,COL,2021,73.02837449
internet_users_pct,IT.NET.USER.ZS,COL,2020,69.79533474
internet_users_pct,IT.NET.USER.ZS,COL,2019,65.0069007159493
internet_users_pct,IT.NET.USER.ZS,COM,2022,31.37409973
internet_users_pct,IT.NET.USER.ZS,COM,2021,30.68120003
internet_users_pct,IT.NET.USER.ZS,COM,2020,22.42040062
internet_users_pct,IT.NET.USER.ZS,COM,2019,16.38380051
internet_users_pct,IT.NET.USER.ZS,COD,2022,17.99620056
internet_users_pct,IT.NET.USER.ZS,COD,2021,16.1595993
internet_users_pct,IT.NET.USER.ZS,COD,2020,14.51049995
internet_users_pct,IT.NET.USER.ZS,COD,2019,13.02970028
internet_users_pct,IT.NET.USER.ZS,COG,2022,40.98669815
internet_users_pct,IT.NET.USER.ZS,COG,2021,30.02739906
internet_users_pct,IT.NET.USER.ZS,COG,2020,21.99850082
internet_users_pct,IT.NET.USER.ZS,COG,2019,16.11639977
internet_users_pct,IT.NET.USER.ZS,CRI,2022,82.59801121
internet_users_pct,IT.NET.USER.ZS,CRI,2021,82.74901607
internet_users_pct,IT.NET.USER.ZS,CRI,2020,80.53018608
internet_users_pct,IT.NET.USER.ZS,CRI,2019,81.2025964435269
internet_users_pct,IT.NET.USER.ZS,CIV,2022,38.41328122
internet_users_pct,IT.NET.USER.ZS,CIV,2021,35.95069885
internet_users_pct,IT.NET.USER.ZS,CIV,2020,36.01660156
internet_users_pct,IT.NET.USER.ZS,CIV,2019,36.2889545655205
internet_users_pct,IT.NET.USER.ZS,HRV,2022,82.07155532
internet_users_pct,IT.NET.USER.ZS,HRV,2021,81.25396608
internet_users_pct,IT.NET.USER.ZS,HRV,2020,78.32090004
internet_users_pct,IT.NET.USER.ZS,HRV,2019,79.0797836757554
internet_users_pct,IT.NET.USER.ZS,CUB,2022,67.88410187
internet_users_pct,IT.NET.USER.ZS,CUB,2021,67.64354869
internet_users_pct,IT.NET.USER.ZS,CUB,2020,71.11907507
internet_users_pct,IT.NET.USER.ZS,CUB,2019,67.9708086565152
internet_users_pct,IT.NET.USER.ZS,CYP,2022,89.60099194
internet_users_pct,IT.NET.USER.ZS,CYP,2021,90.75951564
internet_users_pct,IT.NET.USER.ZS,CYP,2020,90.80194644
internet_users_pct,IT.NET.USER.ZS,CYP,2019,86.0636299618935
internet_users_pct,IT.NET.USER.ZS,CZE,2022,84.54009378
internet_users_pct,IT.NET.USER.ZS,CZE,2021,82.67062427
internet_users_pct,IT.NET.USER.ZS,CZE,2020,81.33889705
internet_users_pct,IT.NET.USER.ZS,CZE,2019,80.8669444139622
internet_users_pct,IT.NET.USER.ZS,DNK,2022,97.86011812
internet_users_pct,IT.NET.USER.ZS,DNK,2021,98.8658506
internet_users_pct,IT.NET.USER.ZS,DNK,2020,96.54914573
internet_users_pct,IT.NET.USER.ZS,DNK,2019,98.0464347521549
internet_users_pct,IT.NET.USER.ZS,DJI,2022,63.77600098
internet_users_pct,IT.NET.USER.ZS,DJI,2021,61.41120148
internet_users_pct,IT.NET.USER.ZS,DJI,2020,59.92570114
internet_users_pct,IT.NET.USER.ZS,DJI,2019,58.4762001
internet_users_pct,IT.NET.USER.ZS,DMA,2022,80.57980347
internet_users_pct,IT.NET.USER.ZS,DMA,2021,78.07949829
internet_users_pct,IT.NET.USER.ZS,DMA,2020,75.65670013
internet_users_pct,IT.NET.USER.ZS,DMA,2019,73.38200378
internet_users_pct,IT.NET.USER.ZS,DOM,2022,81.51269675
internet_users_pct,IT.NET.USER.ZS,DOM,2021,85.24298638
internet_users_pct,IT.NET.USER.ZS,DOM,2020,81.61730194
internet_users_pct,IT.NET.USER.ZS,DOM,2019,79.71549988
internet_users_pct,IT.NET.USER.ZS,ECU,2022,69.71811356
internet_users_pct,IT.NET.USER.ZS,ECU,2021,69.1147995
internet_users_pct,IT.NET.USER.ZS,ECU,2020,70.7
internet_users_pct,IT.NET.USER.ZS,ECU,2019,59.2
internet_users_pct,IT.NET.USER.ZS,EGY,2022,72.19806556
internet_users_pct,IT.NET.USER.ZS,EGY,2021,72.05599976
internet_users_pct,IT.NET.USER.ZS,EGY,2020,71.91420096
internet_users_pct,IT.NET.USER.ZS,EGY,2019,57.2828663990195
internet_users_pct,IT.NET.USER.ZS,SLV,2022,60.05609894
internet_users_pct,IT.NET.USER.ZS,SLV,2021,57.26380157
internet_users_pct,IT.NET.USER.ZS,SLV,2020,54.60136976
internet_users_pct,IT.NET.USER.ZS,SLV,2019,50.4911940673888
internet_users_pct,IT.NET.USER.ZS,GNQ,2022,63.65950012
internet_users_pct,IT.NET.USER.ZS,GNQ,2021,58.71730042
internet_users_pct,IT.NET.USER.ZS,GNQ,2020,55.00130081
internet_users_pct,IT.NET.USER.ZS,GNQ,2019,49.13370132
internet_users_pct,IT.NET.USER.ZS,ERI,2020,14.34939957
internet_users_pct,IT.NET.USER.ZS,ERI,2019,11.22379971
internet_users_pct,IT.NET.USER.ZS,EST,2022,91.52016546
internet_users_pct,IT.NET.USER.ZS,EST,2021,90.97970174
internet_users_pct,IT.NET.USER.ZS,EST,2020,89.05828666
internet_users_pct,IT.NET.USER.ZS,EST,2019,90.2289281997919
internet_users_pct,IT.NET.USER.ZS,SWZ,2022,57.34370041
internet_users_pct,IT.NET.USER.ZS,SWZ,2021,53.99530029
internet_users_pct,IT.NET.USER.ZS,SWZ,2020,49.01300049
internet_users_pct,IT.NET.USER.ZS,SWZ,2019,43.93389893
internet_users_pct,IT.NET.USER.ZS,ETH,2022,17.9836998
internet_users_pct,IT.NET.USER.ZS,ETH,2021,16.6981031
internet_users_pct,IT.NET.USER.ZS,ETH,2020,16.06959915
internet_users_pct,IT.NET.USER.ZS,ETH,2019,15.98460007
internet_users_pct,IT.NET.USER.ZS,FJI,2022,72.56549835
internet_users_pct,IT.NET.USER.ZS,FJI,2021,70.56800079
internet_users_pct,IT.NET.USER.ZS,FJI,2020,68.62560272
internet_users_pct,IT.NET.USER.ZS,FJI,2019,63.21789932
internet_users_pct,IT.NET.USER.ZS,FIN,2022,92.98879471
internet_users_pct,IT.NET.USER.ZS,FIN,2021,92.80806082
internet_users_pct,IT.NET.USER.ZS,FIN,2020,92.17027106
internet_users_pct,IT.NET.USER.ZS,FIN,2019,89.6073851129779
internet_users_pct,IT.NET.USER.ZS,FRA,2022,85.33331734
internet_users_pct,IT.NET.USER.ZS,FRA,2021,86.09548575
internet_users_pct,IT.NET.USER.ZS,FRA,2020,84.70639801
internet_users_pct,IT.NET.USER.ZS,FRA,2019,83.3397440866883
internet_users_pct,IT.NET.USER.ZS,GAB,2022,67.67169952
internet_users_pct,IT.NET.USER.ZS,GAB,2021,65.76809692
internet_users_pct,IT.NET.USER.ZS,GAB,2020,63.91790009
internet_users_pct,IT.NET.USER.ZS,GAB,2019,59.51760101
internet_users_pct,IT.NET.USER.ZS,GMB,2022,48.22539902
internet_users_pct,IT.NET.USER.ZS,GMB,2021,41.67309952
internet_users_pct,IT.NET.USER.ZS,GMB,2020,36.01100159
internet_users_pct,IT.NET.USER.ZS,GMB,2019,31.11829948
internet_users_pct,IT.NET.USER.ZS,GEO,2022,78.71127536
internet_users_pct,IT.NET.USER.ZS,GEO,2021,76.4427093
internet_users_pct,IT.NET.USER.ZS,GEO,2020,72.53157487
internet_users_pct,IT.NET.USER.ZS,GEO,2019,68.8467135616978
internet_users_pct,IT.NET.USER.ZS,DEU,2022,91.62984383
internet_users_pct,IT.NET.USER.ZS,DEU,2021,91.43060973
internet_users_pct,IT.NET.USER.ZS,DEU,2020,89.81294133
internet_users_pct,IT.NET.USER.ZS,DEU,2019,88.1345169091916
internet_users_pct,IT.NET.USER.ZS,GHA,2022,69.91329956
internet_users_pct,IT.NET.USER.ZS,GHA,2021,68.6
internet_users_pct,IT.NET.USER.ZS,GHA,2020,62.51760101
internet_users_pct,IT.NET.USER.ZS,GHA,2019,22.0732
internet_users_pct,IT.NET.USER.ZS,GRC,2022,83.17066333
internet_users_pct,IT.NET.USER.ZS,GRC,2021,78.49426371
internet_users_pct,IT.NET.USER.ZS,GRC,2020,78.11584474
internet_users_pct,IT.NET.USER.ZS,GRC,2019,75.6712066931757
internet_users_pct,IT.NET.USER.ZS,GRD,2022,68.42030334
internet_users_pct,IT.NET.USER.ZS,GRD,2021,67.02279663
internet_users_pct,IT.NET.USER.ZS,GRD,2020,65.65380096
internet_users_pct,IT.NET.USER.ZS,GRD,2019,64.31279755
internet_users_pct,IT.NET.USER.ZS,GTM,2022,54.40430069
internet_users_pct,IT.NET.USER.ZS,GTM,2021,50.84164945
internet_users_pct,IT.NET.USER.ZS,GTM,2020,47.51229858
internet_users_pct,IT.NET.USER.ZS,GTM,2019,44.401049838502
internet_users_pct,IT.NET.USER.ZS,GIN,2022,31.31399918
internet_users_pct,IT.NET.USER.ZS,GIN,2021,28.61330032
internet_users_pct,IT.NET.USER.ZS,GIN,2020,26.14550018
internet_users_pct,IT.NET.USER.ZS,GIN,2019,23.89049911
internet_users_pct,IT.NET.USER.ZS,GNB,2022,27.67379951
internet_users_pct,IT.NET.USER.ZS,GNB,2021,23.3519001
internet_users_pct,IT.NET.USER.ZS,GNB,2020,20.45730019
internet_users_pct,IT.NET.USER.ZS,GNB,2019,17.92149925
internet_users_pct,IT.NET.USER.ZS,GUY,2022,76.56240082
internet_users_pct,IT.NET.USER.ZS,GUY,2021,71.65090179
internet_users_pct,IT.NET.USER.ZS,GUY,2020,62.95399857
internet_users_pct,IT.NET.USER.ZS,GUY,2019,55.31269836
internet_users_pct,IT.NET.USER.ZS,HTI,2022,47.77470016
internet_users_pct,IT.NET.USER.ZS,HTI,2021,43.37919998
internet_users_pct,IT.NET.USER.ZS,HTI,2020,39.38809967
internet_users_pct,IT.NET.USER.ZS,HTI,2019,35.76409912
internet_users_pct,IT.NET.USER.ZS,HND,2022,56.88069916
internet_users_pct,IT.NET.USER.ZS,HND,2021,51.95159912
internet_users_pct,IT.NET.USER.ZS,HND,2020,45.24829865
internet_users_pct,IT.NET.USER.ZS,HND,2019,39.3883521850111
internet_users_pct,IT.NET.USER.ZS,HKG,2022,95.61357052
internet_users_pct,IT.NET.USER.ZS,HKG,2021,93.08715788
internet_users_pct,IT.NET.USER.ZS,HKG,2020,92.41313602
internet_users_pct,IT.NET.USER.ZS,HKG,2019,91.7434003891587
internet_users_pct,IT.NET.USER.ZS,HUN,2022,89.14282688
internet_users_pct,IT.NET.USER.ZS,HUN,2021,88.64083466
internet_users_pct,IT.NET.USER.ZS,HUN,2020,84.77115202
internet_users_pct,IT.NET.USER.ZS,HUN,2019,80.3716936050482
internet_users_pct,IT.NET.USER.ZS,ISL,2022,97.58339691
internet_users_pct,IT.NET.USER.ZS,ISL,2021,99.68701957
internet_users_pct,IT.NET.USER.ZS,ISL,2020,99.5327519
internet_users_pct,IT.NET.USER.ZS,ISL,2019,99.5049411693787
internet_users_pct,IT.NET.USER.ZS,IND,2022,55.9
internet_users_pct,IT.NET.USER.ZS,IND,2021,49.2580986
internet_users_pct,IT.NET.USER.ZS,IND,2020,43.40544313
internet_users_pct,IT.NET.USER.ZS,IND,2019,29.52350044
internet_users_pct,IT.NET.USER.ZS,IDN,2022,66.48461277
internet_users_pct,IT.NET.USER.ZS,IDN,2021,62.10447842
internet_users_pct,IT.NET.USER.ZS,IDN,2020,53.72649449
internet_users_pct,IT.NET.USER.ZS,IDN,2019,47.6906489788375
internet_users_pct,IT.NET.USER.ZS,IRN,2022,81.71649933
internet_users_pct,IT.NET.USER.ZS,IRN,2021,78.5957366
internet_users_pct,IT.NET.USER.ZS,IRN,2020,75.56986637
internet_users_pct,IT.NET.USER.ZS,IRN,2019,72.4509047672065
internet_users_pct,IT.NET.USER.ZS,IRQ,2022,78.71560926
internet_users_pct,IT.NET.USER.ZS,IRQ,2021,65.00219727
internet_users_pct,IT.NET.USER.ZS,IRQ,2020,53.67779922
internet_users_pct,IT.NET.USER.ZS,IRQ,2019,44.3263465511579
internet_users_pct,IT.NET.USER.ZS,IRL,2022,95.03690338
internet_users_pct,IT.NET.USER.ZS,IRL,2021,93.50610352
internet_users_pct,IT.NET.USER.ZS,IRL,2020,91.99989097
internet_users_pct,IT.NET.USER.ZS,IRL,2019,87.0000552425146
internet_users_pct,IT.NET.USER.ZS,ISR,2022,91.85079615
internet_users_pct,IT.NET.USER.ZS,ISR,2021,90.29689758
internet_users_pct,IT.NET.USER.ZS,ISR,2020,90.12734091
internet_users_pct,IT.NET.USER.ZS,ISR,2019,86.7878776180583
internet_users_pct,IT.NET.USER.ZS,ITA,2022,85.06074504
internet_users_pct,IT.NET.USER.ZS,ITA,2021,74.8623274
internet_users_pct,IT.NET.USER.ZS,ITA,2020,70.48342785
internet_users_pct,IT.NET.USER.ZS,ITA,2019,67.8507102874836
internet_users_pct,IT.NET.USER.ZS,JAM,2022,85.84329987
internet_users_pct,IT.NET.USER.ZS,JAM,2021,82.36071561
internet_users_pct,IT.NET.USER.ZS,JAM,2020,76.38400269
internet_users_pct,IT.NET.USER.ZS,JAM,2019,70.8410169743356
internet_users_pct,IT.NET.USER.ZS,JPN,2022,84.92343147
internet_users_pct,IT.NET.USER.ZS,JPN,2021,82.91407928
internet_users_pct,IT.NET.USER.ZS,JPN,2020,90.21945812
internet_users_pct,IT.NET.USER.ZS,JPN,2019,92.7303978145525
internet_users_pct,IT.NET.USER.ZS,JOR,2022,90.4999984
internet_users_pct,IT.NET.USER.ZS,JOR,2021,85.999997
internet_users_pct,IT.NET.USER.ZS,JOR,2020,78.4178009
internet_users_pct,IT.NET.USER.ZS,JOR,2019,70.08470154
internet_users_pct,IT.NET.USER.ZS,KAZ,2022,92.29685266
internet_users_pct,IT.NET.USER.ZS,KAZ,2021,90.9239507
internet_users_pct,IT.NET.USER.ZS,KAZ,2020,85.94259898
internet_users_pct,IT.NET.USER.ZS,KAZ,2019,81.8776204746284
internet_users_pct,IT.NET.USER.ZS,KEN,2022,29.40589905
internet_users_pct,IT.NET.USER.ZS,KEN,2021,26.96290016
internet_users_pct,IT.NET.USER.ZS,KEN,2020,24.7227993
internet_users_pct,IT.NET.USER.ZS,KEN,2019,22.6687733618171
internet_users_pct,IT.NET.USER.ZS,KIR,2022,84.99849701
internet_users_pct,IT.NET.USER.ZS,KIR,2021,67.08760071
internet_users_pct,IT.NET.USER.ZS,KIR,2020,52.95090103
internet_users_pct,IT.NET.USER.ZS,KIR,2019,41.79299927
internet_users_pct,IT.NET.USER.ZS,KOR,2022,97.16855335
internet_users_pct,IT.NET.USER.ZS,KOR,2021,97.57132698
internet_users_pct,IT.NET.USER.ZS,KOR,2020,96.50506052
internet_users_pct,IT.NET.USER.ZS,KOR,2019,96.157579184239
internet_users_pct,IT.NET.USER.ZS,KWT,2022,99.74729919
internet_users_pct,IT.NET.USER.ZS,KWT,2021,99.7
internet_users_pct,IT.NET.USER.ZS,KWT,2020,99.10587017
internet_users_pct,IT.NET.USER.ZS,KWT,2019,99.5426764518489
internet_users_pct,IT.NET.USER.ZS,KGZ,2022,84.1937027
internet_users_pct,IT.NET.USER.ZS,KGZ,2021,77.11769867
internet_users_pct,IT.NET.USER.ZS,KGZ,2020,72.0
internet_users_pct,IT.NET.USER.ZS,KGZ,2019,64.1
internet_users_pct,IT.NET.USER.ZS,LAO,2022,64.54000092
internet_users_pct,IT.NET.USER.ZS,LAO,2021,62.0
internet_users_pct,IT.NET.USER.ZS,LAO,2020,54.0
internet_users_pct,IT.NET.USER.ZS,LAO,2019,47.03229904
internet_users_pct,IT.NET.USER.ZS,LVA,2022,91.03009059
internet_users_pct,IT.NET.USER.ZS,LVA,2021,91.17964988
internet_users_pct,IT.NET.USER.ZS,LVA,2020,88.89796078
internet_users_pct,IT.NET.USER.ZS,LVA,2019,86.13545644343
internet_users_pct,IT.NET.USER.ZS,LBN,2022,81.46479797
internet_users_pct,IT.NET.USER.ZS,LBN,2021,82.65599823
internet_users_pct,IT.NET.USER.ZS,LBN,2020,82.0664978
internet_users_pct,IT.NET.USER.ZS,LBN,2019,81.48120117
internet_users_pct,IT.NET.USER.ZS,LSO,2022,48.06959915
internet_users_pct,IT.NET.USER.ZS,LSO,2021,45.05670166
internet_users_pct,IT.NET.USER.ZS,LSO,2020,43.65750122
internet_users_pct,IT.NET.USER.ZS,LSO,2019,42.301733569273
internet_users_pct,IT.NET.USER.ZS,LBR,2022,30.38010025
internet_users_pct,IT.NET.USER.ZS,LBR,2021,26.38229942
internet_users_pct,IT.NET.USER.ZS,LBR,2020,22.91069984
internet_users_pct,IT.NET.USER.ZS,LBR,2019,19.89579964
internet_users_pct,IT.NET.USER.ZS,LBY,2022,80.64720154
internet_users_pct,IT.NET.USER.ZS,LBY,2021,77.438797
internet_users_pct,IT.NET.USER.ZS,LBY,2020,74.35810089
internet_users_pct,IT.NET.USER.ZS,LBY,2019,71.40409851
internet_users_pct,IT.NET.USER.ZS,LIE,2022,97.88069916
internet_users_pct,IT.NET.USER.ZS,LIE,2021,95.56939697
internet_users_pct,IT.NET.USER.ZS,LIE,2020,94.34999847
internet_users_pct,IT.NET.USER.ZS,LIE,2019,93.14610291
internet_users_pct,IT.NET.USER.ZS,LTU,2022,87.72420219
internet_users_pct,IT.NET.USER.ZS,LTU,2021,86.93054425
internet_users_pct,IT.NET.USER.ZS,LTU,2020,83.05554724
internet_users_pct,IT.NET.USER.ZS,LTU,2019,81.5818683764046
internet_users_pct,IT.NET.USER.ZS,LUX,2022,98.24203749
internet_users_pct,IT.NET.USER.ZS,LUX,2021,98.66086333
internet_users_pct,IT.NET.USER.ZS,LUX,2020,98.45962893
internet_users_pct,IT.NET.USER.ZS,LUX,2019,97.120635693272
internet_users_pct,IT.NET.USER.ZS,MAC,2022,89.48549652
internet_users_pct,IT.NET.USER.ZS,MAC,2021,88.46810492
internet_users_pct,IT.NET.USER.ZS,MAC,2020,87.46230316
internet_users_pct,IT.NET.USER.ZS,MAC,2019,86.4679257062588
internet_users_pct,IT.NET.USER.ZS,MDG,2022,17.81170082
internet_users_pct,IT.NET.USER.ZS,MDG,2021,13.74590015
internet_users_pct,IT.NET.USER.ZS,MDG,2020,11.35470009
internet_users_pct,IT.NET.USER.ZS,MDG,2019,9.379400253
internet_users_pct,IT.NET.USER.ZS,MWI,2022,16.84830093
internet_users_pct,IT.NET.USER.ZS,MWI,2021,15.30300045
internet_users_pct,IT.NET.USER.ZS,MWI,2020,13.89949989
internet_users_pct,IT.NET.USER.ZS,MWI,2019,11.05860043
internet_users_pct,IT.NET.USER.ZS,MYS,2022,97.3986404
internet_users_pct,IT.NET.USER.ZS,MYS,2021,96.7514278
internet_users_pct,IT.NET.USER.ZS,MYS,2020,89.55501192
internet_users_pct,IT.NET.USER.ZS,MYS,2019,84.1871450078281
internet_users_pct,IT.NET.USER.ZS,MDV,2022,83.91189054
internet_users_pct,IT.NET.USER.ZS,MDV,2021,81.95760345
internet_users_pct,IT.NET.USER.ZS,MDV,2020,79.09780121
internet_users_pct,IT.NET.USER.ZS,MDV,2019,77.46970367
internet_users_pct,IT.NET.USER.ZS,MLI,2022,35.19919968
internet_users_pct,IT.NET.USER.ZS,MLI,2021,33.95650101
internet_users_pct,IT.NET.USER.ZS,MLI,2020,29.11300087
internet_users_pct,IT.NET.USER.ZS,MLI,2019,24.96030045
internet_users_pct,IT.NET.USER.ZS,MLT,2022,91.54062209
internet_users_pct,IT.NET.USER.ZS,MLT,2021,87.46977742
internet_users_pct,IT.NET.USER.ZS,MLT,2020,86.85876183
internet_users_pct,IT.NET.USER.ZS,MLT,2019,85.7785963798031
internet_users_pct,IT.NET.USER.ZS,MHL,2022,64.26719666
internet_users_pct,IT.NET.USER.ZS,MHL,2021,63.97259903
internet_users_pct,IT.NET.USER.ZS,MHL,2020,56.41910172
internet_users_pct,IT.NET.USER.ZS,MHL,2019,49.75749969
internet_users_pct,IT.NET.USER.ZS,MRT,2022,42.46450043
internet_users_pct,IT.NET.USER.ZS,MRT,2021,35.63660049
internet_users_pct,IT.NET.USER.ZS,MRT,2020,29.90649986
internet_users_pct,IT.NET.USER.ZS,MRT,2019,25.0977993
internet_users_pct,IT.NET.USER.ZS,MUS,2022,75.5
internet_users_pct,IT.NET.USER.ZS,MUS,2021,71.59999847
internet_users_pct,IT.NET.USER.ZS,MUS,2020,67.73290684
internet_users_pct,IT.NET.USER.ZS,MUS,2019,61.7299551453346
internet_users_pct,IT.NET.USER.ZS,MEX,2022,78.63217894
internet_users_pct,IT.NET.USER.ZS,MEX,2021,75.62650476
internet_users_pct,IT.NET.USER.ZS,MEX,2020,71.49017499
internet_users_pct,IT.NET.USER.ZS,MEX,2019,69.6321092705209
internet_users_pct,IT.NET.USER.ZS,FSM,2022,39.0279007
internet_users_pct,IT.NET.USER.ZS,FSM,2020,39.38330078
internet_users_pct,IT.NET.USER.ZS,FSM,2019,37.97370148
internet_users_pct,IT.NET.USER.ZS,MDA,2022,74.91899872
internet_users_pct,IT.NET.USER.ZS,MDA,2021,74.91899872
internet_users_pct,IT.NET.USER.ZS,MDA,2020,74.11830139
internet_users_pct,IT.NET.USER.ZS,MDA,2019,73.32610321
internet_users_pct,IT.NET.USER.ZS,MCO,2022,98.75189972
internet_users_pct,IT.NET.USER.ZS,MCO,2021,99.07759857
internet_users_pct,IT.NET.USER.ZS,MCO,2020,98.57080078
internet_users_pct,IT.NET.USER.ZS,MCO,2019,98.0
internet_users_pct,IT.NET.USER.ZS,MNG,2022,81.07720184
internet_users_pct,IT.NET.USER.ZS,MNG,2021,81.60682285
internet_users_pct,IT.NET.USER.ZS,MNG,2020,62.50002848
internet_users_pct,IT.NET.USER.ZS,MNG,2019,51.079994082603
internet_users_pct,IT.NET.USER.ZS,MNE,2022,88.22192026
internet_users_pct,IT.NET.USER.ZS,MNE,2021,82.21969752
internet_users_pct,IT.NET.USER.ZS,MNE,2020,77.60879306
internet_users_pct,IT.NET.USER.ZS,MNE,2019,73.4766657478691
internet_users_pct,IT.NET.USER.ZS,MAR,2022,89.9
internet_users_pct,IT.NET.USER.ZS,MAR,2021,88.13031937
internet_users_pct,IT.NET.USER.ZS,MAR,2020,84.12036305
internet_users_pct,IT.NET.USER.ZS,MAR,2019,84.1203630467602
internet_users_pct,IT.NET.USER.ZS,MOZ,2022,18.96220016
internet_users_pct,IT.NET.USER.ZS,MOZ,2021,16.35759926
internet_users_pct,IT.NET.USER.ZS,MOZ,2020,14.28740025
internet_users_pct,IT.NET.USER.ZS,MOZ,2019,12.47929955
internet_users_pct,IT.NET.USER.ZS,MMR,2020,45.4477005
internet_users_pct,IT.NET.USER.ZS,MMR,2019,36.54050064
internet_users_pct,IT.NET.USER.ZS,NAM,2022,62.99720001
internet_users_pct,IT.NET.USER.ZS,NAM,2021,60.25999832
internet_users_pct,IT.NET.USER.ZS,NAM,2020,57.8608017
internet_users_pct,IT.NET.USER.ZS,NAM,2019,49.77590179
internet_users_pct,IT.NET.USER.ZS,NRU,2022,83.22660065
internet_users_pct,IT.NET.USER.ZS,NRU,2021,80.29499817
internet_users_pct,IT.NET.USER.ZS,NRU,2020,77.46659851
internet_users_pct,IT.NET.USER.ZS,NRU,2019,74.73789978
internet_users_pct,IT.NET.USER.ZS,NPL,2022,45.45080185
internet_users_pct,IT.NET.USER.ZS,NPL,2021,40.98910141
internet_users_pct,IT.NET.USER.ZS,NPL,2020,36.96530151
internet_users_pct,IT.NET.USER.ZS,NPL,2019,33.33660126
internet_users_pct,IT.NET.USER.ZS,NLD,2022,92.51968504
internet_users_pct,IT.NET.USER.ZS,NLD,2021,92.05298013
internet_users_pct,IT.NET.USER.ZS,NLD,2020,91.33333333
internet_users_pct,IT.NET.USER.ZS,NLD,2019,93.2885906040269
internet_users_pct,IT.NET.USER.ZS,NZL,2022,93.07289886
internet_users_pct,IT.NET.USER.ZS,NZL,2021,91.99060059
internet_users_pct,IT.NET.USER.ZS,NZL,2020,90.92099762
internet_users_pct,IT.NET.USER.ZS,NZL,2019,89.86370087
internet_users_pct,IT.NET.USER.ZS,NIC,2022,59.38000107
internet_users_pct,IT.NET.USER.ZS,NIC,2021,51.62039948
internet_users_pct,IT.NET.USER.ZS,NIC,2020,44.87490082
internet_users_pct,IT.NET.USER.ZS,NIC,2019,39.01079941
internet_users_pct,IT.NET.USER.ZS,NER,2022,13.08749962
internet_users_pct,IT.NET.USER.ZS,NER,2021,12.45689964
internet_users_pct,IT.NET.USER.ZS,NER,2020,11.85680008
internet_users_pct,IT.NET.USER.ZS,NER,2019,11.28549957
internet_users_pct,IT.NET.USER.ZS,NGA,2022,39.14720154
internet_users_pct,IT.NET.USER.ZS,NGA,2021,35.50979996
internet_users_pct,IT.NET.USER.ZS,NGA,2020,31.88879967
internet_users_pct,IT.NET.USER.ZS,NGA,2019,29.74410057
internet_users_pct,IT.NET.USER.ZS,MKD,2022,83.85030365
internet_users_pct,IT.NET.USER.ZS,MKD,2021,81.873703
internet_users_pct,IT.NET.USER.ZS,MKD,2020,81.40553811
internet_users_pct,IT.NET.USER.ZS,MKD,2019,81.4128827618364
internet_users_pct,IT.NET.USER.ZS,NOR,2022,98.99997764
internet_users_pct,IT.NET.USER.ZS,NOR,2021,99.0000036
internet_users_pct,IT.NET.USER.ZS,NOR,2020,94.60755647
internet_users_pct,IT.NET.USER.ZS,NOR,2019,98.0000043853142
internet_users_pct,IT.NET.USER.ZS,OMN,2022,95.24530029
internet_users_pct,IT.NET.USER.ZS,OMN,2021,95.23880005
internet_users_pct,IT.NET.USER.ZS,OMN,2020,95.23229321
internet_users_pct,IT.NET.USER.ZS,OMN,2019,90.25939941
internet_users_pct,IT.NET.USER.ZS,PAK,2020,18.935
internet_users_pct,IT.NET.USER.ZS,PAK,2019,17.070901719916
internet_users_pct,IT.NET.USER.ZS,PLW,2022,82.56749725
internet_users_pct,IT.NET.USER.ZS,PAN,2022,67.2838974
internet_users_pct,IT.NET.USER.ZS,PAN,2021,66.04270172
internet_users_pct,IT.NET.USER.ZS,PAN,2020,64.82430267
internet_users_pct,IT.NET.USER.ZS,PAN,2019,63.6284147731451
internet_users_pct,IT.NET.USER.ZS,PNG,2022,18.25659943
internet_users_pct,IT.NET.USER.ZS,PNG,2021,16.55960083
internet_users_pct,IT.NET.USER.ZS,PNG,2020,15.02040005
internet_users_pct,IT.NET.USER.ZS,PNG,2019,13.62419987
internet_users_pct,IT.NET.USER.ZS,PRY,2022,76.25916611
internet_users_pct,IT.NET.USER.ZS,PRY,2021,77.01838621
internet_users_pct,IT.NET.USER.ZS,PRY,2020,73.95751114
internet_users_pct,IT.NET.USER.ZS,PRY,2019,68.5176284222264
internet_users_pct,IT.NET.USER.ZS,PER,2022,74.67495213
internet_users_pct,IT.NET.USER.ZS,PER,2021,71.10782643
internet_users_pct,IT.NET.USER.ZS,PER,2020,65.25179796
internet_users_pct,IT.NET.USER.ZS,PER,2019,59.9505036049006
internet_users_pct,IT.NET.USER.ZS,PHL,2022,75.21114422
internet_users_pct,IT.NET.USER.ZS,PHL,2021,66.90779877
internet_users_pct,IT.NET.USER.ZS,PHL,2020,53.76490021
internet_users_pct,IT.NET.USER.ZS,PHL,2019,43.0266118680279
internet_users_pct,IT.NET.USER.ZS,POL,2022,86.94113479
internet_users_pct,IT.NET.USER.ZS,POL,2021,85.37490906
internet_users_pct,IT.NET.USER.ZS,POL,2020,83.18488715
internet_users_pct,IT.NET.USER.ZS,POL,2019,80.4359068768673
internet_users_pct,IT.NET.USER.ZS,PRT,2022,84.49690644
internet_users_pct,IT.NET.USER.ZS,PRT,2021,82.30902804
internet_users_pct,IT.NET.USER.ZS,PRT,2020,78.26166044
internet_users_pct,IT.NET.USER.ZS,PRT,2019,75.3463779408712
internet_users_pct,IT.NET.USER.ZS,PRI,2022,87.29178106
internet_users_pct,IT.NET.USER.ZS,PRI,2021,84.78666399
internet_users_pct,IT.NET.USER.ZS,PRI,2019,77.7364393708352
internet_users_pct,IT.NET.USER.ZS,QAT,2022,98.03800201
internet_users_pct,IT.NET.USER.ZS,QAT,2021,99.65280151
internet_users_pct,IT.NET.USER.ZS,QAT,2020,99.65284913
internet_users_pct,IT.NET.USER.ZS,QAT,2019,99.6528042086389
internet_users_pct,IT.NET.USER.ZS,ROU,2022,85.50309124
internet_users_pct,IT.NET.USER.ZS,ROU,2021,83.5904265
internet_users_pct,IT.NET.USER.ZS,ROU,2020,78.45526895
internet_users_pct,IT.NET.USER.ZS,ROU,2019,73.6574757545465
internet_users_pct,IT.NET.USER.ZS,RUS,2022,90.41799163
internet_users_pct,IT.NET.USER.ZS,RUS,2021,88.21384578
internet_users_pct,IT.NET.USER.ZS,RUS,2020,84.99466978
internet_users_pct,IT.NET.USER.ZS,RUS,2019,82.6421618670668
internet_users_pct,IT.NET.USER.ZS,RWA,2022,28.01679993
internet_users_pct,IT.NET.USER.ZS,RWA,2021,24.4416008
internet_users_pct,IT.NET.USER.ZS,RWA,2020,23.8
internet_users_pct,IT.NET.USER.ZS,RWA,2019,21.3579998
internet_users_pct,IT.NET.USER.ZS,SMR,2022,97.32790375
internet_users_pct,IT.NET.USER.ZS,SMR,2021,81.66999817
internet_users_pct,IT.NET.USER.ZS,SMR,2020,77.94999695
internet_users_pct,IT.NET.USER.ZS,SMR,2019,67.85070038
internet_users_pct,IT.NET.USER.ZS,STP,2022,58.56779861
internet_users_pct,IT.NET.USER.ZS,STP,2021,54.94950104
internet_users_pct,IT.NET.USER.ZS,STP,2020,51.55469894
internet_users_pct,IT.NET.USER.ZS,STP,2019,44.25790024
internet_users_pct,IT.NET.USER.ZS,SAU,2022,100.0
internet_users_pct,IT.NET.USER.ZS,SAU,2021,100.0
internet_users_pct,IT.NET.USER.ZS,SAU,2020,97.8623325
internet_users_pct,IT.NET.USER.ZS,SAU,2019,95.7247355953812
internet_users_pct,IT.NET.USER.ZS,SEN,2022,56.82830048
internet_users_pct,IT.NET.USER.ZS,SEN,2021,55.04040146
internet_users_pct,IT.NET.USER.ZS,SEN,2020,53.30879974
internet_users_pct,IT.NET.USER.ZS,SEN,2019,43.37969971
internet_users_pct,IT.NET.USER.ZS,SRB,2022,83.53825397
internet_users_pct,IT.NET.USER.ZS,SRB,2021,81.16588116
internet_users_pct,IT.NET.USER.ZS,SRB,2020,78.36804864
internet_users_pct,IT.NET.USER.ZS,SRB,2019,77.4167736219802
internet_users_pct,IT.NET.USER.ZS,SYC,2022,84.83380127
internet_users_pct,IT.NET.USER.ZS,SYC,2021,81.99530029
internet_users_pct,IT.NET.USER.ZS,SYC,2020,79.25170135
internet_users_pct,IT.NET.USER.ZS,SYC,2019,76.63420105
internet_users_pct,IT.NET.USER.ZS,SLE,2022,21.50880051
internet_users_pct,IT.NET.USER.ZS,SLE,2021,18.65390015
internet_users_pct,IT.NET.USER.ZS,SLE,2020,17.12080002
internet_users_pct,IT.NET.USER.ZS,SLE,2019,15.71370029
internet_users_pct,IT.NET.USER.ZS,SGP,2022,95.95386476
internet_users_pct,IT.NET.USER.ZS,SGP,2021,96.92468156
internet_users_pct,IT.NET.USER.ZS,SGP,2020,92.00434653
internet_users_pct,IT.NET.USER.ZS,SGP,2019,88.9492526850762
internet_users_pct,IT.NET.USER.ZS,SVK,2022,89.06766196
internet_users_pct,IT.NET.USER.ZS,SVK,2021,88.92560523
internet_users_pct,IT.NET.USER.ZS,SVK,2020,89.92090413
internet_users_pct,IT.NET.USER.ZS,SVK,2019,82.8536605021784
internet_users_pct,IT.NET.USER.ZS,SVN,2022,88.91248552
internet_users_pct,IT.NET.USER.ZS,SVN,2021,89.00399524
internet_users_pct,IT.NET.USER.ZS,SVN,2020,86.60130109
internet_users_pct,IT.NET.USER.ZS,SVN,2019,83.1083578026717
internet_users_pct,IT.NET.USER.ZS,SLB,2022,28.01729965
internet_users_pct,IT.NET.USER.ZS,SLB,2021,26.03790092
internet_users_pct,IT.NET.USER.ZS,SLB,2020,24.1984005
internet_users_pct,IT.NET.USER.ZS,SLB,2019,22.48880005
internet_users_pct,IT.NET.USER.ZS,SOM,2022,27.6
internet_users_pct,IT.NET.USER.ZS,SOM,2021,23.87479973
internet_users_pct,IT.NET.USER.ZS,SOM,2020,15.02369976
internet_users_pct,IT.NET.USER.ZS,SOM,2019,2.731400013
internet_users_pct,IT.NET.USER.ZS,ZAF,2022,78.29319763
internet_users_pct,IT.NET.USER.ZS,ZAF,2021,74.96859741
internet_users_pct,IT.NET.USER.ZS,ZAF,2020,72.1128006
internet_users_pct,IT.NET.USER.ZS,ZAF,2019,69.69689941
internet_users_pct,IT.NET.USER.ZS,SSD,2019,6.671000004
internet_users_pct,IT.NET.USER.ZS,ESP,2022,94.4855432
internet_users_pct,IT.NET.USER.ZS,ESP,2021,93.89752157
internet_users_pct,IT.NET.USER.ZS,ESP,2020,93.20564892
internet_users_pct,IT.NET.USER.ZS,ESP,2019,90.718665325267
internet_users_pct,IT.NET.USER.ZS,LKA,2022,48.3
internet_users_pct,IT.NET.USER.ZS,LKA,2021,44.45308724
internet_users_pct,IT.NET.USER.ZS,LKA,2020,36.18473435
internet_users_pct,IT.NET.USER.ZS,LKA,2019,32.02090073
internet_users_pct,IT.NET.USER.ZS,KNA,2022,75.76229858
internet_users_pct,IT.NET.USER.ZS,KNA,2021,74.37159729
internet_users_pct,IT.NET.USER.ZS,KNA,2020,70.27529907
internet_users_pct,IT.NET.USER.ZS,KNA,2019,69.43499756
internet_users_pct,IT.NET.USER.ZS,LCA,2022,66.95159912
internet_users_pct,IT.NET.USER.ZS,LCA,2021,63.06330109
internet_users_pct,IT.NET.USER.ZS,LCA,2020,62.06399918
internet_users_pct,IT.NET.USER.ZS,LCA,2019,61.08050156
internet_users_pct,IT.NET.USER.ZS,VCT,2022,74.75479889
internet_users_pct,IT.NET.USER.ZS,VCT,2021,68.83339691
internet_users_pct,IT.NET.USER.ZS,VCT,2020,63.38100052
internet_users_pct,IT.NET.USER.ZS,VCT,2019,59.57630157
internet_users_pct,IT.NET.USER.ZS,SUR,2019,62.03350067
internet_users_pct,IT.NET.USER.ZS,SWE,2022,95.00970335
internet_users_pct,IT.NET.USER.ZS,SWE,2021,94.6703163
internet_users_pct,IT.NET.USER.ZS,SWE,2020,94.53943122
internet_users_pct,IT.NET.USER.ZS,SWE,2019,94.4934434072202
internet_users_pct,IT.NET.USER.ZS,CHE,2022,96.45279694
internet_users_pct,IT.NET.USER.ZS,CHE,2021,95.56937154
internet_users_pct,IT.NET.USER.ZS,CHE,2020,94.34999847
internet_users_pct,IT.NET.USER.ZS,CHE,2019,93.1460869535177
internet_users_pct,IT.NET.USER.ZS,TJK,2022,48.91429901
internet_users_pct,IT.NET.USER.ZS,TJK,2021,36.70560074
internet_users_pct,IT.NET.USER.ZS,TJK,2020,27.54409981
internet_users_pct,IT.NET.USER.ZS,TJK,2019,22.68630028
internet_users_pct,IT.NET.USER.ZS,TZA,2022,26.86059952
internet_users_pct,IT.NET.USER.ZS,TZA,2021,22.87540054
internet_users_pct,IT.NET.USER.ZS,TZA,2020,19.48139954
internet_users_pct,IT.NET.USER.ZS,TZA,2019,16.59090042
internet_users_pct,IT.NET.USER.ZS,THA,2022,87.97724503
internet_users_pct,IT.NET.USER.ZS,THA,2021,85.26956666
internet_users_pct,IT.NET.USER.ZS,THA,2020,77.84374066
internet_users_pct,IT.NET.USER.ZS,THA,2019,66.6524194587528
internet_users_pct,IT.NET.USER.ZS,TLS,2021,35.04199982
internet_users_pct,IT.NET.USER.ZS,TLS,2020,32.01269913
internet_users_pct,IT.NET.USER.ZS,TLS,2019,28.00460052
internet_users_pct,IT.NET.USER.ZS,TGO,2022,35.60749817
internet_users_pct,IT.NET.USER.ZS,TGO,2021,30.33839989
internet_users_pct,IT.NET.USER.ZS,TGO,2020,29.02370071
internet_users_pct,IT.NET.USER.ZS,TGO,2019,20.72730064
internet_users_pct,IT.NET.USER.ZS,TON,2022,61.60739899
internet_users_pct,IT.NET.USER.ZS,TON,2021,57.549
internet_users_pct,IT.NET.USER.ZS,TON,2020,54.47370148
internet_users_pct,IT.NET.USER.ZS,TON,2019,51.56299973
internet_users_pct,IT.NET.USER.ZS,TTO,2022,81.69760132
internet_users_pct,IT.NET.USER.ZS,TTO,2021,84.36576986
internet_users_pct,IT.NET.USER.ZS,TTO,2020,77.28130341
internet_users_pct,IT.NET.USER.ZS,TTO,2019,74.98670197
internet_users_pct,IT.NET.USER.ZS,TUN,2021,68.31552226
internet_users_pct,IT.NET.USER.ZS,TUN,2020,68.55639648
internet_users_pct,IT.NET.USER.ZS,TUN,2019,66.6999983024144
internet_users_pct,IT.NET.USER.ZS,TUR,2022,83.43716576
internet_users_pct,IT.NET.USER.ZS,TUR,2021,81.40843745
internet_users_pct,IT.NET.USER.ZS,TUR,2020,77.6695605
internet_users_pct,IT.NET.USER.ZS,TUR,2019,73.9767022871511
internet_users_pct,IT.NET.USER.ZS,UGA,2022,9.636899948
internet_users_pct,IT.NET.USER.ZS,UGA,2021,10.0
internet_users_pct,IT.NET.USER.ZS,UGA,2020,7.4
internet_users_pct,IT.NET.USER.ZS,UGA,2019,11.72579956
internet_users_pct,IT.NET.USER.ZS,UKR,2022,80.47429657
internet_users_pct,IT.NET.USER.ZS,UKR,2021,79.21829353
internet_users_pct,IT.NET.USER.ZS,UKR,2020,75.03790912
internet_users_pct,IT.NET.USER.ZS,UKR,2019,70.1248442995263
internet_users_pct,IT.NET.USER.ZS,ARE,2022,100.0
internet_users_pct,IT.NET.USER.ZS,ARE,2021,100.0
internet_users_pct,IT.NET.USER.ZS,ARE,2020,100.0
internet_users_pct,IT.NET.USER.ZS,ARE,2019,99.1499979561243
internet_users_pct,IT.NET.USER.ZS,GBR,2022,95.46530151
internet_users_pct,IT.NET.USER.ZS,GBR,2021,96.19650269
internet_users_pct,IT.NET.USER.ZS,GBR,2020,94.81820132
internet_users_pct,IT.NET.USER.ZS,GBR,2019,92.5166285497138
internet_users_pct,IT.NET.USER.ZS,USA,2022,92.72850037
internet_users_pct,IT.NET.USER.ZS,USA,2021,91.2684021
internet_users_pct,IT.NET.USER.ZS,USA,2020,90.34470367
internet_users_pct,IT.NET.USER.ZS,USA,2019,89.4302848575712
internet_users_pct,IT.NET.USER.ZS,URY,2022,89.87304314
internet_users_pct,IT.NET.USER.ZS,URY,2021,87.64440155
internet_users_pct,IT.NET.USER.ZS,URY,2020,85.47100067
internet_users_pct,IT.NET.USER.ZS,URY,2019,83.3515337667548
internet_users_pct,IT.NET.USER.ZS,UZB,2022,83.90000012
internet_users_pct,IT.NET.USER.ZS,UZB,2021,76.59043014
internet_users_pct,IT.NET.USER.ZS,UZB,2020,71.09999824
internet_users_pct,IT.NET.USER.ZS,UZB,2019,70.3999986481458
internet_users_pct,IT.NET.USER.ZS,VEN,2022,75.82180023
internet_users_pct,IT.NET.USER.ZS,VEN,2021,74.11219788
internet_users_pct,IT.NET.USER.ZS,VEN,2020,72.44110107
internet_users_pct,IT.NET.USER.ZS,VEN,2019,49.05009842
internet_users_pct,IT.NET.USER.ZS,VNM,2022,78.58999918
internet_users_pct,IT.NET.USER.ZS,VNM,2021,74.20999985
internet_users_pct,IT.NET.USER.ZS,VNM,2020,70.30000012
internet_users_pct,IT.NET.USER.ZS,VNM,2019,68.6615802057338
internet_users_pct,IT.NET.USER.ZS,PSE,2022,88.64690554
internet_users_pct,IT.NET.USER.ZS,PSE,2020,76.18160248
internet_users_pct,IT.NET.USER.ZS,PSE,2019,70.6225837001758
internet_users_pct,IT.NET.USER.ZS,YEM,2019,17.49099922
internet_users_pct,IT.NET.USER.ZS,ZMB,2022,15.0
internet_users_pct,IT.NET.USER.ZS,ZMB,2021,14.82190037
internet_users_pct,IT.NET.USER.ZS,ZMB,2020,14.64579964
internet_users_pct,IT.NET.USER.ZS,ZMB,2019,14.47189999
internet_users_pct,IT.NET.USER.ZS,ZWE,2022,36.25650024
internet_users_pct,IT.NET.USER.ZS,ZWE,2021,32.5923996
internet_users_pct,IT.NET.USER.ZS,ZWE,2020,29.29856532
internet_users_pct,IT.NET.USER.ZS,ZWE,2019,26.5883007
mobile_cellular_subscriptions_per_100,IT.CEL.SETS.P2,AFE,2022,77.7
mobile_cellular_subscriptions_per_100,IT.CEL.SETS.P2,AFE,2021,74.7
mobile_cellular_subscriptions_per_100,IT.CEL.SETS.P2,AFE,2020,69.9
mobile_cellular_subscriptions_per_100,IT.CEL.SETS.P2,AFE,2019,67.9
mobile_cellular_subscriptions_per_100,IT.CEL.SETS.P2,AFW,2022,102.1
mobile_cellular_subscriptions_per_100,IT.CEL.SETS.P2,AFW,2021,95.2
mobile_cellular_subscriptions_per_100,IT.CEL.SETS.P2,AFW,2020,96.7
mobile_cellular_subscriptions_per_100,IT.CEL.SETS.P2,AFW,2019,91.3
mobile_cellular_subscriptions_per_100,IT.CEL.SETS.P2,ARB,2022,102.925568544421
mobile_cellular_subscriptions_per_100,IT.CEL.SETS.P2,ARB,2021,99.2339505781343
mobile_cellular_subscriptions_per_100,IT.CEL.SETS.P2,ARB,2020,96.2300336647374
mobile_cellular_subscriptions_per_100,IT.CEL.SETS.P2,ARB,2019,96.7326519819152
mobile_cellular_subscriptions_per_100,IT.CEL.SETS.P2,CSS,2021,109.129045044123
mobile_cellular_subscriptions_per_100,IT.CEL.SETS.P2,CSS,2020,111.600729388143
mobile_cellular_subscriptions_per_100,IT.CEL.SETS.P2,CSS,2019,106.436957613453
mobile_cellular_subscriptions_per_100,IT.CEL.SETS.P2,CEB,2022,124.683360007648
mobile_cellular_subscriptions_per_100,IT.CEL.SETS.P2,CEB,2021,124.396200399213
mobile_cellular_subscriptions_per_100,IT.CEL.SETS.P2,CEB,2020,121.617426753818
mobile_cellular_subscriptions_per_100,IT.CEL.SETS.P2,CEB,2019,120.788794710806
mobile_cellular_subscriptions_per_100,IT.CEL.SETS.P2,EAR,2022,96.3653995383414
mobile_cellular_subscriptions_per_100,IT.CEL.SETS.P2,EAR,2021,97.8329155295442
mobile_cellular_subscriptions_per_100,IT.CEL.SETS.P2,EAR,2020,95.6621086286102
mobile_cellular_subscriptions_per_100,IT.CEL.SETS.P2,EAR,2019,95.9977673901306
mobile_cellular_subscriptions_per_100,IT.CEL.SETS.P2,EAS,2022,128.7
mobile_cellular_subscriptions_per_100,IT.CEL.SETS.P2,EAS,2021,127.6
mobile_cellular_subscriptions_per_100,IT.CEL.SETS.P2,EAS,2020,126.1
mobile_cellular_subscriptions_per_100,IT.CEL.SETS.P2,EAS,2019,128.1
mobile_cellular_subscriptions_per_100,IT.CEL.SETS.P2,EAP,2022,125.5
mobile_cellular_subscriptions_per_100,IT.CEL.SETS.P2,EAP,2021,124.9
mobile_cellular_subscriptions_per_100,IT.CEL.SETS.P2,EAP,2020,123.8
mobile_cellular_subscriptions_per_100,IT.CEL.SETS.P2,EAP,2019,126.854387586962
mobile_cellular_subscriptions_per_100,IT.CEL.SETS.P2,TEA,2022,126.8
mobile_cellular_subscriptions_per_100,IT.CEL.SETS.P2,TEA,2021,126.2
mobile_cellular_subscriptions_per_100,IT.CEL.SETS.P2,TEA,2020,125.0
mobile_cellular_subscriptions_per_100,IT.CEL.SETS.P2,TEA,2019,127.8
mobile_cellular_subscriptions_per_100,IT.CEL.SETS.P2,EMU,2022,123.504922574754
mobile_cellular_subscriptions_per_100,IT.CEL.SETS.P2,EMU,2021,123.005707748284
mobile_cellular_subscriptions_per_100,IT.CEL.SETS.P2,EMU,2020,121.425545157311
mobile_cellular_subscriptions_per_100,IT.CEL.SETS.P2,EMU,2019,122.045744412398
mobile_cellular_subscriptions_per_100,IT.CEL.SETS.P2,ECS,2022,126.6
mobile_cellular_subscriptions_per_100,IT.CEL.SETS.P2,ECS,2021,126.0
mobile_cellular_subscriptions_per_100,IT.CEL.SETS.P2,ECS,2020,123.3
mobile_cellular_subscriptions_per_100,IT.CEL.SETS.P2,ECS,2019,125.0
mobile_cellular_subscriptions_per_100,IT.CEL.SETS.P2,ECA,2022,110.0
mobile_cellular_subscriptions_per_100,IT.CEL.SETS.P2,ECA,2021,109.9
mobile_cellular_subscriptions_per_100,IT.CEL.SETS.P2,ECA,2020,106.3
mobile_cellular_subscriptions_per_100,IT.CEL.SETS.P2,ECA,2019,111.747265336464
mobile_cellular_subscriptions_per_100,IT.CEL.SETS.P2,TEC,2022,131.1
mobile_cellular_subscriptions_per_100,IT.CEL.SETS.P2,TEC,2021,130.9
mobile_cellular_subscriptions_per_100,IT.CEL.SETS.P2,TEC,2020,126.7
mobile_cellular_subscriptions_per_100,IT.CEL.SETS.P2,TEC,2019,129.0
mobile_cellular_subscriptions_per_100,IT.CEL.SETS.P2,EUU,2022,123.687099666304
mobile_cellular_subscriptions_per_100,IT.CEL.SETS.P2,EUU,2021,123.265317671991
mobile_cellular_subscriptions_per_100,IT.CEL.SETS.P2,EUU,2020,121.476371720115
mobile_cellular_subscriptions_per_100,IT.CEL.SETS.P2,EUU,2019,121.799562736112
mobile_cellular_subscriptions_per_100,IT.CEL.SETS.P2,HPC,2022,76.7140221946963
mobile_cellular_subscriptions_per_100,IT.CEL.SETS.P2,HPC,2021,74.4847568397299
mobile_cellular_subscriptions_per_100,IT.CEL.SETS.P2,HPC,2020,70.9316903394181
mobile_cellular_subscriptions_per_100,IT.CEL.SETS.P2,HPC,2019,68.0968402043626
mobile_cellular_subscriptions_per_100,IT.CEL.SETS.P2,IBD,2022,112.2
mobile_cellular_subscriptions_per_100,IT.CEL.SETS.P2,IBD,2021,111.6
mobile_cellular_subscriptions_per_100,IT.CEL.SETS.P2,IBD,2020,109.6
mobile_cellular_subscriptions_per_100,IT.CEL.SETS.P2,IBD,2019,111.0
mobile_cellular_subscriptions_per_100,IT.CEL.SETS.P2,IBT,2022,105.2
mobile_cellular_subscriptions_per_100,IT.CEL.SETS.P2,IBT,2021,104.2
mobile_cellular_subscriptions_per_100,IT.CEL.SETS.P2,IBT,2020,102.5
mobile_cellular_subscriptions_per_100,IT.CEL.SETS.P2,IBT,2019,102.9
mobile_cellular_subscriptions_per_100,IT.CEL.SETS.P2,IDB,2022,95.5
mobile_cellular_subscriptions_per_100,IT.CEL.SETS.P2,IDB,2021,90.9
mobile_cellular_subscriptions_per_100,IT.CEL.SETS.P2,IDB,2020,90.4
mobile_cellular_subscriptions_per_100,IT.CEL.SETS.P2,IDB,2019,83.2
mobile_cellular_subscriptions_per_100,IT.CEL.SETS.P2,IDX,2022,81.8
mobile_cellular_subscriptions_per_100,IT.CEL.SETS.P2,IDX,2021,80.9
mobile_cellular_subscriptions_per_100,IT.CEL.SETS.P2,IDX,2020,78.6
mobile_cellular_subscriptions_per_100,IT.CEL.SETS.P2,IDX,2019,78.9
mobile_cellular_subscriptions_per_100,IT.CEL.SETS.P2,IDA,2022,86.6
mobile_cellular_subscriptions_per_100,IT.CEL.SETS.P2,IDA,2021,84.4
mobile_cellular_subscriptions_per_100,IT.CEL.SETS.P2,IDA,2020,82.8
mobile_cellular_subscriptions_per_100,IT.CEL.SETS.P2,IDA,2019,80.4
mobile_cellular_subscriptions_per_100,IT.CEL.SETS.P2,LTE,2022,126.745828074436
mobile_cellular_subscriptions_per_100,IT.CEL.SETS.P2,LTE,2021,125.812134493348
mobile_cellular_subscriptions_per_100,IT.CEL.SETS.P2,LTE,2020,123.572144960936
mobile_cellular_subscriptions_per_100,IT.CEL.SETS.P2,LTE,2019,125.404898376046
mobile_cellular_subscriptions_per_100,IT.CEL.SETS.P2,LCN,2022,109.9
mobile_cellular_subscriptions_per_100,IT.CEL.SETS.P2,LCN,2021,108.7
mobile_cellular_subscriptions_per_100,IT.CEL.SETS.P2,LCN,2020,102.8
mobile_cellular_subscriptions_per_100,IT.CEL.SETS.P2,LCN,2019,103.3
mobile_cellular_subscriptions_per_100,IT.CEL.SETS.P2,LAC,2022,110.4
mobile_cellular_subscriptions_per_100,IT.CEL.SETS.P2,LAC,2021,109.3
mobile_cellular_subscriptions_per_100,IT.CEL.SETS.P2,LAC,2020,103.2
mobile_cellular_subscriptions_per_100,IT.CEL.SETS.P2,LAC,2019,102.935203569244
mobile_cellular_subscriptions_per_100,IT.CEL.SETS.P2,TLA,2022,110.6
mobile_cellular_subscriptions_per_100,IT.CEL.SETS.P2,TLA,2021,109.5
mobile_cellular_subscriptions_per_100,IT.CEL.SETS.P2,TLA,2020,103.6
mobile_cellular_subscriptions_per_100,IT.CEL.SETS.P2,TLA,2019,104.1
mobile_cellular_subscriptions_per_100,IT.CEL.SETS.P2,LDC,2022,78.7
mobile_cellular_subscriptions_per_100,IT.CEL.SETS.P2,LDC,2021,77.4
mobile_cellular_subscriptions_per_100,IT.CEL.SETS.P2,LDC,2020,75.0
mobile_cellular_subscriptions_per_100,IT.CEL.SETS.P2,LDC,2019,73.8109656936553
mobile_cellular_subscriptions_per_100,IT.CEL.SETS.P2,LMY,2022,104.401559003568
mobile_cellular_subscriptions_per_100,IT.CEL.SETS.P2,LMY,2021,103.023535265877
mobile_cellular_subscriptions_per_100,IT.CEL.SETS.P2,LMY,2020,101.296663699881
mobile_cellular_subscriptions_per_100,IT.CEL.SETS.P2,LMY,2019,101.585315512496
mobile_cellular_subscriptions_per_100,IT.CEL.SETS.P2,MEA,2022,101.5
mobile_cellular_subscriptions_per_100,IT.CEL.SETS.P2,MEA,2021,98.3
mobile_cellular_subscriptions_per_100,IT.CEL.SETS.P2,MEA,2020,95.4
mobile_cellular_subscriptions_per_100,IT.CEL.SETS.P2,MEA,2019,107.8
mobile_cellular_subscriptions_per_100,IT.CEL.SETS.P2,MNA,2022,96.4
mobile_cellular_subscriptions_per_100,IT.CEL.SETS.P2,MNA,2021,93.7
mobile_cellular_subscriptions_per_100,IT.CEL.SETS.P2,MNA,2020,90.6
mobile_cellular_subscriptions_per_100,IT.CEL.SETS.P2,MNA,2019,103.172035341985
mobile_cellular_subscriptions_per_100,IT.CEL.SETS.P2,TMN,2022,96.5
mobile_cellular_subscriptions_per_100,IT.CEL.SETS.P2,TMN,2021,93.8
mobile_cellular_subscriptions_per_100,IT.CEL.SETS.P2,TMN,2020,90.7
mobile_cellular_subscriptions_per_100,IT.CEL.SETS.P2,TMN,2019,101.8
mobile_cellular_subscriptions_per_100,IT.CEL.SETS.P2,MIC,2022,108.260864694504
mobile_cellular_subscriptions_per_100,IT.CEL.SETS.P2,MIC,2021,108.170552432744
mobile_cellular_subscriptions_per_100,IT.CEL.SETS.P2,MIC,2020,106.600308165132
mobile_cellular_subscriptions_per_100,IT.CEL.SETS.P2,MIC,2019,107.095305221948
mobile_cellular_subscriptions_per_100,IT.CEL.SETS.P2,NAC,2022,107.0
mobile_cellular_subscriptions_per_100,IT.CEL.SETS.P2,NAC,2021,104.4
mobile_cellular_subscriptions_per_100,IT.CEL.SETS.P2,NAC,2020,101.9
mobile_cellular_subscriptions_per_100,IT.CEL.SETS.P2,NAC,2019,103.9
mobile_cellular_subscriptions_per_100,IT.CEL.SETS.P2,OED,2022,122.304805090448
mobile_cellular_subscriptions_per_100,IT.CEL.SETS.P2,OED,2021,119.661730921855
mobile_cellular_subscriptions_per_100,IT.CEL.SETS.P2,OED,2020,116.846970739129
mobile_cellular_subscriptions_per_100,IT.CEL.SETS.P2,OED,2019,116.859199303601
mobile_cellular_subscriptions_per_100,IT.CEL.SETS.P2,OSS,2022,124.936732236042
mobile_cellular_subscriptions_per_100,IT.CEL.SETS.P2,OSS,2021,122.10410369102
mobile_cellular_subscriptions_per_100,IT.CEL.SETS.P2,OSS,2020,116.366309924558
mobile_cellular_subscriptions_per_100,IT.CEL.SETS.P2,OSS,2019,117.370650821352
mobile_cellular_subscriptions_per_100,IT.CEL.SETS.P2,PSS,2021,76.1797159429208
mobile_cellular_subscriptions_per_100,IT.CEL.SETS.P2,PSS,2020,77.0756422471147
mobile_cellular_subscriptions_per_100,IT.CEL.SETS.P2,PSS,2019,81.0742061939604
mobile_cellular_subscriptions_per_100,IT.CEL.SETS.P2,PST,2022,124.353057874527
mobile_cellular_subscriptions_per_100,IT.CEL.SETS.P2,PST,2021,122.464288181858
mobile_cellular_subscriptions_per_100,IT.CEL.SETS.P2,PST,2020,120.082259897927
mobile_cellular_subscriptions_per_100,IT.CEL.SETS.P2,PST,2019,120.325840291568
mobile_cellular_subscriptions_per_100,IT.CEL.SETS.P2,PRE,2022,86.7805674982389
mobile_cellular_subscriptions_per_100,IT.CEL.SETS.P2,PRE,2021,80.385516649546
mobile_cellular_subscriptions_per_100,IT.CEL.SETS.P2,PRE,2020,79.9650119592337
mobile_cellular_subscriptions_per_100,IT.CEL.SETS.P2,PRE,2019,75.7454289641895
mobile_cellular_subscriptions_per_100,IT.CEL.SETS.P2,SST,2022,117.2
mobile_cellular_subscriptions_per_100,IT.CEL.SETS.P2,SST,2021,114.0
mobile_cellular_subscriptions_per_100,IT.CEL.SETS.P2,SST,2020,111.5
mobile_cellular_subscriptions_per_100,IT.CEL.SETS.P2,SST,2019,111.0
mobile_cellular_subscriptions_per_100,IT.CEL.SETS.P2,SAS,2022,85.0
mobile_cellular_subscriptions_per_100,IT.CEL.SETS.P2,SAS,2021,86.2
mobile_cellular_subscriptions_per_100,IT.CEL.SETS.P2,SAS,2020,86.3
mobile_cellular_subscriptions_per_100,IT.CEL.SETS.P2,SAS,2019,83.9
mobile_cellular_subscriptions_per_100,IT.CEL.SETS.P2,TSA,2022,85.0
mobile_cellular_subscriptions_per_100,IT.CEL.SETS.P2,TSA,2021,86.2
mobile_cellular_subscriptions_per_100,IT.CEL.SETS.P2,TSA,2020,86.3
mobile_cellular_subscriptions_per_100,IT.CEL.SETS.P2,TSA,2019,83.9
mobile_cellular_subscriptions_per_100,IT.CEL.SETS.P2,SSF,2022,87.6
mobile_cellular_subscriptions_per_100,IT.CEL.SETS.P2,SSF,2021,83.0
mobile_cellular_subscriptions_per_100,IT.CEL.SETS.P2,SSF,2020,80.8
mobile_cellular_subscriptions_per_100,IT.CEL.SETS.P2,SSF,2019,77.4
mobile_cellular_subscriptions_per_100,IT.CEL.SETS.P2,SSA,2022,91.0
mobile_cellular_subscriptions_per_100,IT.CEL.SETS.P2,SSA,2021,86.4
mobile_cellular_subscriptions_per_100,IT.CEL.SETS.P2,SSA,2020,85.7
mobile_cellular_subscriptions_per_100,IT.CEL.SETS.P2,SSA,2019,78.6090423405444
mobile_cellular_subscriptions_per_100,IT.CEL.SETS.P2,TSS,2022,87.6
mobile_cellular_subscriptions_per_100,IT.CEL.SETS.P2,TSS,2021,83.0
mobile_cellular_subscriptions_per_100,IT.CEL.SETS.P2,TSS,2020,80.8
mobile_cellular_subscriptions_per_100,IT.CEL.SETS.P2,TSS,2019,77.4
mobile_cellular_subscriptions_per_100,IT.CEL.SETS.P2,WLD,2022,108.0
mobile_cellular_subscriptions_per_100,IT.CEL.SETS.P2,WLD,2021,106.7
mobile_cellular_subscriptions_per_100,IT.CEL.SETS.P2,WLD,2020,104.8
mobile_cellular_subscriptions_per_100,IT.CEL.SETS.P2,WLD,2019,105.9
mobile_cellular_subscriptions_per_100,IT.CEL.SETS.P2,AFG,2022,56.2655188632539
mobile_cellular_subscriptions_per_100,IT.CEL.SETS.P2,AFG,2021,56.6944760468967
mobile_cellular_subscriptions_per_100,IT.CEL.SETS.P2,AFG,2020,58.0461137722591
mobile_cellular_subscriptions_per_100,IT.CEL.SETS.P2,AFG,2019,59.6470805870469
mobile_cellular_subscriptions_per_100,IT.CEL.SETS.P2,ALB,2022,98.3950391992101
mobile_cellular_subscriptions_per_100,IT.CEL.SETS.P2,ALB,2021,92.4843357131703
mobile_cellular_subscriptions_per_100,IT.CEL.SETS.P2,ALB,2020,91.1880900599383
mobile_cellular_subscriptions_per_100,IT.CEL.SETS.P2,ALB,2019,91.1634968336332
mobile_cellular_subscriptions_per_100,IT.CEL.SETS.P2,DZA,2022,107.787115922596
mobile_cellular_subscriptions_per_100,IT.CEL.SETS.P2,DZA,2021,105.037092587919
mobile_cellular_subscriptions_per_100,IT.CEL.SETS.P2,DZA,2020,103.436671524065
mobile_cellular_subscriptions_per_100,IT.CEL.SETS.P2,DZA,2019,104.922068012909
mobile_cellular_subscriptions_per_100,IT.CEL.SETS.P2,AND,2022,142.426447525249
mobile_cellular_subscriptions_per_100,IT.CEL.SETS.P2,AND,2021,119.687611658415
mobile_cellular_subscriptions_per_100,IT.CEL.SETS.P2,AND,2020,103.876970793487
mobile_cellular_subscriptions_per_100,IT.CEL.SETS.P2,AND,2019,114.952794413788
mobile_cellular_subscriptions_per_100,IT.CEL.SETS.P2,AGO,2022,66.6008073123779
mobile_cellular_subscriptions_per_100,IT.CEL.SETS.P2,AGO,2021,44.3868689341257
mobile_cellular_subscriptions_per_100,IT.CEL.SETS.P2,AGO,2020,43.7804317055698
mobile_cellular_subscriptions_per_100,IT.CEL.SETS.P2,AGO,2019,45.8065312825399
mobile_cellular_subscriptions_per_100,IT.CEL.SETS.P2,ATG,2022,200.540715208962
mobile_cellular_subscriptions_per_100,IT.CEL.SETS.P2,ATG,2021,199.244171566557
mobile_cellular_subscriptions_per_100,IT.CEL.SETS.P2,ATG,2020,200.3353439453
mobile_cellular_subscriptions_per_100,IT.CEL.SETS.P2,ATG,2019,201.392233264743
mobile_cellular_subscriptions_per_100,IT.CEL.SETS.P2,ARG,2022,131.483556254876
mobile_cellular_subscriptions_per_100,IT.CEL.SETS.P2,ARG,2021,130.352799939601
mobile_cellular_subscriptions_per_100,IT.CEL.SETS.P2,ARG,2020,121.180612527028
mobile_cellular_subscriptions_per_100,IT.CEL.SETS.P2,ARG,2019,125.302657911726
mobile_cellular_subscriptions_per_100,IT.CEL.SETS.P2,ARM,2022,130.540072214196
mobile_cellular_subscriptions_per_100,IT.CEL.SETS.P2,ARM,2021,125.395134877327
mobile_cellular_subscriptions_per_100,IT.CEL.SETS.P2,ARM,2020,120.682370700808
mobile_cellular_subscriptions_per_100,IT.CEL.SETS.P2,ARM,2019,124.613701509519
mobile_cellular_subscriptions_per_100,IT.CEL.SETS.P2,ABW,2022,130.647974615427
mobile_cellular_subscriptions_per_100,IT.CEL.SETS.P2,ABW,2021,131.09206195727
mobile_cellular_subscriptions_per_100,IT.CEL.SETS.P2,ABW,2020,131.284916201117
mobile_cellular_subscriptions_per_100,IT.CEL.SETS.P2,ABW,2019,131.682169673877
mobile_cellular_subscriptions_per_100,IT.CEL.SETS.P2,AUS,2022,109.469171081514
mobile_cellular_subscriptions_per_100,IT.CEL.SETS.P2,AUS,2021,105.118514623956
mobile_cellular_subscriptions_per_100,IT.CEL.SETS.P2,AUS,2020,104.930155780087
mobile_cellular_subscriptions_per_100,IT.CEL.SETS.P2,AUS,2019,109.752830879788
mobile_cellular_subscriptions_per_100,IT.CEL.SETS.P2,AUT,2022,121.16645744796
mobile_cellular_subscriptions_per_100,IT.CEL.SETS.P2,AUT,2021,121.357731973824
mobile_cellular_subscriptions_per_100,IT.CEL.SETS.P2,AUT,2020,120.131806593244
mobile_cellular_subscriptions_per_100,IT.CEL.SETS.P2,AUT,2019,120.776373862218
mobile_cellular_subscriptions_per_100,IT.CEL.SETS.P2,AZE,2022,107.506296074404
mobile_cellular_subscriptions_per_100,IT.CEL.SETS.P2,AZE,2021,105.693559477177
mobile_cellular_subscriptions_per_100,IT.CEL.SETS.P2,AZE,2020,101.596683471276
mobile_cellular_subscriptions_per_100,IT.CEL.SETS.P2,AZE,2019,106.328337689377
mobile_cellular_subscriptions_per_100,IT.CEL.SETS.P2,BHS,2022,101.623744145214
mobile_cellular_subscriptions_per_100,IT.CEL.SETS.P2,BHS,2021,100.257333370336
mobile_cellular_subscriptions_per_100,IT.CEL.SETS.P2,BHS,2020,117.717493173143
mobile_cellular_subscriptions_per_100,IT.CEL.SETS.P2,BHS,2019,107.811997212897
mobile_cellular_subscriptions_per_100,IT.CEL.SETS.P2,BHR,2022,139.636142863944
mobile_cellular_subscriptions_per_100,IT.CEL.SETS.P2,BHR,2021,128.078912532195
mobile_cellular_subscriptions_per_100,IT.CEL.SETS.P2,BHR,2020,119.41160169027
mobile_cellular_subscriptions_per_100,IT.CEL.SETS.P2,BHR,2019,129.142743677937
mobile_cellular_subscriptions_per_100,IT.CEL.SETS.P2,BGD,2022,109.8665408168
mobile_cellular_subscriptions_per_100,IT.CEL.SETS.P2,BGD,2021,110.012054001037
mobile_cellular_subscriptions_per_100,IT.CEL.SETS.P2,BGD,2020,106.002140470412
mobile_cellular_subscriptions_per_100,IT.CEL.SETS.P2,BGD,2019,100.399571155843
mobile_cellular_subscriptions_per_100,IT.CEL.SETS.P2,BRB,2022,114.580721030894
mobile_cellular_subscriptions_per_100,IT.CEL.SETS.P2,BRB,2021,112.222706603295
mobile_cellular_subscriptions_per_100,IT.CEL.SETS.P2,BRB,2020,104.722078254017
mobile_cellular_subscriptions_per_100,IT.CEL.SETS.P2,BRB,2019,117.111593950364
mobile_cellular_subscriptions_per_100,IT.CEL.SETS.P2,BLR,2022,128.314999383533
mobile_cellular_subscriptions_per_100,IT.CEL.SETS.P2,BLR,2021,127.117317282369
mobile_cellular_subscriptions_per_100,IT.CEL.SETS.P2,BLR,2020,125.164732031333
mobile_cellular_subscriptions_per_100,IT.CEL.SETS.P2,BLR,2019,123.229810991965
mobile_cellular_subscriptions_per_100,IT.CEL.SETS.P2,BEL,2022,101.680355820653
mobile_cellular_subscriptions_per_100,IT.CEL.SETS.P2,BEL,2021,101.462935633736
mobile_cellular_subscriptions_per_100,IT.CEL.SETS.P2,BEL,2020,99.9100614924974
mobile_cellular_subscriptions_per_100,IT.CEL.SETS.P2,BEL,2019,100.164960666171
mobile_cellular_subscriptions_per_100,IT.CEL.SETS.P2,BLZ,2022,67.1750266305468
mobile_cellular_subscriptions_per_100,IT.CEL.SETS.P2,BLZ,2021,66.7769498110516
mobile_cellular_subscriptions_per_100,IT.CEL.SETS.P2,BLZ,2020,67.551661668526
mobile_cellular_subscriptions_per_100,IT.CEL.SETS.P2,BLZ,2019,66.0704612665196
mobile_cellular_subscriptions_per_100,IT.CEL.SETS.P2,BEN,2022,105.745019386968
mobile_cellular_subscriptions_per_100,IT.CEL.SETS.P2,BEN,2021,94.9182598289459
mobile_cellular_subscriptions_per_100,IT.CEL.SETS.P2,BEN,2020,85.2390738023357
mobile_cellular_subscriptions_per_100,IT.CEL.SETS.P2,BEN,2019,81.3235345537806
mobile_cellular_subscriptions_per_100,IT.CEL.SETS.P2,BMU,2022,105.274212729154
mobile_cellular_subscriptions_per_100,IT.CEL.SETS.P2,BMU,2021,105.185001856206
mobile_cellular_subscriptions_per_100,IT.CEL.SETS.P2,BMU,2020,105.619583113293
mobile_cellular_subscriptions_per_100,IT.CEL.SETS.P2,BMU,2019,104.512767716474
mobile_cellular_subscriptions_per_100,IT.CEL.SETS.P2,BTN,2022,95.129809428439
mobile_cellular_subscriptions_per_100,IT.CEL.SETS.P2,BTN,2021,100.330908049861
mobile_cellular_subscriptions_per_100,IT.CEL.SETS.P2,BTN,2020,96.7702849068709
mobile_cellular_subscriptions_per_100,IT.CEL.SETS.P2,BTN,2019,95.3472955869586
mobile_cellular_subscriptions_per_100,IT.CEL.SETS.P2,BOL,2022,101.57150434614
mobile_cellular_subscriptions_per_100,IT.CEL.SETS.P2,BOL,2021,100.809064985893
mobile_cellular_subscriptions_per_100,IT.CEL.SETS.P2,BOL,2020,99.898817726261
mobile_cellular_subscriptions_per_100,IT.CEL.SETS.P2,BOL,2019,100.14945954148
mobile_cellular_subscriptions_per_100,IT.CEL.SETS.P2,BIH,2022,118.944352880459
mobile_cellular_subscriptions_per_100,IT.CEL.SETS.P2,BIH,2021,114.911613799718
mobile_cellular_subscriptions_per_100,IT.CEL.SETS.P2,BIH,2020,106.374742411306
mobile_cellular_subscriptions_per_100,IT.CEL.SETS.P2,BIH,2019,112.254788698841
mobile_cellular_subscriptions_per_100,IT.CEL.SETS.P2,BWA,2022,178.205018910673
mobile_cellular_subscriptions_per_100,IT.CEL.SETS.P2,BWA,2021,173.25235140068
mobile_cellular_subscriptions_per_100,IT.CEL.SETS.P2,BWA,2020,161.858815314634
mobile_cellular_subscriptions_per_100,IT.CEL.SETS.P2,BWA,2019,160.661520194607
mobile_cellular_subscriptions_per_100,IT.CEL.SETS.P2,BRA,2022,101.245468903076
mobile_cellular_subscriptions_per_100,IT.CEL.SETS.P2,BRA,2021,104.824727184587
mobile_cellular_subscriptions_per_100,IT.CEL.SETS.P2,BRA,2020,98.6456198619193
mobile_cellular_subscriptions_per_100,IT.CEL.SETS.P2,BRA,2019,97.3747376780285
mobile_cellular_subscriptions_per_100,IT.CEL.SETS.P2,VGB,2022,92.8912549909966
mobile_cellular_subscriptions_per_100,IT.CEL.SETS.P2,VGB,2021,99.5556613504721
mobile_cellular_subscriptions_per_100,IT.CEL.SETS.P2,VGB,2020,94.6896458866299
mobile_cellular_subscriptions_per_100,IT.CEL.SETS.P2,VGB,2019,108.624811100426
mobile_cellular_subscriptions_per_100,IT.CEL.SETS.P2,BRN,2022,116.108439291126
mobile_cellular_subscriptions_per_100,IT.CEL.SETS.P2,BRN,2021,133.597065445264
mobile_cellular_subscriptions_per_100,IT.CEL.SETS.P2,BRN,2020,119.933885258067
mobile_cellular_subscriptions_per_100,IT.CEL.SETS.P2,BRN,2019,129.845260684919
mobile_cellular_subscriptions_per_100,IT.CEL.SETS.P2,BGR,2022,116.679163253179
mobile_cellular_subscriptions_per_100,IT.CEL.SETS.P2,BGR,2021,114.911988483727
mobile_cellular_subscriptions_per_100,IT.CEL.SETS.P2,BGR,2020,114.596737765322
mobile_cellular_subscriptions_per_100,IT.CEL.SETS.P2,BGR,2019,116.616975862125
mobile_cellular_subscriptions_per_100,IT.CEL.SETS.P2,BFA,2022,113.996146792235
mobile_cellular_subscriptions_per_100,IT.CEL.SETS.P2,BFA,2021,112.198419449151
mobile_cellular_subscriptions_per_100,IT.CEL.SETS.P2,BFA,2020,102.972844247019
mobile_cellular_subscriptions_per_100,IT.CEL.SETS.P2,BFA,2019,97.1498646690919
mobile_cellular_subscriptions_per_100,IT.CEL.SETS.P2,BDI,2022,56.2599912004244
mobile_cellular_subscriptions_per_100,IT.CEL.SETS.P2,BDI,2021,59.700785493419
mobile_cellular_subscriptions_per_100,IT.CEL.SETS.P2,BDI,2020,52.5571219738138
mobile_cellular_subscriptions_per_100,IT.CEL.SETS.P2,BDI,2019,53.2995504978403
mobile_cellular_subscriptions_per_100,IT.CEL.SETS.P2,CPV,2022,113.247367438782
mobile_cellular_subscriptions_per_100,IT.CEL.SETS.P2,CPV,2021,114.230551109167
mobile_cellular_subscriptions_per_100,IT.CEL.SETS.P2,CPV,2020,105.838590655535
mobile_cellular_subscriptions_per_100,IT.CEL.SETS.P2,CPV,2019,115.867801067488
mobile_cellular_subscriptions_per_100,IT.CEL.SETS.P2,KHM,2022,113.391506572248
mobile_cellular_subscriptions_per_100,IT.CEL.SETS.P2,KHM,2021,117.234785164989
mobile_cellular_subscriptions_per_100,IT.CEL.SETS.P2,KHM,2020,126.075894769858
mobile_cellular_subscriptions_per_100,IT.CEL.SETS.P2,KHM,2019,129.957441474291
mobile_cellular_subscriptions_per_100,IT.CEL.SETS.P2,CMR,2022,89.8274190453067
mobile_cellular_subscriptions_per_100,IT.CEL.SETS.P2,CMR,2021,80.8081013360278
mobile_cellular_subscriptions_per_100,IT.CEL.SETS.P2,CMR,2020,85.2721639882676
mobile_cellular_subscriptions_per_100,IT.CEL.SETS.P2,CMR,2019,83.9044001051513
mobile_cellular_subscriptions_per_100,IT.CEL.SETS.P2,CAN,2022,91.2386689983444
mobile_cellular_subscriptions_per_100,IT.CEL.SETS.P2,CAN,2021,87.4056019628826
mobile_cellular_subscriptions_per_100,IT.CEL.SETS.P2,CAN,2020,84.7747749116615
mobile_cellular_subscriptions_per_100,IT.CEL.SETS.P2,CAN,2019,90.9589210049458
mobile_cellular_subscriptions_per_100,IT.CEL.SETS.P2,CYM,2022,139.314997695241
mobile_cellular_subscriptions_per_100,IT.CEL.SETS.P2,CYM,2021,142.637074228333
mobile_cellular_subscriptions_per_100,IT.CEL.SETS.P2,CYM,2020,145.594315997903
mobile_cellular_subscriptions_per_100,IT.CEL.SETS.P2,CYM,2019,147.043533797733
mobile_cellular_subscriptions_per_100,IT.CEL.SETS.P2,CAF,2022,38.8217901039988
mobile_cellular_subscriptions_per_100,IT.CEL.SETS.P2,CAF,2021,35.8169832358522
mobile_cellular_subscriptions_per_100,IT.CEL.SETS.P2,CAF,2020,36.426009643045
mobile_cellular_subscriptions_per_100,IT.CEL.SETS.P2,CAF,2019,32.2626859489842
mobile_cellular_subscriptions_per_100,IT.CEL.SETS.P2,TCD,2022,65.4377795535985
mobile_cellular_subscriptions_per_100,IT.CEL.SETS.P2,TCD,2021,58.0323175441615
mobile_cellular_subscriptions_per_100,IT.CEL.SETS.P2,TCD,2020,50.434327397335
mobile_cellular_subscriptions_per_100,IT.CEL.SETS.P2,TCD,2019,45.9378876746208
mobile_cellular_subscriptions_per_100,IT.CEL.SETS.P2,CHL,2022,135.114280974065
mobile_cellular_subscriptions_per_100,IT.CEL.SETS.P2,CHL,2021,136.571581265001
mobile_cellular_subscriptions_per_100,IT.CEL.SETS.P2,CHL,2020,129.413740104604
mobile_cellular_subscriptions_per_100,IT.CEL.SETS.P2,CHL,2019,130.492770400522
mobile_cellular_subscriptions_per_100,IT.CEL.SETS.P2,CHN,2022,124.195248970763
mobile_cellular_subscriptions_per_100,IT.CEL.SETS.P2,CHN,2021,121.491918368395
mobile_cellular_subscriptions_per_100,IT.CEL.SETS.P2,CHN,2020,120.496715387079
mobile_cellular_subscriptions_per_100,IT.CEL.SETS.P2,CHN,2019,122.670391850252
mobile_cellular_subscriptions_per_100,IT.CEL.SETS.P2,COL,2022,156.195161137443
mobile_cellular_subscriptions_per_100,IT.CEL.SETS.P2,COL,2021,146.627837254516
mobile_cellular_subscriptions_per_100,IT.CEL.SETS.P2,COL,2020,133.661019178018
mobile_cellular_subscriptions_per_100,IT.CEL.SETS.P2,COL,2019,132.810761644655
mobile_cellular_subscriptions_per_100,IT.CEL.SETS.P2,COM,2022,100.549036907747
mobile_cellular_subscriptions_per_100,IT.CEL.SETS.P2,COM,2021,104.311430086999
mobile_cellular_subscriptions_per_100,IT.CEL.SETS.P2,COM,2020,97.4339379901591
mobile_cellular_subscriptions_per_100,IT.CEL.SETS.P2,COM,2019,73.1291747290161
mobile_cellular_subscriptions_per_100,IT.CEL.SETS.P2,COD,2022,48.6773534153863
mobile_cellular_subscriptions_per_100,IT.CEL.SETS.P2,COD,2021,47.2882541992485
mobile_cellular_subscriptions_per_100,IT.CEL.SETS.P2,COD,2020,42.5027574227056
mobile_cellular_subscriptions_per_100,IT.CEL.SETS.P2,COD,2019,39.9399996397964
mobile_cellular_subscriptions_per_100,IT.CEL.SETS.P2,COG,2022,93.6259259161068
mobile_cellular_subscriptions_per_100,IT.CEL.SETS.P2,COG,2021,95.8614998889206
mobile_cellular_subscriptions_per_100,IT.CEL.SETS.P2,COG,2020,97.6561289989503
mobile_cellular_subscriptions_per_100,IT.CEL.SETS.P2,COG,2019,91.0654212529473
mobile_cellular_subscriptions_per_100,IT.CEL.SETS.P2,CRI,2022,136.518375013406
mobile_cellular_subscriptions_per_100,IT.CEL.SETS.P2,CRI,2021,140.788061157457
mobile_cellular_subscriptions_per_100,IT.CEL.SETS.P2,CRI,2020,142.481526800044
mobile_cellular_subscriptions_per_100,IT.CEL.SETS.P2,CRI,2019,144.514079558713
mobile_cellular_subscriptions_per_100,IT.CEL.SETS.P2,CIV,2022,161.231833444196
mobile_cellular_subscriptions_per_100,IT.CEL.SETS.P2,CIV,2021,150.343798608733
mobile_cellular_subscriptions_per_100,IT.CEL.SETS.P2,CIV,2020,138.663750301785
mobile_cellular_subscriptions_per_100,IT.CEL.SETS.P2,CIV,2019,132.574011521792
mobile_cellular_subscriptions_per_100,IT.CEL.SETS.P2,HRV,2022,114.677195729643
mobile_cellular_subscriptions_per_100,IT.CEL.SETS.P2,HRV,2021,112.169438491978
mobile_cellular_subscriptions_per_100,IT.CEL.SETS.P2,HRV,2020,110.666299439701
mobile_cellular_subscriptions_per_100,IT.CEL.SETS.P2,HRV,2019,110.493802074789
mobile_cellular_subscriptions_per_100,IT.CEL.SETS.P2,CUB,2022,68.7180442358013
mobile_cellular_subscriptions_per_100,IT.CEL.SETS.P2,CUB,2021,63.8661095570576
mobile_cellular_subscriptions_per_100,IT.CEL.SETS.P2,CUB,2020,59.6058696780721
mobile_cellular_subscriptions_per_100,IT.CEL.SETS.P2,CUB,2019,53.9383385257639
mobile_cellular_subscriptions_per_100,IT.CEL.SETS.P2,CUW,2022,92.7324718767703
mobile_cellular_subscriptions_per_100,IT.CEL.SETS.P2,CUW,2021,90.6602271807463
mobile_cellular_subscriptions_per_100,IT.CEL.SETS.P2,CUW,2020,91.8829519290015
mobile_cellular_subscriptions_per_100,IT.CEL.SETS.P2,CUW,2019,97.200107627293
mobile_cellular_subscriptions_per_100,IT.CEL.SETS.P2,CYP,2022,146.71583605521
mobile_cellular_subscriptions_per_100,IT.CEL.SETS.P2,CYP,2021,142.051408905141
mobile_cellular_subscriptions_per_100,IT.CEL.SETS.P2,CYP,2020,135.588846364133
mobile_cellular_subscriptions_per_100,IT.CEL.SETS.P2,CYP,2019,137.76052748227
mobile_cellular_subscriptions_per_100,IT.CEL.SETS.P2,CZE,2022,128.105295003482
mobile_cellular_subscriptions_per_100,IT.CEL.SETS.P2,CZE,2021,126.173145654465
mobile_cellular_subscriptions_per_100,IT.CEL.SETS.P2,CZE,2020,123.219460160155
mobile_cellular_subscriptions_per_100,IT.CEL.SETS.P2,CZE,2019,124.126150238634
mobile_cellular_subscriptions_per_100,IT.CEL.SETS.P2,DNK,2022,126.48354098254
mobile_cellular_subscriptions_per_100,IT.CEL.SETS.P2,DNK,2021,125.604137839658
mobile_cellular_subscriptions_per_100,IT.CEL.SETS.P2,DNK,2020,124.370019531752
mobile_cellular_subscriptions_per_100,IT.CEL.SETS.P2,DNK,2019,124.573359763273
mobile_cellular_subscriptions_per_100,IT.CEL.SETS.P2,DJI,2022,46.7770531248021
mobile_cellular_subscriptions_per_100,IT.CEL.SETS.P2,DJI,2021,43.6423520933817
mobile_cellular_subscriptions_per_100,IT.CEL.SETS.P2,DJI,2020,39.2725038635961
mobile_cellular_subscriptions_per_100,IT.CEL.SETS.P2,DJI,2019,38.0143821719119
mobile_cellular_subscriptions_per_100,IT.CEL.SETS.P2,DMA,2022,85.1898961482058
mobile_cellular_subscriptions_per_100,IT.CEL.SETS.P2,DMA,2021,92.5136156662004
mobile_cellular_subscriptions_per_100,IT.CEL.SETS.P2,DMA,2020,110.409483077561
mobile_cellular_subscriptions_per_100,IT.CEL.SETS.P2,DMA,2019,115.103123158515
mobile_cellular_subscriptions_per_100,IT.CEL.SETS.P2,DOM,2022,90.3760163850377
mobile_cellular_subscriptions_per_100,IT.CEL.SETS.P2,DOM,2021,87.5207623947766
mobile_cellular_subscriptions_per_100,IT.CEL.SETS.P2,DOM,2020,81.6619005659366
mobile_cellular_subscriptions_per_100,IT.CEL.SETS.P2,DOM,2019,82.1376141070859
mobile_cellular_subscriptions_per_100,IT.CEL.SETS.P2,ECU,2022,98.1309025742238
mobile_cellular_subscriptions_per_100,IT.CEL.SETS.P2,ECU,2021,94.950621672761
mobile_cellular_subscriptions_per_100,IT.CEL.SETS.P2,ECU,2020,88.2554920433727
mobile_cellular_subscriptions_per_100,IT.CEL.SETS.P2,ECU,2019,91.4249181128443
mobile_cellular_subscriptions_per_100,IT.CEL.SETS.P2,EGY,2022,90.6794715776528
mobile_cellular_subscriptions_per_100,IT.CEL.SETS.P2,EGY,2021,84.0866220906029
mobile_cellular_subscriptions_per_100,IT.CEL.SETS.P2,EGY,2020,87.2316871725819
mobile_cellular_subscriptions_per_100,IT.CEL.SETS.P2,EGY,2019,88.6447815879102
mobile_cellular_subscriptions_per_100,IT.CEL.SETS.P2,SLV,2022,183.248955984561
mobile_cellular_subscriptions_per_100,IT.CEL.SETS.P2,SLV,2021,176.973446325336
mobile_cellular_subscriptions_per_100,IT.CEL.SETS.P2,SLV,2020,159.575329772708
mobile_cellular_subscriptions_per_100,IT.CEL.SETS.P2,SLV,2019,167.088631599992
mobile_cellular_subscriptions_per_100,IT.CEL.SETS.P2,GNQ,2022,49.5380486763568
mobile_cellular_subscriptions_per_100,IT.CEL.SETS.P2,GNQ,2021,46.434813558898
mobile_cellular_subscriptions_per_100,IT.CEL.SETS.P2,GNQ,2020,43.3495410342634
mobile_cellular_subscriptions_per_100,IT.CEL.SETS.P2,GNQ,2019,36.942192354463
mobile_cellular_subscriptions_per_100,IT.CEL.SETS.P2,ERI,2022,59.1248082166991
mobile_cellular_subscriptions_per_100,IT.CEL.SETS.P2,ERI,2021,53.7582573847458
mobile_cellular_subscriptions_per_100,IT.CEL.SETS.P2,ERI,2020,54.7205015934574
mobile_cellular_subscriptions_per_100,IT.CEL.SETS.P2,ERI,2019,40.4605403256719
mobile_cellular_subscriptions_per_100,IT.CEL.SETS.P2,EST,2022,152.270772859015
mobile_cellular_subscriptions_per_100,IT.CEL.SETS.P2,EST,2021,148.739589817601
mobile_cellular_subscriptions_per_100,IT.CEL.SETS.P2,EST,2020,144.832210121466
mobile_cellular_subscriptions_per_100,IT.CEL.SETS.P2,EST,2019,147.04692867619
mobile_cellular_subscriptions_per_100,IT.CEL.SETS.P2,SWZ,2022,121.491701239707
mobile_cellular_subscriptions_per_100,IT.CEL.SETS.P2,SWZ,2021,118.627490794327
mobile_cellular_subscriptions_per_100,IT.CEL.SETS.P2,SWZ,2020,104.747264466614
mobile_cellular_subscriptions_per_100,IT.CEL.SETS.P2,SWZ,2019,91.0519258836113
mobile_cellular_subscriptions_per_100,IT.CEL.SETS.P2,ETH,2022,56.9642988837987
mobile_cellular_subscriptions_per_100,IT.CEL.SETS.P2,ETH,2021,52.8088633217211
mobile_cellular_subscriptions_per_100,IT.CEL.SETS.P2,ETH,2020,37.4208472347226
mobile_cellular_subscriptions_per_100,IT.CEL.SETS.P2,ETH,2019,36.2199307720652
mobile_cellular_subscriptions_per_100,IT.CEL.SETS.P2,FRO,2022,105.80437318324
mobile_cellular_subscriptions_per_100,IT.CEL.SETS.P2,FRO,2021,111.093808630394
mobile_cellular_subscriptions_per_100,IT.CEL.SETS.P2,FRO,2020,112.600072261205
mobile_cellular_subscriptions_per_100,IT.CEL.SETS.P2,FRO,2019,106.012499517766
mobile_cellular_subscriptions_per_100,IT.CEL.SETS.P2,FJI,2022,111.749120643187
mobile_cellular_subscriptions_per_100,IT.CEL.SETS.P2,FJI,2021,108.158405429846
mobile_cellular_subscriptions_per_100,IT.CEL.SETS.P2,FJI,2020,108.365037711907
mobile_cellular_subscriptions_per_100,IT.CEL.SETS.P2,FJI,2019,112.580732955222
mobile_cellular_subscriptions_per_100,IT.CEL.SETS.P2,FIN,2022,128.023293416281
mobile_cellular_subscriptions_per_100,IT.CEL.SETS.P2,FIN,2021,129.036333202492
mobile_cellular_subscriptions_per_100,IT.CEL.SETS.P2,FIN,2020,128.761294644181
mobile_cellular_subscriptions_per_100,IT.CEL.SETS.P2,FIN,2019,129.487723024493
mobile_cellular_subscriptions_per_100,IT.CEL.SETS.P2,FRA,2022,115.950519429629
mobile_cellular_subscriptions_per_100,IT.CEL.SETS.P2,FRA,2021,113.952719366702
mobile_cellular_subscriptions_per_100,IT.CEL.SETS.P2,FRA,2020,110.387215275645
mobile_cellular_subscriptions_per_100,IT.CEL.SETS.P2,FRA,2019,109.600780374596
mobile_cellular_subscriptions_per_100,IT.CEL.SETS.P2,PYF,2022,116.866159256432
mobile_cellular_subscriptions_per_100,IT.CEL.SETS.P2,PYF,2021,115.413592954766
mobile_cellular_subscriptions_per_100,IT.CEL.SETS.P2,PYF,2020,119.981805744084
mobile_cellular_subscriptions_per_100,IT.CEL.SETS.P2,PYF,2019,113.964606463728
mobile_cellular_subscriptions_per_100,IT.CEL.SETS.P2,GAB,2022,123.233187164275
mobile_cellular_subscriptions_per_100,IT.CEL.SETS.P2,GAB,2021,132.30865873249
mobile_cellular_subscriptions_per_100,IT.CEL.SETS.P2,GAB,2020,131.301562643297
mobile_cellular_subscriptions_per_100,IT.CEL.SETS.P2,GAB,2019,131.975264871196
mobile_cellular_subscriptions_per_100,IT.CEL.SETS.P2,GMB,2022,106.782250509204
mobile_cellular_subscriptions_per_100,IT.CEL.SETS.P2,GMB,2021,108.847403542688
mobile_cellular_subscriptions_per_100,IT.CEL.SETS.P2,GMB,2020,106.448259811355
mobile_cellular_subscriptions_per_100,IT.CEL.SETS.P2,GMB,2019,105.204644657943
mobile_cellular_subscriptions_per_100,IT.CEL.SETS.P2,GEO,2022,154.013561773213
mobile_cellular_subscriptions_per_100,IT.CEL.SETS.P2,GEO,2021,146.566472682371
mobile_cellular_subscriptions_per_100,IT.CEL.SETS.P2,GEO,2020,134.366007864735
mobile_cellular_subscriptions_per_100,IT.CEL.SETS.P2,GEO,2019,141.755414275788
mobile_cellular_subscriptions_per_100,IT.CEL.SETS.P2,DEU,2022,124.158264349285
mobile_cellular_subscriptions_per_100,IT.CEL.SETS.P2,DEU,2021,127.125099449404
mobile_cellular_subscriptions_per_100,IT.CEL.SETS.P2,DEU,2020,128.424798814302
mobile_cellular_subscriptions_per_100,IT.CEL.SETS.P2,DEU,2019,128.292298108313
mobile_cellular_subscriptions_per_100,IT.CEL.SETS.P2,GHA,2022,120.803416027053
mobile_cellular_subscriptions_per_100,IT.CEL.SETS.P2,GHA,2021,124.402625384529
mobile_cellular_subscriptions_per_100,IT.CEL.SETS.P2,GHA,2020,126.887391353856
mobile_cellular_subscriptions_per_100,IT.CEL.SETS.P2,GHA,2019,130.70523333401
mobile_cellular_subscriptions_per_100,IT.CEL.SETS.P2,GIB,2022,97.6042968438406
mobile_cellular_subscriptions_per_100,IT.CEL.SETS.P2,GIB,2021,92.6501709262575
mobile_cellular_subscriptions_per_100,IT.CEL.SETS.P2,GIB,2020,97.9680977524673
mobile_cellular_subscriptions_per_100,IT.CEL.SETS.P2,GIB,2019,114.208035160872
mobile_cellular_subscriptions_per_100,IT.CEL.SETS.P2,GRC,2022,109.026956114201
mobile_cellular_subscriptions_per_100,IT.CEL.SETS.P2,GRC,2021,108.643525000707
mobile_cellular_subscriptions_per_100,IT.CEL.SETS.P2,GRC,2020,106.669795200072
mobile_cellular_subscriptions_per_100,IT.CEL.SETS.P2,GRC,2019,110.855033355177
mobile_cellular_subscriptions_per_100,IT.CEL.SETS.P2,GRL,2022,118.637256652974
mobile_cellular_subscriptions_per_100,IT.CEL.SETS.P2,GRL,2021,118.85048446673
mobile_cellular_subscriptions_per_100,IT.CEL.SETS.P2,GRL,2020,117.614122681883
mobile_cellular_subscriptions_per_100,IT.CEL.SETS.P2,GRL,2019,109.935097353969
mobile_cellular_subscriptions_per_100,IT.CEL.SETS.P2,GRD,2022,95.759239776586
mobile_cellular_subscriptions_per_100,IT.CEL.SETS.P2,GRD,2021,86.5710270122035
mobile_cellular_subscriptions_per_100,IT.CEL.SETS.P2,GRD,2020,102.079232600717
mobile_cellular_subscriptions_per_100,IT.CEL.SETS.P2,GRD,2019,100.175028668489
mobile_cellular_subscriptions_per_100,IT.CEL.SETS.P2,GTM,2022,115.156435692604
mobile_cellular_subscriptions_per_100,IT.CEL.SETS.P2,GTM,2021,125.718955715353
mobile_cellular_subscriptions_per_100,IT.CEL.SETS.P2,GTM,2020,117.475884100805
mobile_cellular_subscriptions_per_100,IT.CEL.SETS.P2,GTM,2019,122.043793418341
mobile_cellular_subscriptions_per_100,IT.CEL.SETS.P2,GIN,2022,95.3174629318803
mobile_cellular_subscriptions_per_100,IT.CEL.SETS.P2,GIN,2021,110.185519681138
mobile_cellular_subscriptions_per_100,IT.CEL.SETS.P2,GIN,2020,107.776552007403
mobile_cellular_subscriptions_per_100,IT.CEL.SETS.P2,GIN,2019,98.7621473298315
mobile_cellular_subscriptions_per_100,IT.CEL.SETS.P2,GNB,2022,125.934670099533
mobile_cellular_subscriptions_per_100,IT.CEL.SETS.P2,GNB,2021,108.62961248586
mobile_cellular_subscriptions_per_100,IT.CEL.SETS.P2,GNB,2020,95.0628708236165
mobile_cellular_subscriptions_per_100,IT.CEL.SETS.P2,GNB,2019,80.8245277725828
mobile_cellular_subscriptions_per_100,IT.CEL.SETS.P2,GUY,2022,112.56503784518
mobile_cellular_subscriptions_per_100,IT.CEL.SETS.P2,GUY,2021,104.968595260226
mobile_cellular_subscriptions_per_100,IT.CEL.SETS.P2,GUY,2020,106.008686272494
mobile_cellular_subscriptions_per_100,IT.CEL.SETS.P2,GUY,2019,96.327066296051
mobile_cellular_subscriptions_per_100,IT.CEL.SETS.P2,HTI,2022,65.1889329311174
mobile_cellular_subscriptions_per_100,IT.CEL.SETS.P2,HTI,2021,64.3451990252656
mobile_cellular_subscriptions_per_100,IT.CEL.SETS.P2,HTI,2020,65.0933737275708
mobile_cellular_subscriptions_per_100,IT.CEL.SETS.P2,HTI,2019,61.6234088594647
mobile_cellular_subscriptions_per_100,IT.CEL.SETS.P2,HND,2022,75.8551423411907
mobile_cellular_subscriptions_per_100,IT.CEL.SETS.P2,HND,2021,73.4771659564055
mobile_cellular_subscriptions_per_100,IT.CEL.SETS.P2,HND,2020,68.7836128557933
mobile_cellular_subscriptions_per_100,IT.CEL.SETS.P2,HND,2019,76.0268304351136
mobile_cellular_subscriptions_per_100,IT.CEL.SETS.P2,HKG,2022,292.80765987826
mobile_cellular_subscriptions_per_100,IT.CEL.SETS.P2,HKG,2021,319.852066930488
mobile_cellular_subscriptions_per_100,IT.CEL.SETS.P2,HKG,2020,291.916274990037
mobile_cellular_subscriptions_per_100,IT.CEL.SETS.P2,HKG,2019,286.618647834243
mobile_cellular_subscriptions_per_100,IT.CEL.SETS.P2,HUN,2022,105.793848314995
mobile_cellular_subscriptions_per_100,IT.CEL.SETS.P2,HUN,2021,105.137285804787
mobile_cellular_subscriptions_per_100,IT.CEL.SETS.P2,HUN,2020,105.981902376717
mobile_cellular_subscriptions_per_100,IT.CEL.SETS.P2,HUN,2019,105.141557934591
mobile_cellular_subscriptions_per_100,IT.CEL.SETS.P2,ISL,2022,120.114839781678
mobile_cellular_subscriptions_per_100,IT.CEL.SETS.P2,ISL,2021,117.34255750797
mobile_cellular_subscriptions_per_100,IT.CEL.SETS.P2,ISL,2020,114.939418571031
mobile_cellular_subscriptions_per_100,IT.CEL.SETS.P2,ISL,2019,114.623232603271
mobile_cellular_subscriptions_per_100,IT.CEL.SETS.P2,IND,2022,80.1818007717416
mobile_cellular_subscriptions_per_100,IT.CEL.SETS.P2,IND,2021,81.603974311212
mobile_cellular_subscriptions_per_100,IT.CEL.SETS.P2,IND,2020,82.2540479927426
mobile_cellular_subscriptions_per_100,IT.CEL.SETS.P2,IND,2019,82.898144918237
mobile_cellular_subscriptions_per_100,IT.CEL.SETS.P2,IDN,2022,122.873012230307
mobile_cellular_subscriptions_per_100,IT.CEL.SETS.P2,IDN,2021,132.199444256099
mobile_cellular_subscriptions_per_100,IT.CEL.SETS.P2,IDN,2020,129.40362112725
mobile_cellular_subscriptions_per_100,IT.CEL.SETS.P2,IDN,2019,125.244348145809
mobile_cellular_subscriptions_per_100,IT.CEL.SETS.P2,IRN,2022,162.712943709127
mobile_cellular_subscriptions_per_100,IT.CEL.SETS.P2,IRN,2021,153.624638869213
mobile_cellular_subscriptions_per_100,IT.CEL.SETS.P2,IRN,2020,145.485569917724
mobile_cellular_subscriptions_per_100,IT.CEL.SETS.P2,IRN,2019,135.622267599115
mobile_cellular_subscriptions_per_100,IT.CEL.SETS.P2,IRQ,2022,99.1323661916548
mobile_cellular_subscriptions_per_100,IT.CEL.SETS.P2,IRQ,2021,94.6092832170426
mobile_cellular_subscriptions_per_100,IT.CEL.SETS.P2,IRQ,2020,88.9799284628949
mobile_cellular_subscriptions_per_100,IT.CEL.SETS.P2,IRQ,2019,90.3685290100393
mobile_cellular_subscriptions_per_100,IT.CEL.SETS.P2,IRL,2022,110.608851322579
mobile_cellular_subscriptions_per_100,IT.CEL.SETS.P2,IRL,2021,106.86972424373
mobile_cellular_subscriptions_per_100,IT.CEL.SETS.P2,IRL,2020,105.045612677382
mobile_cellular_subscriptions_per_100,IT.CEL.SETS.P2,IRL,2019,104.597515228061
mobile_cellular_subscriptions_per_100,IT.CEL.SETS.P2,ISR,2022,151.1379631075
mobile_cellular_subscriptions_per_100,IT.CEL.SETS.P2,ISR,2021,139.775312861878
mobile_cellular_subscriptions_per_100,IT.CEL.SETS.P2,ISR,2020,139.425860895034
mobile_cellular_subscriptions_per_100,IT.CEL.SETS.P2,ISR,2019,135.143345507015
mobile_cellular_subscriptions_per_100,IT.CEL.SETS.P2,ITA,2022,131.673965640047
mobile_cellular_subscriptions_per_100,IT.CEL.SETS.P2,ITA,2021,130.781488497698
mobile_cellular_subscriptions_per_100,IT.CEL.SETS.P2,ITA,2020,129.49000571147
mobile_cellular_subscriptions_per_100,IT.CEL.SETS.P2,ITA,2019,132.181234381376
mobile_cellular_subscriptions_per_100,IT.CEL.SETS.P2,JAM,2022,105.762018411183
mobile_cellular_subscriptions_per_100,IT.CEL.SETS.P2,JAM,2021,102.38666630017
mobile_cellular_subscriptions_per_100,IT.CEL.SETS.P2,JAM,2020,101.50208125864
mobile_cellular_subscriptions_per_100,IT.CEL.SETS.P2,JAM,2019,107.105304450051
mobile_cellular_subscriptions_per_100,IT.CEL.SETS.P2,JPN,2022,168.602943650636
mobile_cellular_subscriptions_per_100,IT.CEL.SETS.P2,JPN,2021,159.516123485628
mobile_cellular_subscriptions_per_100,IT.CEL.SETS.P2,JPN,2020,154.432206765516
mobile_cellular_subscriptions_per_100,IT.CEL.SETS.P2,JPN,2019,147.209910756974
mobile_cellular_subscriptions_per_100,IT.CEL.SETS.P2,JOR,2022,67.7457074341635
mobile_cellular_subscriptions_per_100,IT.CEL.SETS.P2,JOR,2021,65.7448847660422
mobile_cellular_subscriptions_per_100,IT.CEL.SETS.P2,JOR,2020,64.3142601333354
mobile_cellular_subscriptions_per_100,IT.CEL.SETS.P2,JOR,2019,72.8902684631993
mobile_cellular_subscriptions_per_100,IT.CEL.SETS.P2,KAZ,2022,125.641583521795
mobile_cellular_subscriptions_per_100,IT.CEL.SETS.P2,KAZ,2021,123.943942754522
mobile_cellular_subscriptions_per_100,IT.CEL.SETS.P2,KAZ,2020,124.698460644703
mobile_cellular_subscriptions_per_100,IT.CEL.SETS.P2,KAZ,2019,133.879728083238
mobile_cellular_subscriptions_per_100,IT.CEL.SETS.P2,KEN,2022,121.168999135357
mobile_cellular_subscriptions_per_100,IT.CEL.SETS.P2,KEN,2021,122.297519656734
mobile_cellular_subscriptions_per_100,IT.CEL.SETS.P2,KEN,2020,117.602526394779
mobile_cellular_subscriptions_per_100,IT.CEL.SETS.P2,KEN,2019,106.547822056778
mobile_cellular_subscriptions_per_100,IT.CEL.SETS.P2,KIR,2022,49.1120496056535
mobile_cellular_subscriptions_per_100,IT.CEL.SETS.P2,KIR,2021,40.9979980837689
mobile_cellular_subscriptions_per_100,IT.CEL.SETS.P2,KIR,2020,43.3476871347116
mobile_cellular_subscriptions_per_100,IT.CEL.SETS.P2,KIR,2019,44.1071327700713
mobile_cellular_subscriptions_per_100,IT.CEL.SETS.P2,PRK,2022,24.1311041179361
mobile_cellular_subscriptions_per_100,IT.CEL.SETS.P2,PRK,2021,22.8723614729709
mobile_cellular_subscriptions_per_100,IT.CEL.SETS.P2,PRK,2020,22.9565670933221
mobile_cellular_subscriptions_per_100,IT.CEL.SETS.P2,PRK,2019,16.3340506540687
mobile_cellular_subscriptions_per_100,IT.CEL.SETS.P2,KOR,2022,148.68360770138
mobile_cellular_subscriptions_per_100,IT.CEL.SETS.P2,KOR,2021,140.516382791931
mobile_cellular_subscriptions_per_100,IT.CEL.SETS.P2,KOR,2020,135.973274343048
mobile_cellular_subscriptions_per_100,IT.CEL.SETS.P2,KOR,2019,133.079790493891
mobile_cellular_subscriptions_per_100,IT.CEL.SETS.P2,XKX,2022,34.5402009143477
mobile_cellular_subscriptions_per_100,IT.CEL.SETS.P2,KWT,2022,168.350157565806
mobile_cellular_subscriptions_per_100,IT.CEL.SETS.P2,KWT,2021,158.646854136291
mobile_cellular_subscriptions_per_100,IT.CEL.SETS.P2,KWT,2020,153.866464370257
mobile_cellular_subscriptions_per_100,IT.CEL.SETS.P2,KWT,2019,164.941648203568
mobile_cellular_subscriptions_per_100,IT.CEL.SETS.P2,KGZ,2022,106.925973017004
mobile_cellular_subscriptions_per_100,IT.CEL.SETS.P2,KGZ,2021,108.171654806063
mobile_cellular_subscriptions_per_100,IT.CEL.SETS.P2,KGZ,2020,109.780106660424
mobile_cellular_subscriptions_per_100,IT.CEL.SETS.P2,KGZ,2019,132.776694304851
mobile_cellular_subscriptions_per_100,IT.CEL.SETS.P2,LAO,2022,63.3546046458219
mobile_cellular_subscriptions_per_100,IT.CEL.SETS.P2,LAO,2021,64.7101497693472
mobile_cellular_subscriptions_per_100,IT.CEL.SETS.P2,LAO,2020,63.1139885984314
mobile_cellular_subscriptions_per_100,IT.CEL.SETS.P2,LAO,2019,64.0668582946144
mobile_cellular_subscriptions_per_100,IT.CEL.SETS.P2,LVA,2022,115.202627450543
mobile_cellular_subscriptions_per_100,IT.CEL.SETS.P2,LVA,2021,114.644670333429
mobile_cellular_subscriptions_per_100,IT.CEL.SETS.P2,LVA,2020,107.902487108935
mobile_cellular_subscriptions_per_100,IT.CEL.SETS.P2,LVA,2019,108.221910991332
mobile_cellular_subscriptions_per_100,IT.CEL.SETS.P2,LBN,2022,74.0148340435503
mobile_cellular_subscriptions_per_100,IT.CEL.SETS.P2,LBN,2021,74.9935205999452
mobile_cellular_subscriptions_per_100,IT.CEL.SETS.P2,LBN,2020,75.2003104658777
mobile_cellular_subscriptions_per_100,IT.CEL.SETS.P2,LBN,2019,73.1364785867655
mobile_cellular_subscriptions_per_100,IT.CEL.SETS.P2,LSO,2022,68.1001351640997
mobile_cellular_subscriptions_per_100,IT.CEL.SETS.P2,LSO,2021,80.5368195682415
mobile_cellular_subscriptions_per_100,IT.CEL.SETS.P2,LSO,2020,69.8944012395073
mobile_cellular_subscriptions_per_100,IT.CEL.SETS.P2,LSO,2019,76.1124827725111
mobile_cellular_subscriptions_per_100,IT.CEL.SETS.P2,LBR,2022,32.0638885570006
mobile_cellular_subscriptions_per_100,IT.CEL.SETS.P2,LBR,2021,31.429900768597
mobile_cellular_subscriptions_per_100,IT.CEL.SETS.P2,LBR,2020,32.1004345501657
mobile_cellular_subscriptions_per_100,IT.CEL.SETS.P2,LBR,2019,38.4041861157665
mobile_cellular_subscriptions_per_100,IT.CEL.SETS.P2,LBY,2022,192.97309381967
mobile_cellular_subscriptions_per_100,IT.CEL.SETS.P2,LBY,2021,195.117849246865
mobile_cellular_subscriptions_per_100,IT.CEL.SETS.P2,LBY,2020,164.987107188677
mobile_cellular_subscriptions_per_100,IT.CEL.SETS.P2,LBY,2019,164.00440049702
mobile_cellular_subscriptions_per_100,IT.CEL.SETS.P2,LIE,2022,126.306686674975
mobile_cellular_subscriptions_per_100,IT.CEL.SETS.P2,LIE,2021,126.070587030017
mobile_cellular_subscriptions_per_100,IT.CEL.SETS.P2,LIE,2020,126.104676657982
mobile_cellular_subscriptions_per_100,IT.CEL.SETS.P2,LIE,2019,124.214360041623
mobile_cellular_subscriptions_per_100,IT.CEL.SETS.P2,LTU,2022,135.834150715729
mobile_cellular_subscriptions_per_100,IT.CEL.SETS.P2,LTU,2021,133.357273318046
mobile_cellular_subscriptions_per_100,IT.CEL.SETS.P2,LTU,2020,131.341332336588
mobile_cellular_subscriptions_per_100,IT.CEL.SETS.P2,LTU,2019,132.528841977519
mobile_cellular_subscriptions_per_100,IT.CEL.SETS.P2,LUX,2022,139.651285065505
mobile_cellular_subscriptions_per_100,IT.CEL.SETS.P2,LUX,2021,136.87108956478
mobile_cellular_subscriptions_per_100,IT.CEL.SETS.P2,LUX,2020,132.908973559976
mobile_cellular_subscriptions_per_100,IT.CEL.SETS.P2,LUX,2019,131.870169616698
mobile_cellular_subscriptions_per_100,IT.CEL.SETS.P2,MAC,2022,172.244717160072
mobile_cellular_subscriptions_per_100,IT.CEL.SETS.P2,MAC,2021,183.574788091048
mobile_cellular_subscriptions_per_100,IT.CEL.SETS.P2,MAC,2020,237.343774476003
mobile_cellular_subscriptions_per_100,IT.CEL.SETS.P2,MAC,2019,416.260540646881
mobile_cellular_subscriptions_per_100,IT.CEL.SETS.P2,MDG,2022,64.7494924066919
mobile_cellular_subscriptions_per_100,IT.CEL.SETS.P2,MDG,2021,53.9177233784298
mobile_cellular_subscriptions_per_100,IT.CEL.SETS.P2,MDG,2020,54.8084663590199
mobile_cellular_subscriptions_per_100,IT.CEL.SETS.P2,MDG,2019,46.077978411707
mobile_cellular_subscriptions_per_100,IT.CEL.SETS.P2,MWI,2022,59.6495709408963
mobile_cellular_subscriptions_per_100,IT.CEL.SETS.P2,MWI,2021,59.5599408158462
mobile_cellular_subscriptions_per_100,IT.CEL.SETS.P2,MWI,2020,51.2170439392301
mobile_cellular_subscriptions_per_100,IT.CEL.SETS.P2,MWI,2019,46.7841008334388
mobile_cellular_subscriptions_per_100,IT.CEL.SETS.P2,MYS,2022,138.208441079076
mobile_cellular_subscriptions_per_100,IT.CEL.SETS.P2,MYS,2021,137.684938559871
mobile_cellular_subscriptions_per_100,IT.CEL.SETS.P2,MYS,2020,129.017911652905
mobile_cellular_subscriptions_per_100,IT.CEL.SETS.P2,MYS,2019,133.372921941941
mobile_cellular_subscriptions_per_100,IT.CEL.SETS.P2,MDV,2022,136.458655310185
mobile_cellular_subscriptions_per_100,IT.CEL.SETS.P2,MDV,2021,136.789214071769
mobile_cellular_subscriptions_per_100,IT.CEL.SETS.P2,MDV,2020,142.936122584731
mobile_cellular_subscriptions_per_100,IT.CEL.SETS.P2,MDV,2019,169.774322321116
mobile_cellular_subscriptions_per_100,IT.CEL.SETS.P2,MLI,2022,112.119852778009
mobile_cellular_subscriptions_per_100,IT.CEL.SETS.P2,MLI,2021,108.693122357196
mobile_cellular_subscriptions_per_100,IT.CEL.SETS.P2,MLI,2020,116.587405376001
mobile_cellular_subscriptions_per_100,IT.CEL.SETS.P2,MLI,2019,108.814511587375
mobile_cellular_subscriptions_per_100,IT.CEL.SETS.P2,MLT,2022,132.861156549134
mobile_cellular_subscriptions_per_100,IT.CEL.SETS.P2,MLT,2021,123.941408455002
mobile_cellular_subscriptions_per_100,IT.CEL.SETS.P2,MLT,2020,122.175694268893
mobile_cellular_subscriptions_per_100,IT.CEL.SETS.P2,MLT,2019,125.866492068688
mobile_cellular_subscriptions_per_100,IT.CEL.SETS.P2,MHL,2022,39.7060658232902
mobile_cellular_subscriptions_per_100,IT.CEL.SETS.P2,MHL,2021,38.6781734232601
mobile_cellular_subscriptions_per_100,IT.CEL.SETS.P2,MHL,2020,37.4654615276542
mobile_cellular_subscriptions_per_100,IT.CEL.SETS.P2,MHL,2019,36.3578521598836
mobile_cellular_subscriptions_per_100,IT.CEL.SETS.P2,MRT,2022,109.883898247552
mobile_cellular_subscriptions_per_100,IT.CEL.SETS.P2,MRT,2021,137.540323142707
mobile_cellular_subscriptions_per_100,IT.CEL.SETS.P2,MRT,2020,126.277034284458
mobile_cellular_subscriptions_per_100,IT.CEL.SETS.P2,MRT,2019,105.441089704161
mobile_cellular_subscriptions_per_100,IT.CEL.SETS.P2,MUS,2022,164.309278835228
mobile_cellular_subscriptions_per_100,IT.CEL.SETS.P2,MUS,2021,154.053185977432
mobile_cellular_subscriptions_per_100,IT.CEL.SETS.P2,MUS,2020,149.06995900167
mobile_cellular_subscriptions_per_100,IT.CEL.SETS.P2,MUS,2019,145.117277088014
mobile_cellular_subscriptions_per_100,IT.CEL.SETS.P2,MEX,2022,105.720624125765
mobile_cellular_subscriptions_per_100,IT.CEL.SETS.P2,MEX,2021,99.09481491263
mobile_cellular_subscriptions_per_100,IT.CEL.SETS.P2,MEX,2020,96.9237451881936
mobile_cellular_subscriptions_per_100,IT.CEL.SETS.P2,MEX,2019,97.0358606795758
mobile_cellular_subscriptions_per_100,IT.CEL.SETS.P2,FSM,2022,19.9885830493962
mobile_cellular_subscriptions_per_100,IT.CEL.SETS.P2,FSM,2021,19.7090231491436
mobile_cellular_subscriptions_per_100,IT.CEL.SETS.P2,FSM,2020,19.8348299614122
mobile_cellular_subscriptions_per_100,IT.CEL.SETS.P2,FSM,2019,20.8556246712972
mobile_cellular_subscriptions_per_100,IT.CEL.SETS.P2,MDA,2022,137.182551887592
mobile_cellular_subscriptions_per_100,IT.CEL.SETS.P2,MDA,2021,128.983642317657
mobile_cellular_subscriptions_per_100,IT.CEL.SETS.P2,MDA,2020,111.444672775453
mobile_cellular_subscriptions_per_100,IT.CEL.SETS.P2,MDA,2019,116.105189229966
mobile_cellular_subscriptions_per_100,IT.CEL.SETS.P2,MCO,2022,100.061647530246
mobile_cellular_subscriptions_per_100,IT.CEL.SETS.P2,MCO,2021,97.1422638668985
mobile_cellular_subscriptions_per_100,IT.CEL.SETS.P2,MCO,2020,93.2588699080158
mobile_cellular_subscriptions_per_100,IT.CEL.SETS.P2,MCO,2019,88.6483507832795
mobile_cellular_subscriptions_per_100,IT.CEL.SETS.P2,MNG,2022,142.808581769425
mobile_cellular_subscriptions_per_100,IT.CEL.SETS.P2,MNG,2021,140.352142155192
mobile_cellular_subscriptions_per_100,IT.CEL.SETS.P2,MNG,2020,132.610273840436
mobile_cellular_subscriptions_per_100,IT.CEL.SETS.P2,MNG,2019,136.719198864644
mobile_cellular_subscriptions_per_100,IT.CEL.SETS.P2,MNE,2022,207.278149444886
mobile_cellular_subscriptions_per_100,IT.CEL.SETS.P2,MNE,2021,185.488473149833
mobile_cellular_subscriptions_per_100,IT.CEL.SETS.P2,MNE,2020,177.66521091893
mobile_cellular_subscriptions_per_100,IT.CEL.SETS.P2,MNE,2019,188.173957398388
mobile_cellular_subscriptions_per_100,IT.CEL.SETS.P2,MAR,2022,141.870002419562
mobile_cellular_subscriptions_per_100,IT.CEL.SETS.P2,MAR,2021,138.911268095998
mobile_cellular_subscriptions_per_100,IT.CEL.SETS.P2,MAR,2020,135.088404811169
mobile_cellular_subscriptions_per_100,IT.CEL.SETS.P2,MAR,2019,128.874798962456
mobile_cellular_subscriptions_per_100,IT.CEL.SETS.P2,MOZ,2022,45.8178199662019
mobile_cellular_subscriptions_per_100,IT.CEL.SETS.P2,MOZ,2021,43.1636190464176
mobile_cellular_subscriptions_per_100,IT.CEL.SETS.P2,MOZ,2020,50.2318825476662
mobile_cellular_subscriptions_per_100,IT.CEL.SETS.P2,MOZ,2019,49.4350694242276
mobile_cellular_subscriptions_per_100,IT.CEL.SETS.P2,MMR,2022,107.535089476237
mobile_cellular_subscriptions_per_100,IT.CEL.SETS.P2,MMR,2021,127.240645128106
mobile_cellular_subscriptions_per_100,IT.CEL.SETS.P2,MMR,2020,148.158208114821
mobile_cellular_subscriptions_per_100,IT.CEL.SETS.P2,MMR,2019,155.669416939698
mobile_cellular_subscriptions_per_100,IT.CEL.SETS.P2,NAM,2022,100.557816104444
mobile_cellular_subscriptions_per_100,IT.CEL.SETS.P2,NAM,2021,103.727351391971
mobile_cellular_subscriptions_per_100,IT.CEL.SETS.P2,NAM,2020,106.206587456143
mobile_cellular_subscriptions_per_100,IT.CEL.SETS.P2,NAM,2019,106.53315947895
mobile_cellular_subscriptions_per_100,IT.CEL.SETS.P2,NRU,2022,87.1705787645115
mobile_cellular_subscriptions_per_100,IT.CEL.SETS.P2,NRU,2021,85.404389785635
mobile_cellular_subscriptions_per_100,IT.CEL.SETS.P2,NRU,2020,85.8885167053165
mobile_cellular_subscriptions_per_100,IT.CEL.SETS.P2,NRU,2019,86.3036161215155
mobile_cellular_subscriptions_per_100,IT.CEL.SETS.P2,NPL,2022,121.1144874334
mobile_cellular_subscriptions_per_100,IT.CEL.SETS.P2,NPL,2021,129.645418271275
mobile_cellular_subscriptions_per_100,IT.CEL.SETS.P2,NPL,2020,131.921020414772
mobile_cellular_subscriptions_per_100,IT.CEL.SETS.P2,NPL,2019,136.186080245332
mobile_cellular_subscriptions_per_100,IT.CEL.SETS.P2,NLD,2022,115.8205562749
mobile_cellular_subscriptions_per_100,IT.CEL.SETS.P2,NLD,2021,123.447849713072
mobile_cellular_subscriptions_per_100,IT.CEL.SETS.P2,NLD,2020,121.422728509042
mobile_cellular_subscriptions_per_100,IT.CEL.SETS.P2,NLD,2019,124.08833250929
mobile_cellular_subscriptions_per_100,IT.CEL.SETS.P2,NCL,2022,91.6763895612682
mobile_cellular_subscriptions_per_100,IT.CEL.SETS.P2,NCL,2021,91.1596204954876
mobile_cellular_subscriptions_per_100,IT.CEL.SETS.P2,NCL,2020,91.4925961376049
mobile_cellular_subscriptions_per_100,IT.CEL.SETS.P2,NCL,2019,91.6764807514651
mobile_cellular_subscriptions_per_100,IT.CEL.SETS.P2,NZL,2022,115.984187800849
mobile_cellular_subscriptions_per_100,IT.CEL.SETS.P2,NZL,2021,114.454714130458
mobile_cellular_subscriptions_per_100,IT.CEL.SETS.P2,NZL,2020,123.000574962598
mobile_cellular_subscriptions_per_100,IT.CEL.SETS.P2,NZL,2019,120.475335425902
mobile_cellular_subscriptions_per_100,IT.CEL.SETS.P2,NIC,2022,104.278484676229
mobile_cellular_subscriptions_per_100,IT.CEL.SETS.P2,NIC,2021,93.8165084237294
mobile_cellular_subscriptions_per_100,IT.CEL.SETS.P2,NIC,2020,90.8140674248283
mobile_cellular_subscriptions_per_100,IT.CEL.SETS.P2,NIC,2019,89.2772705280369
mobile_cellular_subscriptions_per_100,IT.CEL.SETS.P2,NER,2022,63.3770548032743
mobile_cellular_subscriptions_per_100,IT.CEL.SETS.P2,NER,2021,61.5063092448251
mobile_cellular_subscriptions_per_100,IT.CEL.SETS.P2,NER,2020,60.0355524816093
mobile_cellular_subscriptions_per_100,IT.CEL.SETS.P2,NER,2019,52.8112616845298
mobile_cellular_subscriptions_per_100,IT.CEL.SETS.P2,NGA,2022,99.5852151989567
mobile_cellular_subscriptions_per_100,IT.CEL.SETS.P2,NGA,2021,89.2915858426408
mobile_cellular_subscriptions_per_100,IT.CEL.SETS.P2,NGA,2020,95.4356648074949
mobile_cellular_subscriptions_per_100,IT.CEL.SETS.P2,NGA,2019,88.1169010528984
mobile_cellular_subscriptions_per_100,IT.CEL.SETS.P2,MKD,2022,111.303079555687
mobile_cellular_subscriptions_per_100,IT.CEL.SETS.P2,MKD,2021,104.875134243923
mobile_cellular_subscriptions_per_100,IT.CEL.SETS.P2,MKD,2020,99.4723867063031
mobile_cellular_subscriptions_per_100,IT.CEL.SETS.P2,MKD,2019,101.231634434543
mobile_cellular_subscriptions_per_100,IT.CEL.SETS.P2,NOR,2022,111.657196221742
mobile_cellular_subscriptions_per_100,IT.CEL.SETS.P2,NOR,2021,109.585637519783
mobile_cellular_subscriptions_per_100,IT.CEL.SETS.P2,NOR,2020,108.296844518424
mobile_cellular_subscriptions_per_100,IT.CEL.SETS.P2,NOR,2019,108.00526578567
mobile_cellular_subscriptions_per_100,IT.CEL.SETS.P2,OMN,2022,136.800571561762
mobile_cellular_subscriptions_per_100,IT.CEL.SETS.P2,OMN,2021,135.076972756826
mobile_cellular_subscriptions_per_100,IT.CEL.SETS.P2,OMN,2020,140.378600753095
mobile_cellular_subscriptions_per_100,IT.CEL.SETS.P2,OMN,2019,138.232111508042
mobile_cellular_subscriptions_per_100,IT.CEL.SETS.P2,PAK,2022,79.1050539061512
mobile_cellular_subscriptions_per_100,IT.CEL.SETS.P2,PAK,2021,78.8012296805749
mobile_cellular_subscriptions_per_100,IT.CEL.SETS.P2,PAK,2020,74.7332166629945
mobile_cellular_subscriptions_per_100,IT.CEL.SETS.P2,PAK,2019,71.6660323753765
mobile_cellular_subscriptions_per_100,IT.CEL.SETS.P2,PLW,2022,135.142744523903
mobile_cellular_subscriptions_per_100,IT.CEL.SETS.P2,PLW,2021,134.960355395603
mobile_cellular_subscriptions_per_100,IT.CEL.SETS.P2,PLW,2020,134.892086330935
mobile_cellular_subscriptions_per_100,IT.CEL.SETS.P2,PLW,2019,134.846611978874
mobile_cellular_subscriptions_per_100,IT.CEL.SETS.P2,PAN,2022,152.062171804817
mobile_cellular_subscriptions_per_100,IT.CEL.SETS.P2,PAN,2021,147.899862038176
mobile_cellular_subscriptions_per_100,IT.CEL.SETS.P2,PAN,2020,142.283080390407
mobile_cellular_subscriptions_per_100,IT.CEL.SETS.P2,PAN,2019,137.570004959029
mobile_cellular_subscriptions_per_100,IT.CEL.SETS.P2,PNG,2022,49.1906681149749
mobile_cellular_subscriptions_per_100,IT.CEL.SETS.P2,PNG,2021,48.1179470954257
mobile_cellular_subscriptions_per_100,IT.CEL.SETS.P2,PNG,2020,49.0843996981992
mobile_cellular_subscriptions_per_100,IT.CEL.SETS.P2,PNG,2019,47.1952885885227
mobile_cellular_subscriptions_per_100,IT.CEL.SETS.P2,PRY,2022,128.088057269442
mobile_cellular_subscriptions_per_100,IT.CEL.SETS.P2,PRY,2021,119.312639901188
mobile_cellular_subscriptions_per_100,IT.CEL.SETS.P2,PRY,2020,119.099952314893
mobile_cellular_subscriptions_per_100,IT.CEL.SETS.P2,PRY,2019,119.137051427631
mobile_cellular_subscriptions_per_100,IT.CEL.SETS.P2,PER,2022,124.119322949561
mobile_cellular_subscriptions_per_100,IT.CEL.SETS.P2,PER,2021,129.993736857913
mobile_cellular_subscriptions_per_100,IT.CEL.SETS.P2,PER,2020,119.854099046125
mobile_cellular_subscriptions_per_100,IT.CEL.SETS.P2,PER,2019,122.790350843591
mobile_cellular_subscriptions_per_100,IT.CEL.SETS.P2,PHL,2022,147.428926406785
mobile_cellular_subscriptions_per_100,IT.CEL.SETS.P2,PHL,2021,144.424289981649
mobile_cellular_subscriptions_per_100,IT.CEL.SETS.P2,PHL,2020,133.45620905917
mobile_cellular_subscriptions_per_100,IT.CEL.SETS.P2,PHL,2019,151.006642923206
mobile_cellular_subscriptions_per_100,IT.CEL.SETS.P2,POL,2022,137.002148115476
mobile_cellular_subscriptions_per_100,IT.CEL.SETS.P2,POL,2021,132.987203939653
mobile_cellular_subscriptions_per_100,IT.CEL.SETS.P2,POL,2020,129.288487295019
mobile_cellular_subscriptions_per_100,IT.CEL.SETS.P2,POL,2019,126.597314882311
mobile_cellular_subscriptions_per_100,IT.CEL.SETS.P2,PRT,2022,122.80130896654
mobile_cellular_subscriptions_per_100,IT.CEL.SETS.P2,PRT,2021,119.768700781718
mobile_cellular_subscriptions_per_100,IT.CEL.SETS.P2,PRT,2020,114.276382888841
mobile_cellular_subscriptions_per_100,IT.CEL.SETS.P2,PRT,2019,115.145564535894
mobile_cellular_subscriptions_per_100,IT.CEL.SETS.P2,PRI,2022,120.215904630962
mobile_cellular_subscriptions_per_100,IT.CEL.SETS.P2,PRI,2021,112.540413929626
mobile_cellular_subscriptions_per_100,IT.CEL.SETS.P2,PRI,2020,106.682174305247
mobile_cellular_subscriptions_per_100,IT.CEL.SETS.P2,PRI,2019,102.552928381388
mobile_cellular_subscriptions_per_100,IT.CEL.SETS.P2,QAT,2022,162.248539735277
mobile_cellular_subscriptions_per_100,IT.CEL.SETS.P2,QAT,2021,137.709548409191
mobile_cellular_subscriptions_per_100,IT.CEL.SETS.P2,QAT,2020,135.497890935034
mobile_cellular_subscriptions_per_100,IT.CEL.SETS.P2,QAT,2019,140.01721278049
mobile_cellular_subscriptions_per_100,IT.CEL.SETS.P2,ROU,2022,121.14194294167
mobile_cellular_subscriptions_per_100,IT.CEL.SETS.P2,ROU,2021,119.123068432356
mobile_cellular_subscriptions_per_100,IT.CEL.SETS.P2,ROU,2020,116.478206049988
mobile_cellular_subscriptions_per_100,IT.CEL.SETS.P2,ROU,2019,116.252345583749
mobile_cellular_subscriptions_per_100,IT.CEL.SETS.P2,RUS,2022,168.475831268436
mobile_cellular_subscriptions_per_100,IT.CEL.SETS.P2,RUS,2021,169.07261384221
mobile_cellular_subscriptions_per_100,IT.CEL.SETS.P2,RUS,2020,163.101112466044
mobile_cellular_subscriptions_per_100,IT.CEL.SETS.P2,RUS,2019,163.646302441755
mobile_cellular_subscriptions_per_100,IT.CEL.SETS.P2,RWA,2022,80.5952224850433
mobile_cellular_subscriptions_per_100,IT.CEL.SETS.P2,RWA,2021,81.6381635400584
mobile_cellular_subscriptions_per_100,IT.CEL.SETS.P2,RWA,2020,81.2378724761376
mobile_cellular_subscriptions_per_100,IT.CEL.SETS.P2,RWA,2019,75.5985451901883
mobile_cellular_subscriptions_per_100,IT.CEL.SETS.P2,WSM,2022,62.398669522115
mobile_cellular_subscriptions_per_100,IT.CEL.SETS.P2,WSM,2021,32.2763227445165
mobile_cellular_subscriptions_per_100,IT.CEL.SETS.P2,WSM,2020,32.5557694485336
mobile_cellular_subscriptions_per_100,IT.CEL.SETS.P2,WSM,2019,40.0419487081705
mobile_cellular_subscriptions_per_100,IT.CEL.SETS.P2,SMR,2022,120.269873863303
mobile_cellular_subscriptions_per_100,IT.CEL.SETS.P2,SMR,2021,115.700566932778
mobile_cellular_subscriptions_per_100,IT.CEL.SETS.P2,SMR,2020,112.168886076677
mobile_cellular_subscriptions_per_100,IT.CEL.SETS.P2,SMR,2019,111.822930193634
mobile_cellular_subscriptions_per_100,IT.CEL.SETS.P2,STP,2022,86.7784626941517
mobile_cellular_subscriptions_per_100,IT.CEL.SETS.P2,STP,2021,85.2577705092336
mobile_cellular_subscriptions_per_100,IT.CEL.SETS.P2,STP,2020,80.1172764274381
mobile_cellular_subscriptions_per_100,IT.CEL.SETS.P2,STP,2019,77.6791069955762
mobile_cellular_subscriptions_per_100,IT.CEL.SETS.P2,SAU,2022,149.79788255308
mobile_cellular_subscriptions_per_100,IT.CEL.SETS.P2,SAU,2021,145.003757775499
mobile_cellular_subscriptions_per_100,IT.CEL.SETS.P2,SAU,2020,139.444194606554
mobile_cellular_subscriptions_per_100,IT.CEL.SETS.P2,SAU,2019,135.526154774497
mobile_cellular_subscriptions_per_100,IT.CEL.SETS.P2,SEN,2022,118.150293497239
mobile_cellular_subscriptions_per_100,IT.CEL.SETS.P2,SEN,2021,115.325093678501
mobile_cellular_subscriptions_per_100,IT.CEL.SETS.P2,SEN,2020,113.638091206029
mobile_cellular_subscriptions_per_100,IT.CEL.SETS.P2,SEN,2019,109.341890091569
mobile_cellular_subscriptions_per_100,IT.CEL.SETS.P2,SRB,2022,129.813149647571
mobile_cellular_subscriptions_per_100,IT.CEL.SETS.P2,SRB,2021,125.075587327252
mobile_cellular_subscriptions_per_100,IT.CEL.SETS.P2,SRB,2020,120.216859464106
mobile_cellular_subscriptions_per_100,IT.CEL.SETS.P2,SRB,2019,122.047741314232
mobile_cellular_subscriptions_per_100,IT.CEL.SETS.P2,SYC,2022,163.429518331448
mobile_cellular_subscriptions_per_100,IT.CEL.SETS.P2,SYC,2021,149.479213250181
mobile_cellular_subscriptions_per_100,IT.CEL.SETS.P2,SYC,2020,152.5450781854
mobile_cellular_subscriptions_per_100,IT.CEL.SETS.P2,SYC,2019,164.617084572886
mobile_cellular_subscriptions_per_100,IT.CEL.SETS.P2,SLE,2022,107.882000873042
mobile_cellular_subscriptions_per_100,IT.CEL.SETS.P2,SLE,2021,101.636782141976
mobile_cellular_subscriptions_per_100,IT.CEL.SETS.P2,SLE,2020,87.0034823125467
mobile_cellular_subscriptions_per_100,IT.CEL.SETS.P2,SLE,2019,87.0384355077496
mobile_cellular_subscriptions_per_100,IT.CEL.SETS.P2,SGP,2022,173.005291258141
mobile_cellular_subscriptions_per_100,IT.CEL.SETS.P2,SGP,2021,157.977675166643
mobile_cellular_subscriptions_per_100,IT.CEL.SETS.P2,SGP,2020,150.259334715266
mobile_cellular_subscriptions_per_100,IT.CEL.SETS.P2,SGP,2019,159.347378272364
mobile_cellular_subscriptions_per_100,IT.CEL.SETS.P2,SXM,2022,205.372695128029
mobile_cellular_subscriptions_per_100,IT.CEL.SETS.P2,SVK,2022,136.029289645522
mobile_cellular_subscriptions_per_100,IT.CEL.SETS.P2,SVK,2021,135.268252737261
mobile_cellular_subscriptions_per_100,IT.CEL.SETS.P2,SVK,2020,133.632904273198
mobile_cellular_subscriptions_per_100,IT.CEL.SETS.P2,SVK,2019,135.755672834643
mobile_cellular_subscriptions_per_100,IT.CEL.SETS.P2,SVN,2022,126.45918075971
mobile_cellular_subscriptions_per_100,IT.CEL.SETS.P2,SVN,2021,123.362924143622
mobile_cellular_subscriptions_per_100,IT.CEL.SETS.P2,SVN,2020,121.331428226248
mobile_cellular_subscriptions_per_100,IT.CEL.SETS.P2,SVN,2019,120.568876746571
mobile_cellular_subscriptions_per_100,IT.CEL.SETS.P2,SLB,2022,62.0734995506142
mobile_cellular_subscriptions_per_100,IT.CEL.SETS.P2,SLB,2021,62.1565164026326
mobile_cellular_subscriptions_per_100,IT.CEL.SETS.P2,SLB,2020,63.6670615636308
mobile_cellular_subscriptions_per_100,IT.CEL.SETS.P2,SLB,2019,65.6620160489572
mobile_cellular_subscriptions_per_100,IT.CEL.SETS.P2,SOM,2022,49.6800986995936
mobile_cellular_subscriptions_per_100,IT.CEL.SETS.P2,SOM,2021,51.2059481348129
mobile_cellular_subscriptions_per_100,IT.CEL.SETS.P2,SOM,2020,53.1133178401473
mobile_cellular_subscriptions_per_100,IT.CEL.SETS.P2,SOM,2019,51.3194116563494
mobile_cellular_subscriptions_per_100,IT.CEL.SETS.P2,ZAF,2022,160.728511675754
mobile_cellular_subscriptions_per_100,IT.CEL.SETS.P2,ZAF,2021,163.12806305125
mobile_cellular_subscriptions_per_100,IT.CEL.SETS.P2,ZAF,2020,158.447269436121
mobile_cellular_subscriptions_per_100,IT.CEL.SETS.P2,ZAF,2019,162.73854828041
mobile_cellular_subscriptions_per_100,IT.CEL.SETS.P2,SSD,2022,48.4888320004297
mobile_cellular_subscriptions_per_100,IT.CEL.SETS.P2,SSD,2021,30.151042999214
mobile_cellular_subscriptions_per_100,IT.CEL.SETS.P2,SSD,2019,21.3171365460584
mobile_cellular_subscriptions_per_100,IT.CEL.SETS.P2,ESP,2022,123.399528756795
mobile_cellular_subscriptions_per_100,IT.CEL.SETS.P2,ESP,2021,118.999806936801
mobile_cellular_subscriptions_per_100,IT.CEL.SETS.P2,ESP,2020,116.712041523767
mobile_cellular_subscriptions_per_100,IT.CEL.SETS.P2,ESP,2019,116.69612128516
mobile_cellular_subscriptions_per_100,IT.CEL.SETS.P2,LKA,2022,151.72675762805
mobile_cellular_subscriptions_per_100,IT.CEL.SETS.P2,LKA,2021,135.522602889503
mobile_cellular_subscriptions_per_100,IT.CEL.SETS.P2,LKA,2020,131.773421339878
mobile_cellular_subscriptions_per_100,IT.CEL.SETS.P2,LKA,2019,126.514451763616
mobile_cellular_subscriptions_per_100,IT.CEL.SETS.P2,KNA,2022,116.923933289088
mobile_cellular_subscriptions_per_100,IT.CEL.SETS.P2,KNA,2021,121.256121292475
mobile_cellular_subscriptions_per_100,IT.CEL.SETS.P2,KNA,2020,133.400896095584
mobile_cellular_subscriptions_per_100,IT.CEL.SETS.P2,KNA,2019,138.916340092009
mobile_cellular_subscriptions_per_100,IT.CEL.SETS.P2,LCA,2022,98.6676436534083
mobile_cellular_subscriptions_per_100,IT.CEL.SETS.P2,LCA,2021,96.2374385229832
mobile_cellular_subscriptions_per_100,IT.CEL.SETS.P2,LCA,2020,81.8687237026648
mobile_cellular_subscriptions_per_100,IT.CEL.SETS.P2,LCA,2019,83.1865181441059
mobile_cellular_subscriptions_per_100,IT.CEL.SETS.P2,VCT,2022,102.334241420536
mobile_cellular_subscriptions_per_100,IT.CEL.SETS.P2,VCT,2021,95.5173520288601
mobile_cellular_subscriptions_per_100,IT.CEL.SETS.P2,VCT,2020,96.9437629194598
mobile_cellular_subscriptions_per_100,IT.CEL.SETS.P2,VCT,2019,92.5177839430914
mobile_cellular_subscriptions_per_100,IT.CEL.SETS.P2,SDN,2022,70.2084038614961
mobile_cellular_subscriptions_per_100,IT.CEL.SETS.P2,SDN,2021,71.767230205952
mobile_cellular_subscriptions_per_100,IT.CEL.SETS.P2,SDN,2020,75.2207425678785
mobile_cellular_subscriptions_per_100,IT.CEL.SETS.P2,SDN,2019,72.4818502607404
mobile_cellular_subscriptions_per_100,IT.CEL.SETS.P2,SUR,2022,149.052255906952
mobile_cellular_subscriptions_per_100,IT.CEL.SETS.P2,SUR,2021,146.654129497521
mobile_cellular_subscriptions_per_100,IT.CEL.SETS.P2,SUR,2020,146.874739718153
mobile_cellular_subscriptions_per_100,IT.CEL.SETS.P2,SUR,2019,134.34912375695
mobile_cellular_subscriptions_per_100,IT.CEL.SETS.P2,SWE,2022,140.781664517726
mobile_cellular_subscriptions_per_100,IT.CEL.SETS.P2,SWE,2021,124.96149481991
mobile_cellular_subscriptions_per_100,IT.CEL.SETS.P2,SWE,2020,123.548656971054
mobile_cellular_subscriptions_per_100,IT.CEL.SETS.P2,SWE,2019,125.456729050381
mobile_cellular_subscriptions_per_100,IT.CEL.SETS.P2,CHE,2022,123.971228075124
mobile_cellular_subscriptions_per_100,IT.CEL.SETS.P2,CHE,2021,123.21236546636
mobile_cellular_subscriptions_per_100,IT.CEL.SETS.P2,CHE,2020,127.376373489656
mobile_cellular_subscriptions_per_100,IT.CEL.SETS.P2,CHE,2019,126.920635838501
mobile_cellular_subscriptions_per_100,IT.CEL.SETS.P2,SYR,2022,78.6567844526885
mobile_cellular_subscriptions_per_100,IT.CEL.SETS.P2,SYR,2021,78.5558300193552
mobile_cellular_subscriptions_per_100,IT.CEL.SETS.P2,SYR,2020,79.1482419784404
mobile_cellular_subscriptions_per_100,IT.CEL.SETS.P2,SYR,2019,87.1297289207859
mobile_cellular_subscriptions_per_100,IT.CEL.SETS.P2,TJK,2022,63.8442080716763
mobile_cellular_subscriptions_per_100,IT.CEL.SETS.P2,TJK,2021,64.0874682499327
mobile_cellular_subscriptions_per_100,IT.CEL.SETS.P2,TJK,2020,62.2826230779409
mobile_cellular_subscriptions_per_100,IT.CEL.SETS.P2,TJK,2019,115.372919483658
mobile_cellular_subscriptions_per_100,IT.CEL.SETS.P2,TZA,2022,93.0159746238635
mobile_cellular_subscriptions_per_100,IT.CEL.SETS.P2,TZA,2021,86.0162814148027
mobile_cellular_subscriptions_per_100,IT.CEL.SETS.P2,TZA,2020,84.0050558283384
mobile_cellular_subscriptions_per_100,IT.CEL.SETS.P2,TZA,2019,80.5835569684446
mobile_cellular_subscriptions_per_100,IT.CEL.SETS.P2,THA,2022,176.22279253783
mobile_cellular_subscriptions_per_100,IT.CEL.SETS.P2,THA,2021,168.485285358167
mobile_cellular_subscriptions_per_100,IT.CEL.SETS.P2,THA,2020,162.327737376294
mobile_cellular_subscriptions_per_100,IT.CEL.SETS.P2,THA,2019,181.221874232713
mobile_cellular_subscriptions_per_100,IT.CEL.SETS.P2,TLS,2022,108.158358863503
mobile_cellular_subscriptions_per_100,IT.CEL.SETS.P2,TLS,2021,102.668836319816
mobile_cellular_subscriptions_per_100,IT.CEL.SETS.P2,TLS,2020,103.911005065408
mobile_cellular_subscriptions_per_100,IT.CEL.SETS.P2,TLS,2019,109.555438546595
mobile_cellular_subscriptions_per_100,IT.CEL.SETS.P2,TGO,2022,72.2147547047011
mobile_cellular_subscriptions_per_100,IT.CEL.SETS.P2,TGO,2021,70.4496733018494
mobile_cellular_subscriptions_per_100,IT.CEL.SETS.P2,TGO,2020,75.164019137873
mobile_cellular_subscriptions_per_100,IT.CEL.SETS.P2,TGO,2019,73.7224727486533
mobile_cellular_subscriptions_per_100,IT.CEL.SETS.P2,TON,2022,61.7257858761257
mobile_cellular_subscriptions_per_100,IT.CEL.SETS.P2,TON,2021,60.9801876955162
mobile_cellular_subscriptions_per_100,IT.CEL.SETS.P2,TON,2020,58.6543555589192
mobile_cellular_subscriptions_per_100,IT.CEL.SETS.P2,TON,2019,58.772203768371
mobile_cellular_subscriptions_per_100,IT.CEL.SETS.P2,TTO,2022,133.631989924602
mobile_cellular_subscriptions_per_100,IT.CEL.SETS.P2,TTO,2021,134.221562299819
mobile_cellular_subscriptions_per_100,IT.CEL.SETS.P2,TTO,2020,134.231180588566
mobile_cellular_subscriptions_per_100,IT.CEL.SETS.P2,TTO,2019,145.715788467056
mobile_cellular_subscriptions_per_100,IT.CEL.SETS.P2,TUN,2022,131.875365428496
mobile_cellular_subscriptions_per_100,IT.CEL.SETS.P2,TUN,2021,129.846077003661
mobile_cellular_subscriptions_per_100,IT.CEL.SETS.P2,TUN,2020,124.041976750236
mobile_cellular_subscriptions_per_100,IT.CEL.SETS.P2,TUN,2019,124.386924181822
mobile_cellular_subscriptions_per_100,IT.CEL.SETS.P2,TUR,2022,103.720593629066
mobile_cellular_subscriptions_per_100,IT.CEL.SETS.P2,TUR,2021,99.5415432248525
mobile_cellular_subscriptions_per_100,IT.CEL.SETS.P2,TUR,2020,95.3960853737199
mobile_cellular_subscriptions_per_100,IT.CEL.SETS.P2,TUR,2019,94.6498130829997
mobile_cellular_subscriptions_per_100,IT.CEL.SETS.P2,TKM,2021,88.1929367884543
mobile_cellular_subscriptions_per_100,IT.CEL.SETS.P2,TKM,2020,88.7029504834018
mobile_cellular_subscriptions_per_100,IT.CEL.SETS.P2,TKM,2019,88.2099411752948
mobile_cellular_subscriptions_per_100,IT.CEL.SETS.P2,TUV,2022,98.8590872698158
mobile_cellular_subscriptions_per_100,IT.CEL.SETS.P2,TUV,2021,88.2872277810477
mobile_cellular_subscriptions_per_100,IT.CEL.SETS.P2,TUV,2020,86.5467833445524
mobile_cellular_subscriptions_per_100,IT.CEL.SETS.P2,TUV,2019,85.0581230507513
mobile_cellular_subscriptions_per_100,IT.CEL.SETS.P2,UGA,2022,70.1401117953081
mobile_cellular_subscriptions_per_100,IT.CEL.SETS.P2,UGA,2021,65.6220730009172
mobile_cellular_subscriptions_per_100,IT.CEL.SETS.P2,UGA,2020,62.2824129624858
mobile_cellular_subscriptions_per_100,IT.CEL.SETS.P2,UGA,2019,59.0598078769828
mobile_cellular_subscriptions_per_100,IT.CEL.SETS.P2,UKR,2022,120.261144906234
mobile_cellular_subscriptions_per_100,IT.CEL.SETS.P2,UKR,2021,135.025688989835
mobile_cellular_subscriptions_per_100,IT.CEL.SETS.P2,UKR,2020,129.341230786476
mobile_cellular_subscriptions_per_100,IT.CEL.SETS.P2,UKR,2019,130.629436256062
mobile_cellular_subscriptions_per_100,IT.CEL.SETS.P2,ARE,2022,195.624592490241
mobile_cellular_subscriptions_per_100,IT.CEL.SETS.P2,ARE,2021,186.30089463245
mobile_cellular_subscriptions_per_100,IT.CEL.SETS.P2,ARE,2020,194.467749671801
mobile_cellular_subscriptions_per_100,IT.CEL.SETS.P2,ARE,2019,209.033214126867
mobile_cellular_subscriptions_per_100,IT.CEL.SETS.P2,GBR,2022,119.833999505569
mobile_cellular_subscriptions_per_100,IT.CEL.SETS.P2,GBR,2021,117.887430294308
mobile_cellular_subscriptions_per_100,IT.CEL.SETS.P2,GBR,2020,117.304850715261
mobile_cellular_subscriptions_per_100,IT.CEL.SETS.P2,GBR,2019,120.250108782533
mobile_cellular_subscriptions_per_100,IT.CEL.SETS.P2,USA,2022,108.785640656159
mobile_cellular_subscriptions_per_100,IT.CEL.SETS.P2,USA,2021,106.324514306135
mobile_cellular_subscriptions_per_100,IT.CEL.SETS.P2,USA,2020,103.855170008567
mobile_cellular_subscriptions_per_100,IT.CEL.SETS.P2,USA,2019,105.32074052965
mobile_cellular_subscriptions_per_100,IT.CEL.SETS.P2,URY,2022,139.828801269747
mobile_cellular_subscriptions_per_100,IT.CEL.SETS.P2,URY,2021,138.112989243956
mobile_cellular_subscriptions_per_100,IT.CEL.SETS.P2,URY,2020,133.90170192835
mobile_cellular_subscriptions_per_100,IT.CEL.SETS.P2,URY,2019,133.236724531865
mobile_cellular_subscriptions_per_100,IT.CEL.SETS.P2,UZB,2022,105.471643327627
mobile_cellular_subscriptions_per_100,IT.CEL.SETS.P2,UZB,2021,102.410090312681
mobile_cellular_subscriptions_per_100,IT.CEL.SETS.P2,UZB,2020,99.4063901870675
mobile_cellular_subscriptions_per_100,IT.CEL.SETS.P2,UZB,2019,101.259829415713
mobile_cellular_subscriptions_per_100,IT.CEL.SETS.P2,VUT,2022,81.6202730589115
mobile_cellular_subscriptions_per_100,IT.CEL.SETS.P2,VUT,2021,81.6914485987419
mobile_cellular_subscriptions_per_100,IT.CEL.SETS.P2,VUT,2020,82.3909682859418
mobile_cellular_subscriptions_per_100,IT.CEL.SETS.P2,VUT,2019,90.8330907409627
mobile_cellular_subscriptions_per_100,IT.CEL.SETS.P2,VEN,2022,66.4667731210739
mobile_cellular_subscriptions_per_100,IT.CEL.SETS.P2,VEN,2021,60.2344883065715
mobile_cellular_subscriptions_per_100,IT.CEL.SETS.P2,VEN,2020,58.1625657953324
mobile_cellular_subscriptions_per_100,IT.CEL.SETS.P2,VEN,2019,63.8474442929871
mobile_cellular_subscriptions_per_100,IT.CEL.SETS.P2,VNM,2022,137.852422819653
mobile_cellular_subscriptions_per_100,IT.CEL.SETS.P2,VNM,2021,136.806313165021
mobile_cellular_subscriptions_per_100,IT.CEL.SETS.P2,VNM,2020,141.655558720912
mobile_cellular_subscriptions_per_100,IT.CEL.SETS.P2,VNM,2019,140.192561828615
mobile_cellular_subscriptions_per_100,IT.CEL.SETS.P2,VIR,2022,91.4619626157421
mobile_cellular_subscriptions_per_100,IT.CEL.SETS.P2,VIR,2021,91.7189273471447
mobile_cellular_subscriptions_per_100,IT.CEL.SETS.P2,VIR,2020,91.2127880328822
mobile_cellular_subscriptions_per_100,IT.CEL.SETS.P2,VIR,2019,89.5124925872467
mobile_cellular_subscriptions_per_100,IT.CEL.SETS.P2,PSE,2022,76.5666403406424
mobile_cellular_subscriptions_per_100,IT.CEL.SETS.P2,PSE,2021,78.1621094563592
mobile_cellular_subscriptions_per_100,IT.CEL.SETS.P2,PSE,2020,80.1297988122355
mobile_cellular_subscriptions_per_100,IT.CEL.SETS.P2,PSE,2019,86.7372172316252
mobile_cellular_subscriptions_per_100,IT.CEL.SETS.P2,YEM,2022,46.4534353720531
mobile_cellular_subscriptions_per_100,IT.CEL.SETS.P2,YEM,2021,47.8090200303014
mobile_cellular_subscriptions_per_100,IT.CEL.SETS.P2,YEM,2020,42.0037568704771
mobile_cellular_subscriptions_per_100,IT.CEL.SETS.P2,YEM,2019,43.3990001198471
mobile_cellular_subscriptions_per_100,IT.CEL.SETS.P2,ZMB,2022,98.4372601156219
mobile_cellular_subscriptions_per_100,IT.CEL.SETS.P2,ZMB,2021,103.28257957834
mobile_cellular_subscriptions_per_100,IT.CEL.SETS.P2,ZMB,2020,100.235122888213
mobile_cellular_subscriptions_per_100,IT.CEL.SETS.P2,ZMB,2019,93.0147820773422
mobile_cellular_subscriptions_per_100,IT.CEL.SETS.P2,ZWE,2022,88.9958314912836
mobile_cellular_subscriptions_per_100,IT.CEL.SETS.P2,ZWE,2021,90.2538486226365
mobile_cellular_subscriptions_per_100,IT.CEL.SETS.P2,ZWE,2020,84.9604118996672
mobile_cellular_subscriptions_per_100,IT.CEL.SETS.P2,ZWE,2019,86.4094297249598
fixed_broadband_subscriptions_per_100,IT.NET.BBND.P2,AFE,2022,0.67
fixed_broadband_subscriptions_per_100,IT.NET.BBND.P2,AFE,2021,0.62
fixed_broadband_subscriptions_per_100,IT.NET.BBND.P2,AFE,2020,0.51
fixed_broadband_subscriptions_per_100,IT.NET.BBND.P2,AFE,2019,0.6
fixed_broadband_subscriptions_per_100,IT.NET.BBND.P2,AFW,2022,0.41
fixed_broadband_subscriptions_per_100,IT.NET.BBND.P2,AFW,2021,0.36
fixed_broadband_subscriptions_per_100,IT.NET.BBND.P2,AFW,2020,0.37
fixed_broadband_subscriptions_per_100,IT.NET.BBND.P2,AFW,2019,0.3
fixed_broadband_subscriptions_per_100,IT.NET.BBND.P2,ARB,2022,11.9963102299597
fixed_broadband_subscriptions_per_100,IT.NET.BBND.P2,ARB,2021,9.72405002319894
fixed_broadband_subscriptions_per_100,IT.NET.BBND.P2,ARB,2020,8.64722518977881
fixed_broadband_subscriptions_per_100,IT.NET.BBND.P2,ARB,2019,7.48830314498961
fixed_broadband_subscriptions_per_100,IT.NET.BBND.P2,CSS,2021,18.3844757261607
fixed_broadband_subscriptions_per_100,IT.NET.BBND.P2,CSS,2020,18.4915639241509
fixed_broadband_subscriptions_per_100,IT.NET.BBND.P2,CSS,2019,16.0168044444927
fixed_broadband_subscriptions_per_100,IT.NET.BBND.P2,CEB,2022,29.5807948378636
fixed_broadband_subscriptions_per_100,IT.NET.BBND.P2,CEB,2021,28.9659286694394
fixed_broadband_subscriptions_per_100,IT.NET.BBND.P2,CEB,2020,27.6199726811752
fixed_broadband_subscriptions_per_100,IT.NET.BBND.P2,CEB,2019,26.3462865575171
fixed_broadband_subscriptions_per_100,IT.NET.BBND.P2,EAR,2022,5.98967585553685
fixed_broadband_subscriptions_per_100,IT.NET.BBND.P2,EAR,2021,5.47910506073188
fixed_broadband_subscriptions_per_100,IT.NET.BBND.P2,EAR,2020,4.84527695969511
fixed_broadband_subscriptions_per_100,IT.NET.BBND.P2,EAR,2019,4.18222696155961
fixed_broadband_subscriptions_per_100,IT.NET.BBND.P2,EAS,2022,31.12
fixed_broadband_subscriptions_per_100,IT.NET.BBND.P2,EAS,2021,28.69
fixed_broadband_subscriptions_per_100,IT.NET.BBND.P2,EAS,2020,26.14
fixed_broadband_subscriptions_per_100,IT.NET.BBND.P2,EAS,2019,24.4
fixed_broadband_subscriptions_per_100,IT.NET.BBND.P2,EAP,2022,30.38
fixed_broadband_subscriptions_per_100,IT.NET.BBND.P2,EAP,2021,27.78
fixed_broadband_subscriptions_per_100,IT.NET.BBND.P2,EAP,2020,25.05
fixed_broadband_subscriptions_per_100,IT.NET.BBND.P2,EAP,2019,23.6249612413341
fixed_broadband_subscriptions_per_100,IT.NET.BBND.P2,TEA,2022,30.76
fixed_broadband_subscriptions_per_100,IT.NET.BBND.P2,TEA,2021,28.12
fixed_broadband_subscriptions_per_100,IT.NET.BBND.P2,TEA,2020,25.36
fixed_broadband_subscriptions_per_100,IT.NET.BBND.P2,TEA,2019,23.5
fixed_broadband_subscriptions_per_100,IT.NET.BBND.P2,EMU,2022,40.8890630672494
fixed_broadband_subscriptions_per_100,IT.NET.BBND.P2,EMU,2021,39.907173788575
fixed_broadband_subscriptions_per_100,IT.NET.BBND.P2,EMU,2020,38.9134629698703
fixed_broadband_subscriptions_per_100,IT.NET.BBND.P2,EMU,2019,37.8238210695565
fixed_broadband_subscriptions_per_100,IT.NET.BBND.P2,ECS,2022,31.57
fixed_broadband_subscriptions_per_100,IT.NET.BBND.P2,ECS,2021,30.85
fixed_broadband_subscriptions_per_100,IT.NET.BBND.P2,ECS,2020,29.8
fixed_broadband_subscriptions_per_100,IT.NET.BBND.P2,ECS,2019,28.5
fixed_broadband_subscriptions_per_100,IT.NET.BBND.P2,ECA,2022,20.13
fixed_broadband_subscriptions_per_100,IT.NET.BBND.P2,ECA,2021,19.15
fixed_broadband_subscriptions_per_100,IT.NET.BBND.P2,ECA,2020,17.68
fixed_broadband_subscriptions_per_100,IT.NET.BBND.P2,ECA,2019,15.5606133758178
fixed_broadband_subscriptions_per_100,IT.NET.BBND.P2,TEC,2022,22.66
fixed_broadband_subscriptions_per_100,IT.NET.BBND.P2,TEC,2021,21.68
fixed_broadband_subscriptions_per_100,IT.NET.BBND.P2,TEC,2020,20.51
fixed_broadband_subscriptions_per_100,IT.NET.BBND.P2,TEC,2019,18.8
fixed_broadband_subscriptions_per_100,IT.NET.BBND.P2,EUU,2022,38.6802657254509
fixed_broadband_subscriptions_per_100,IT.NET.BBND.P2,EUU,2021,37.8613994311883
fixed_broadband_subscriptions_per_100,IT.NET.BBND.P2,EUU,2020,36.8053737269773
fixed_broadband_subscriptions_per_100,IT.NET.BBND.P2,EUU,2019,35.6346241840124
fixed_broadband_subscriptions_per_100,IT.NET.BBND.P2,HPC,2022,0.684833455807485
fixed_broadband_subscriptions_per_100,IT.NET.BBND.P2,HPC,2021,0.671554280983301
fixed_broadband_subscriptions_per_100,IT.NET.BBND.P2,HPC,2020,0.627807532948656
fixed_broadband_subscriptions_per_100,IT.NET.BBND.P2,HPC,2019,0.514171867332499
fixed_broadband_subscriptions_per_100,IT.NET.BBND.P2,IBD,2022,18.89
fixed_broadband_subscriptions_per_100,IT.NET.BBND.P2,IBD,2021,17.46
fixed_broadband_subscriptions_per_100,IT.NET.BBND.P2,IBD,2020,15.87
fixed_broadband_subscriptions_per_100,IT.NET.BBND.P2,IBD,2019,14.6
fixed_broadband_subscriptions_per_100,IT.NET.BBND.P2,IBT,2022,14.29
fixed_broadband_subscriptions_per_100,IT.NET.BBND.P2,IBT,2021,13.23
fixed_broadband_subscriptions_per_100,IT.NET.BBND.P2,IBT,2020,12.06
fixed_broadband_subscriptions_per_100,IT.NET.BBND.P2,IBT,2019,11.1
fixed_broadband_subscriptions_per_100,IT.NET.BBND.P2,IDB,2022,2.25
fixed_broadband_subscriptions_per_100,IT.NET.BBND.P2,IDB,2021,2.0
fixed_broadband_subscriptions_per_100,IT.NET.BBND.P2,IDB,2020,1.6
fixed_broadband_subscriptions_per_100,IT.NET.BBND.P2,IDB,2019,1.2
fixed_broadband_subscriptions_per_100,IT.NET.BBND.P2,IDX,2022,2.0
fixed_broadband_subscriptions_per_100,IT.NET.BBND.P2,IDX,2021,1.77
fixed_broadband_subscriptions_per_100,IT.NET.BBND.P2,IDX,2020,1.61
fixed_broadband_subscriptions_per_100,IT.NET.BBND.P2,IDX,2019,1.4
fixed_broadband_subscriptions_per_100,IT.NET.BBND.P2,IDA,2022,2.09
fixed_broadband_subscriptions_per_100,IT.NET.BBND.P2,IDA,2021,1.86
fixed_broadband_subscriptions_per_100,IT.NET.BBND.P2,IDA,2020,1.61
fixed_broadband_subscriptions_per_100,IT.NET.BBND.P2,IDA,2019,1.4
fixed_broadband_subscriptions_per_100,IT.NET.BBND.P2,LTE,2022,34.579321506941
fixed_broadband_subscriptions_per_100,IT.NET.BBND.P2,LTE,2021,30.5466806297646
fixed_broadband_subscriptions_per_100,IT.NET.BBND.P2,LTE,2020,27.7227364611525
fixed_broadband_subscriptions_per_100,IT.NET.BBND.P2,LTE,2019,25.7970369402879
fixed_broadband_subscriptions_per_100,IT.NET.BBND.P2,LCN,2022,17.57
fixed_broadband_subscriptions_per_100,IT.NET.BBND.P2,LCN,2021,16.59
fixed_broadband_subscriptions_per_100,IT.NET.BBND.P2,LCN,2020,15.03
fixed_broadband_subscriptions_per_100,IT.NET.BBND.P2,LCN,2019,13.5
fixed_broadband_subscriptions_per_100,IT.NET.BBND.P2,LAC,2022,17.6
fixed_broadband_subscriptions_per_100,IT.NET.BBND.P2,LAC,2021,16.58
fixed_broadband_subscriptions_per_100,IT.NET.BBND.P2,LAC,2020,14.97
fixed_broadband_subscriptions_per_100,IT.NET.BBND.P2,LAC,2019,13.3669628457872
fixed_broadband_subscriptions_per_100,IT.NET.BBND.P2,TLA,2022,17.79
fixed_broadband_subscriptions_per_100,IT.NET.BBND.P2,TLA,2021,16.8
fixed_broadband_subscriptions_per_100,IT.NET.BBND.P2,TLA,2020,15.22
fixed_broadband_subscriptions_per_100,IT.NET.BBND.P2,TLA,2019,13.7
fixed_broadband_subscriptions_per_100,IT.NET.BBND.P2,LDC,2022,1.67
fixed_broadband_subscriptions_per_100,IT.NET.BBND.P2,LDC,2021,1.43
fixed_broadband_subscriptions_per_100,IT.NET.BBND.P2,LDC,2020,1.31
fixed_broadband_subscriptions_per_100,IT.NET.BBND.P2,LDC,2019,1.18796183070503
fixed_broadband_subscriptions_per_100,IT.NET.BBND.P2,LMY,2022,14.5372793849357
fixed_broadband_subscriptions_per_100,IT.NET.BBND.P2,LMY,2021,12.9370224740086
fixed_broadband_subscriptions_per_100,IT.NET.BBND.P2,LMY,2020,11.7696105635362
fixed_broadband_subscriptions_per_100,IT.NET.BBND.P2,LMY,2019,10.7683743061326
fixed_broadband_subscriptions_per_100,IT.NET.BBND.P2,MEA,2022,8.53
fixed_broadband_subscriptions_per_100,IT.NET.BBND.P2,MEA,2021,7.92
fixed_broadband_subscriptions_per_100,IT.NET.BBND.P2,MEA,2020,7.09
fixed_broadband_subscriptions_per_100,IT.NET.BBND.P2,MEA,2019,9.3
fixed_broadband_subscriptions_per_100,IT.NET.BBND.P2,MNA,2022,6.33
fixed_broadband_subscriptions_per_100,IT.NET.BBND.P2,MNA,2021,6.06
fixed_broadband_subscriptions_per_100,IT.NET.BBND.P2,MNA,2020,5.57
fixed_broadband_subscriptions_per_100,IT.NET.BBND.P2,MNA,2019,7.57816991391546
fixed_broadband_subscriptions_per_100,IT.NET.BBND.P2,TMN,2022,6.32
fixed_broadband_subscriptions_per_100,IT.NET.BBND.P2,TMN,2021,6.05
fixed_broadband_subscriptions_per_100,IT.NET.BBND.P2,TMN,2020,5.56
fixed_broadband_subscriptions_per_100,IT.NET.BBND.P2,TMN,2019,7.5
fixed_broadband_subscriptions_per_100,IT.NET.BBND.P2,MIC,2022,15.825640378637
fixed_broadband_subscriptions_per_100,IT.NET.BBND.P2,MIC,2021,14.3596258479531
fixed_broadband_subscriptions_per_100,IT.NET.BBND.P2,MIC,2020,13.0020850242212
fixed_broadband_subscriptions_per_100,IT.NET.BBND.P2,MIC,2019,11.9037395950011
fixed_broadband_subscriptions_per_100,IT.NET.BBND.P2,NAC,2022,37.97
fixed_broadband_subscriptions_per_100,IT.NET.BBND.P2,NAC,2021,37.48
fixed_broadband_subscriptions_per_100,IT.NET.BBND.P2,NAC,2020,36.23
fixed_broadband_subscriptions_per_100,IT.NET.BBND.P2,NAC,2019,34.5
fixed_broadband_subscriptions_per_100,IT.NET.BBND.P2,OED,2022,34.8799350889749
fixed_broadband_subscriptions_per_100,IT.NET.BBND.P2,OED,2021,34.3185169388163
fixed_broadband_subscriptions_per_100,IT.NET.BBND.P2,OED,2020,33.3232041262681
fixed_broadband_subscriptions_per_100,IT.NET.BBND.P2,OED,2019,31.8242681667376
fixed_broadband_subscriptions_per_100,IT.NET.BBND.P2,OSS,2022,15.0229009243791
fixed_broadband_subscriptions_per_100,IT.NET.BBND.P2,OSS,2021,15.9796592086703
fixed_broadband_subscriptions_per_100,IT.NET.BBND.P2,OSS,2020,15.2461998006019
fixed_broadband_subscriptions_per_100,IT.NET.BBND.P2,OSS,2019,14.6438993318097
fixed_broadband_subscriptions_per_100,IT.NET.BBND.P2,PSS,2021,1.67904879323406
fixed_broadband_subscriptions_per_100,IT.NET.BBND.P2,PSS,2020,1.61253535966431
fixed_broadband_subscriptions_per_100,IT.NET.BBND.P2,PSS,2019,1.67879461190218
fixed_broadband_subscriptions_per_100,IT.NET.BBND.P2,PST,2022,39.0196852558533
fixed_broadband_subscriptions_per_100,IT.NET.BBND.P2,PST,2021,37.5619670210331
fixed_broadband_subscriptions_per_100,IT.NET.BBND.P2,PST,2020,36.7231308182618
fixed_broadband_subscriptions_per_100,IT.NET.BBND.P2,PST,2019,35.383484619994
fixed_broadband_subscriptions_per_100,IT.NET.BBND.P2,PRE,2022,1.19081236893756
fixed_broadband_subscriptions_per_100,IT.NET.BBND.P2,PRE,2021,1.04148528643808
fixed_broadband_subscriptions_per_100,IT.NET.BBND.P2,PRE,2020,1.06521915994392
fixed_broadband_subscriptions_per_100,IT.NET.BBND.P2,PRE,2019,0.810910113650525
fixed_broadband_subscriptions_per_100,IT.NET.BBND.P2,SST,2022,16.0
fixed_broadband_subscriptions_per_100,IT.NET.BBND.P2,SST,2021,15.39
fixed_broadband_subscriptions_per_100,IT.NET.BBND.P2,SST,2020,15.12
fixed_broadband_subscriptions_per_100,IT.NET.BBND.P2,SST,2019,13.2
fixed_broadband_subscriptions_per_100,IT.NET.BBND.P2,SAS,2022,3.06
fixed_broadband_subscriptions_per_100,IT.NET.BBND.P2,SAS,2021,2.6
fixed_broadband_subscriptions_per_100,IT.NET.BBND.P2,SAS,2020,2.23
fixed_broadband_subscriptions_per_100,IT.NET.BBND.P2,SAS,2019,1.7
fixed_broadband_subscriptions_per_100,IT.NET.BBND.P2,TSA,2022,3.06
fixed_broadband_subscriptions_per_100,IT.NET.BBND.P2,TSA,2021,2.6
fixed_broadband_subscriptions_per_100,IT.NET.BBND.P2,TSA,2020,2.23
fixed_broadband_subscriptions_per_100,IT.NET.BBND.P2,TSA,2019,1.7
fixed_broadband_subscriptions_per_100,IT.NET.BBND.P2,SSF,2022,0.56
fixed_broadband_subscriptions_per_100,IT.NET.BBND.P2,SSF,2021,0.51
fixed_broadband_subscriptions_per_100,IT.NET.BBND.P2,SSF,2020,0.45
fixed_broadband_subscriptions_per_100,IT.NET.BBND.P2,SSF,2019,0.5
fixed_broadband_subscriptions_per_100,IT.NET.BBND.P2,SSA,2022,0.57
fixed_broadband_subscriptions_per_100,IT.NET.BBND.P2,SSA,2021,0.52
fixed_broadband_subscriptions_per_100,IT.NET.BBND.P2,SSA,2020,0.48
fixed_broadband_subscriptions_per_100,IT.NET.BBND.P2,SSA,2019,0.476909097290962
fixed_broadband_subscriptions_per_100,IT.NET.BBND.P2,TSS,2022,0.56
fixed_broadband_subscriptions_per_100,IT.NET.BBND.P2,TSS,2021,0.51
fixed_broadband_subscriptions_per_100,IT.NET.BBND.P2,TSS,2020,0.45
fixed_broadband_subscriptions_per_100,IT.NET.BBND.P2,TSS,2019,0.5
fixed_broadband_subscriptions_per_100,IT.NET.BBND.P2,WLD,2022,17.73
fixed_broadband_subscriptions_per_100,IT.NET.BBND.P2,WLD,2021,16.74
fixed_broadband_subscriptions_per_100,IT.NET.BBND.P2,WLD,2020,15.58
fixed_broadband_subscriptions_per_100,IT.NET.BBND.P2,WLD,2019,14.7
fixed_broadband_subscriptions_per_100,IT.NET.BBND.P2,AFG,2022,0.0796301678593983
fixed_broadband_subscriptions_per_100,IT.NET.BBND.P2,AFG,2021,0.066424315829547
fixed_broadband_subscriptions_per_100,IT.NET.BBND.P2,AFG,2020,0.0680079200431626
fixed_broadband_subscriptions_per_100,IT.NET.BBND.P2,AFG,2019,0.0519942336405782
fixed_broadband_subscriptions_per_100,IT.NET.BBND.P2,ALB,2022,20.6989441252111
fixed_broadband_subscriptions_per_100,IT.NET.BBND.P2,ALB,2021,19.6303737145283
fixed_broadband_subscriptions_per_100,IT.NET.BBND.P2,ALB,2020,17.720931463387
fixed_broadband_subscriptions_per_100,IT.NET.BBND.P2,ALB,2019,15.1192543526712
fixed_broadband_subscriptions_per_100,IT.NET.BBND.P2,DZA,2022,10.3517244580598
fixed_broadband_subscriptions_per_100,IT.NET.BBND.P2,DZA,2021,9.33184191925225
fixed_broadband_subscriptions_per_100,IT.NET.BBND.P2,DZA,2020,8.6064465013707
fixed_broadband_subscriptions_per_100,IT.NET.BBND.P2,DZA,2019,8.27526635803041
fixed_broadband_subscriptions_per_100,IT.NET.BBND.P2,AND,2022,51.2050686907973
fixed_broadband_subscriptions_per_100,IT.NET.BBND.P2,AND,2021,50.2769128681537
fixed_broadband_subscriptions_per_100,IT.NET.BBND.P2,AND,2020,48.6559834582579
fixed_broadband_subscriptions_per_100,IT.NET.BBND.P2,AND,2019,47.5429557758192
fixed_broadband_subscriptions_per_100,IT.NET.BBND.P2,AGO,2022,0.386698155907211
fixed_broadband_subscriptions_per_100,IT.NET.BBND.P2,AGO,2021,0.39092529517689
fixed_broadband_subscriptions_per_100,IT.NET.BBND.P2,AGO,2020,0.363264238710965
fixed_broadband_subscriptions_per_100,IT.NET.BBND.P2,AGO,2019,0.367770426844486
fixed_broadband_subscriptions_per_100,IT.NET.BBND.P2,ATG,2022,10.6818181818182
fixed_broadband_subscriptions_per_100,IT.NET.BBND.P2,ATG,2021,8.66279006811119
fixed_broadband_subscriptions_per_100,IT.NET.BBND.P2,ATG,2020,8.71023234544781
fixed_broadband_subscriptions_per_100,IT.NET.BBND.P2,ATG,2019,8.75618405498884
fixed_broadband_subscriptions_per_100,IT.NET.BBND.P2,ARG,2022,24.6831785056628
fixed_broadband_subscriptions_per_100,IT.NET.BBND.P2,ARG,2021,23.1500020932515
fixed_broadband_subscriptions_per_100,IT.NET.BBND.P2,ARG,2020,21.1797871590669
fixed_broadband_subscriptions_per_100,IT.NET.BBND.P2,ARG,2019,19.551931344405
fixed_broadband_subscriptions_per_100,IT.NET.BBND.P2,ARM,2022,17.7300708049016
fixed_broadband_subscriptions_per_100,IT.NET.BBND.P2,ARM,2021,16.2565945813558
fixed_broadband_subscriptions_per_100,IT.NET.BBND.P2,ARM,2020,14.8883804721864
fixed_broadband_subscriptions_per_100,IT.NET.BBND.P2,ARM,2019,13.2819462446608
fixed_broadband_subscriptions_per_100,IT.NET.BBND.P2,ABW,2022,17.4862221892338
fixed_broadband_subscriptions_per_100,IT.NET.BBND.P2,ABW,2021,17.664887781476
fixed_broadband_subscriptions_per_100,IT.NET.BBND.P2,ABW,2020,17.6908752327747
fixed_broadband_subscriptions_per_100,IT.NET.BBND.P2,ABW,2019,17.7444058425791
fixed_broadband_subscriptions_per_100,IT.NET.BBND.P2,AUS,2022,36.3933201898066
fixed_broadband_subscriptions_per_100,IT.NET.BBND.P2,AUS,2021,35.8359861455454
fixed_broadband_subscriptions_per_100,IT.NET.BBND.P2,AUS,2020,35.346849265518
fixed_broadband_subscriptions_per_100,IT.NET.BBND.P2,AUS,2019,34.5434163723691
fixed_broadband_subscriptions_per_100,IT.NET.BBND.P2,AUT,2022,29.2342573265435
fixed_broadband_subscriptions_per_100,IT.NET.BBND.P2,AUT,2021,29.2537339731419
fixed_broadband_subscriptions_per_100,IT.NET.BBND.P2,AUT,2020,29.2106456326106
fixed_broadband_subscriptions_per_100,IT.NET.BBND.P2,AUT,2019,28.3631930003301
fixed_broadband_subscriptions_per_100,IT.NET.BBND.P2,AZE,2022,20.3655958095069
fixed_broadband_subscriptions_per_100,IT.NET.BBND.P2,AZE,2021,20.0856994533421
fixed_broadband_subscriptions_per_100,IT.NET.BBND.P2,AZE,2020,19.5985750948022
fixed_broadband_subscriptions_per_100,IT.NET.BBND.P2,AZE,2019,19.2178211211639
fixed_broadband_subscriptions_per_100,IT.NET.BBND.P2,BHS,2022,21.135589553703
fixed_broadband_subscriptions_per_100,IT.NET.BBND.P2,BHS,2021,20.7423310871326
fixed_broadband_subscriptions_per_100,IT.NET.BBND.P2,BHS,2020,20.9668496424268
fixed_broadband_subscriptions_per_100,IT.NET.BBND.P2,BHS,2019,20.8513333755622
fixed_broadband_subscriptions_per_100,IT.NET.BBND.P2,BHR,2022,18.0025680504011
fixed_broadband_subscriptions_per_100,IT.NET.BBND.P2,BHR,2021,16.5057891919103
fixed_broadband_subscriptions_per_100,IT.NET.BBND.P2,BHR,2020,10.1824112975928
fixed_broadband_subscriptions_per_100,IT.NET.BBND.P2,BHR,2019,9.49012903269232
fixed_broadband_subscriptions_per_100,IT.NET.BBND.P2,BGD,2022,7.17020479104462
fixed_broadband_subscriptions_per_100,IT.NET.BBND.P2,BGD,2021,6.64246518111116
fixed_broadband_subscriptions_per_100,IT.NET.BBND.P2,BGD,2020,6.04506220711318
fixed_broadband_subscriptions_per_100,IT.NET.BBND.P2,BGD,2019,4.90288655437254
fixed_broadband_subscriptions_per_100,IT.NET.BBND.P2,BRB,2022,37.4843261853654
fixed_broadband_subscriptions_per_100,IT.NET.BBND.P2,BRB,2021,36.3512637029634
fixed_broadband_subscriptions_per_100,IT.NET.BBND.P2,BRB,2020,45.43873225937
fixed_broadband_subscriptions_per_100,IT.NET.BBND.P2,BRB,2019,37.98020675161
fixed_broadband_subscriptions_per_100,IT.NET.BBND.P2,BLR,2022,34.0671782490739
fixed_broadband_subscriptions_per_100,IT.NET.BBND.P2,BLR,2021,35.0097634241001
fixed_broadband_subscriptions_per_100,IT.NET.BBND.P2,BLR,2020,34.8152229336418
fixed_broadband_subscriptions_per_100,IT.NET.BBND.P2,BLR,2019,34.0723501521236
fixed_broadband_subscriptions_per_100,IT.NET.BBND.P2,BEL,2022,43.5657139519422
fixed_broadband_subscriptions_per_100,IT.NET.BBND.P2,BEL,2021,43.0218054966431
fixed_broadband_subscriptions_per_100,IT.NET.BBND.P2,BEL,2020,41.0239697084264
fixed_broadband_subscriptions_per_100,IT.NET.BBND.P2,BEL,2019,39.9517850127817
fixed_broadband_subscriptions_per_100,IT.NET.BBND.P2,BLZ,2022,9.75385677359442
fixed_broadband_subscriptions_per_100,IT.NET.BBND.P2,BLZ,2021,9.10594770150703
fixed_broadband_subscriptions_per_100,IT.NET.BBND.P2,BLZ,2020,9.21159022752628
fixed_broadband_subscriptions_per_100,IT.NET.BBND.P2,BLZ,2019,7.67179242617844
fixed_broadband_subscriptions_per_100,IT.NET.BBND.P2,BEN,2022,0.153072411564925
fixed_broadband_subscriptions_per_100,IT.NET.BBND.P2,BEN,2021,0.154166533404575
fixed_broadband_subscriptions_per_100,IT.NET.BBND.P2,BEN,2020,0.229384945213792
fixed_broadband_subscriptions_per_100,IT.NET.BBND.P2,BEN,2019,0.199854558369357
fixed_broadband_subscriptions_per_100,IT.NET.BBND.P2,BMU,2022,35.5804722852863
fixed_broadband_subscriptions_per_100,IT.NET.BBND.P2,BMU,2021,35.5772800395991
fixed_broadband_subscriptions_per_100,IT.NET.BBND.P2,BMU,2020,35.7242707589078
fixed_broadband_subscriptions_per_100,IT.NET.BBND.P2,BMU,2019,35.8775172758045
fixed_broadband_subscriptions_per_100,IT.NET.BBND.P2,BTN,2022,0.631823734751842
fixed_broadband_subscriptions_per_100,IT.NET.BBND.P2,BTN,2021,0.364566273170656
fixed_broadband_subscriptions_per_100,IT.NET.BBND.P2,BTN,2020,0.414152616992595
fixed_broadband_subscriptions_per_100,IT.NET.BBND.P2,BTN,2019,1.14719203372279
fixed_broadband_subscriptions_per_100,IT.NET.BBND.P2,BOL,2022,10.9975247479663
fixed_broadband_subscriptions_per_100,IT.NET.BBND.P2,BOL,2021,9.44574009663778
fixed_broadband_subscriptions_per_100,IT.NET.BBND.P2,BOL,2020,7.88671647526861
fixed_broadband_subscriptions_per_100,IT.NET.BBND.P2,BOL,2019,6.39917144373428
fixed_broadband_subscriptions_per_100,IT.NET.BBND.P2,BIH,2022,27.3190356221695
fixed_broadband_subscriptions_per_100,IT.NET.BBND.P2,BIH,2021,24.5890868366952
fixed_broadband_subscriptions_per_100,IT.NET.BBND.P2,BIH,2020,23.3507882918721
fixed_broadband_subscriptions_per_100,IT.NET.BBND.P2,BIH,2019,22.2950124838105
fixed_broadband_subscriptions_per_100,IT.NET.BBND.P2,BWA,2022,4.53192190474005
fixed_broadband_subscriptions_per_100,IT.NET.BBND.P2,BWA,2021,5.5483769953124
fixed_broadband_subscriptions_per_100,IT.NET.BBND.P2,BWA,2020,3.58604400704343
fixed_broadband_subscriptions_per_100,IT.NET.BBND.P2,BWA,2019,2.10301262862428
fixed_broadband_subscriptions_per_100,IT.NET.BBND.P2,BRA,2022,20.9534469027015
fixed_broadband_subscriptions_per_100,IT.NET.BBND.P2,BRA,2021,19.8363162401481
fixed_broadband_subscriptions_per_100,IT.NET.BBND.P2,BRA,2020,17.418059685583
fixed_broadband_subscriptions_per_100,IT.NET.BBND.P2,BRA,2019,15.8621991239093
fixed_broadband_subscriptions_per_100,IT.NET.BBND.P2,VGB,2022,20.5485529371852
fixed_broadband_subscriptions_per_100,IT.NET.BBND.P2,VGB,2021,20.8865614007247
fixed_broadband_subscriptions_per_100,IT.NET.BBND.P2,VGB,2020,19.0925003366097
fixed_broadband_subscriptions_per_100,IT.NET.BBND.P2,VGB,2019,16.290699271878
fixed_broadband_subscriptions_per_100,IT.NET.BBND.P2,BRN,2022,19.8049937413532
fixed_broadband_subscriptions_per_100,IT.NET.BBND.P2,BRN,2021,17.580984722871
fixed_broadband_subscriptions_per_100,IT.NET.BBND.P2,BRN,2020,15.886760064729
fixed_broadband_subscriptions_per_100,IT.NET.BBND.P2,BRN,2019,12.2424776362158
fixed_broadband_subscriptions_per_100,IT.NET.BBND.P2,BGR,2022,34.9667968772891
fixed_broadband_subscriptions_per_100,IT.NET.BBND.P2,BGR,2021,32.7688420838347
fixed_broadband_subscriptions_per_100,IT.NET.BBND.P2,BGR,2020,30.5042854761098
fixed_broadband_subscriptions_per_100,IT.NET.BBND.P2,BGR,2019,28.8836779290396
fixed_broadband_subscriptions_per_100,IT.NET.BBND.P2,BFA,2022,0.214398323020291
fixed_broadband_subscriptions_per_100,IT.NET.BBND.P2,BFA,2021,0.0740660150924452
fixed_broadband_subscriptions_per_100,IT.NET.BBND.P2,BFA,2020,0.0650831126106853
fixed_broadband_subscriptions_per_100,IT.NET.BBND.P2,BFA,2019,0.0573181352576325
fixed_broadband_subscriptions_per_100,IT.NET.BBND.P2,BDI,2022,0.0300650914860841
fixed_broadband_subscriptions_per_100,IT.NET.BBND.P2,BDI,2021,0.0304886490520483
fixed_broadband_subscriptions_per_100,IT.NET.BBND.P2,BDI,2020,0.0335260991567275
fixed_broadband_subscriptions_per_100,IT.NET.BBND.P2,BDI,2019,0.0317494355111928
fixed_broadband_subscriptions_per_100,IT.NET.BBND.P2,CPV,2022,6.56769429388869
fixed_broadband_subscriptions_per_100,IT.NET.BBND.P2,CPV,2021,5.90962142576488
fixed_broadband_subscriptions_per_100,IT.NET.BBND.P2,CPV,2020,4.82611491823059
fixed_broadband_subscriptions_per_100,IT.NET.BBND.P2,CPV,2019,3.93928076809362
fixed_broadband_subscriptions_per_100,IT.NET.BBND.P2,KHM,2022,2.9638308346303
fixed_broadband_subscriptions_per_100,IT.NET.BBND.P2,KHM,2021,1.98089406311481
fixed_broadband_subscriptions_per_100,IT.NET.BBND.P2,KHM,2020,1.39770029835926
fixed_broadband_subscriptions_per_100,IT.NET.BBND.P2,KHM,2019,1.11871609188205
fixed_broadband_subscriptions_per_100,IT.NET.BBND.P2,CMR,2022,2.12862474053
fixed_broadband_subscriptions_per_100,IT.NET.BBND.P2,CMR,2021,2.23385126289217
fixed_broadband_subscriptions_per_100,IT.NET.BBND.P2,CMR,2020,2.75682417749367
fixed_broadband_subscriptions_per_100,IT.NET.BBND.P2,CMR,2019,1.57189487453881
fixed_broadband_subscriptions_per_100,IT.NET.BBND.P2,CAN,2022,42.1792116530791
fixed_broadband_subscriptions_per_100,IT.NET.BBND.P2,CAN,2021,41.6930962576979
fixed_broadband_subscriptions_per_100,IT.NET.BBND.P2,CAN,2020,40.7949805592606
fixed_broadband_subscriptions_per_100,IT.NET.BBND.P2,CAN,2019,40.076756874499
fixed_broadband_subscriptions_per_100,IT.NET.BBND.P2,CYM,2022,56.3604363676998
fixed_broadband_subscriptions_per_100,IT.NET.BBND.P2,CYM,2021,45.6438637530667
fixed_broadband_subscriptions_per_100,IT.NET.BBND.P2,CYM,2020,46.5901811193291
fixed_broadband_subscriptions_per_100,IT.NET.BBND.P2,CYM,2019,75.7496992291354
fixed_broadband_subscriptions_per_100,IT.NET.BBND.P2,CAF,2022,0.0160846160651184
fixed_broadband_subscriptions_per_100,IT.NET.BBND.P2,CAF,2021,0.00976115490698539
fixed_broadband_subscriptions_per_100,IT.NET.BBND.P2,CAF,2019,0.0100916071197805
fixed_broadband_subscriptions_per_100,IT.NET.BBND.P2,TCD,2022,0.0
fixed_broadband_subscriptions_per_100,IT.NET.BBND.P2,TCD,2021,0.0
fixed_broadband_subscriptions_per_100,IT.NET.BBND.P2,TCD,2020,0.0
fixed_broadband_subscriptions_per_100,IT.NET.BBND.P2,TCD,2019,0.00040754624616045
fixed_broadband_subscriptions_per_100,IT.NET.BBND.P2,CHL,2022,22.7901897178525
fixed_broadband_subscriptions_per_100,IT.NET.BBND.P2,CHL,2021,22.0140443723879
fixed_broadband_subscriptions_per_100,IT.NET.BBND.P2,CHL,2020,19.4305872645094
fixed_broadband_subscriptions_per_100,IT.NET.BBND.P2,CHL,2019,17.8649532986793
fixed_broadband_subscriptions_per_100,IT.NET.BBND.P2,CHN,2022,41.3736197056022
fixed_broadband_subscriptions_per_100,IT.NET.BBND.P2,CHN,2021,37.5611751315805
fixed_broadband_subscriptions_per_100,IT.NET.BBND.P2,CHN,2020,33.9069794578039
fixed_broadband_subscriptions_per_100,IT.NET.BBND.P2,CHN,2019,31.5611222411202
fixed_broadband_subscriptions_per_100,IT.NET.BBND.P2,COL,2022,17.007465545983
fixed_broadband_subscriptions_per_100,IT.NET.BBND.P2,COL,2021,16.4767904492313
fixed_broadband_subscriptions_per_100,IT.NET.BBND.P2,COL,2020,15.3363074463544
fixed_broadband_subscriptions_per_100,IT.NET.BBND.P2,COL,2019,13.9253307862459
fixed_broadband_subscriptions_per_100,IT.NET.BBND.P2,COM,2022,0.219375008990779
fixed_broadband_subscriptions_per_100,IT.NET.BBND.P2,COM,2021,0.150456993255713
fixed_broadband_subscriptions_per_100,IT.NET.BBND.P2,COM,2020,0.148099575772006
fixed_broadband_subscriptions_per_100,IT.NET.BBND.P2,COM,2019,0.162475940084772
fixed_broadband_subscriptions_per_100,IT.NET.BBND.P2,COD,2022,0.0322275167366284
fixed_broadband_subscriptions_per_100,IT.NET.BBND.P2,COD,2021,0.0312660957356555
fixed_broadband_subscriptions_per_100,IT.NET.BBND.P2,COD,2020,0.0322950314052512
fixed_broadband_subscriptions_per_100,IT.NET.BBND.P2,COD,2019,0.012802934372309
fixed_broadband_subscriptions_per_100,IT.NET.BBND.P2,COG,2022,0.435883126454822
fixed_broadband_subscriptions_per_100,IT.NET.BBND.P2,COG,2021,0.256899692355108
fixed_broadband_subscriptions_per_100,IT.NET.BBND.P2,CRI,2022,21.7575979999075
fixed_broadband_subscriptions_per_100,IT.NET.BBND.P2,CRI,2021,20.9242986347003
fixed_broadband_subscriptions_per_100,IT.NET.BBND.P2,CRI,2020,19.7191477697087
fixed_broadband_subscriptions_per_100,IT.NET.BBND.P2,CRI,2019,18.0962978090241
fixed_broadband_subscriptions_per_100,IT.NET.BBND.P2,CIV,2022,1.25179133069312
fixed_broadband_subscriptions_per_100,IT.NET.BBND.P2,CIV,2021,1.13037781443128
fixed_broadband_subscriptions_per_100,IT.NET.BBND.P2,CIV,2020,0.903911262107671
fixed_broadband_subscriptions_per_100,IT.NET.BBND.P2,CIV,2019,0.768711846259475
fixed_broadband_subscriptions_per_100,IT.NET.BBND.P2,HRV,2022,27.6606739600213
fixed_broadband_subscriptions_per_100,IT.NET.BBND.P2,HRV,2021,26.7157501000099
fixed_broadband_subscriptions_per_100,IT.NET.BBND.P2,HRV,2020,26.0744550144438
fixed_broadband_subscriptions_per_100,IT.NET.BBND.P2,HRV,2019,28.9682951804841
fixed_broadband_subscriptions_per_100,IT.NET.BBND.P2,CUB,2022,2.89200005063374
fixed_broadband_subscriptions_per_100,IT.NET.BBND.P2,CUB,2021,2.67322881654008
fixed_broadband_subscriptions_per_100,IT.NET.BBND.P2,CUB,2020,2.07271530590388
fixed_broadband_subscriptions_per_100,IT.NET.BBND.P2,CUB,2019,1.6311212347291
fixed_broadband_subscriptions_per_100,IT.NET.BBND.P2,CUW,2022,32.9115972915374
fixed_broadband_subscriptions_per_100,IT.NET.BBND.P2,CUW,2021,32.5704880878504
fixed_broadband_subscriptions_per_100,IT.NET.BBND.P2,CUW,2020,31.5936827768109
fixed_broadband_subscriptions_per_100,IT.NET.BBND.P2,CUW,2019,28.1186854697879
fixed_broadband_subscriptions_per_100,IT.NET.BBND.P2,CYP,2022,36.7656727425982
fixed_broadband_subscriptions_per_100,IT.NET.BBND.P2,CYP,2021,36.6502473650247
fixed_broadband_subscriptions_per_100,IT.NET.BBND.P2,CYP,2020,36.3127392017496
fixed_broadband_subscriptions_per_100,IT.NET.BBND.P2,CYP,2019,36.1884973404255
fixed_broadband_subscriptions_per_100,IT.NET.BBND.P2,CZE,2022,37.7136856539825
fixed_broadband_subscriptions_per_100,IT.NET.BBND.P2,CZE,2021,37.4984794433561
fixed_broadband_subscriptions_per_100,IT.NET.BBND.P2,CZE,2020,36.4490898642092
fixed_broadband_subscriptions_per_100,IT.NET.BBND.P2,CZE,2019,35.4302064212035
fixed_broadband_subscriptions_per_100,IT.NET.BBND.P2,DNK,2022,44.8863644064006
fixed_broadband_subscriptions_per_100,IT.NET.BBND.P2,DNK,2021,44.9598379722906
fixed_broadband_subscriptions_per_100,IT.NET.BBND.P2,DNK,2020,44.4185659681079
fixed_broadband_subscriptions_per_100,IT.NET.BBND.P2,DNK,2019,43.6229516711158
fixed_broadband_subscriptions_per_100,IT.NET.BBND.P2,DJI,2022,1.41245769926198
fixed_broadband_subscriptions_per_100,IT.NET.BBND.P2,DJI,2021,1.39112845686235
fixed_broadband_subscriptions_per_100,IT.NET.BBND.P2,DJI,2020,2.26685414608193
fixed_broadband_subscriptions_per_100,IT.NET.BBND.P2,DJI,2019,2.24265621024535
fixed_broadband_subscriptions_per_100,IT.NET.BBND.P2,DMA,2022,20.86014425523
fixed_broadband_subscriptions_per_100,IT.NET.BBND.P2,DMA,2021,20.9562215410256
fixed_broadband_subscriptions_per_100,IT.NET.BBND.P2,DMA,2020,27.0611042872153
fixed_broadband_subscriptions_per_100,IT.NET.BBND.P2,DMA,2019,22.3998232174425
fixed_broadband_subscriptions_per_100,IT.NET.BBND.P2,DOM,2022,10.6744492390257
fixed_broadband_subscriptions_per_100,IT.NET.BBND.P2,DOM,2021,10.3195260186654
fixed_broadband_subscriptions_per_100,IT.NET.BBND.P2,DOM,2020,9.37345457518418
fixed_broadband_subscriptions_per_100,IT.NET.BBND.P2,DOM,2019,8.53570157562257
fixed_broadband_subscriptions_per_100,IT.NET.BBND.P2,ECU,2022,15.1128846850944
fixed_broadband_subscriptions_per_100,IT.NET.BBND.P2,ECU,2021,14.0284374555704
fixed_broadband_subscriptions_per_100,IT.NET.BBND.P2,ECU,2020,13.5146940353863
fixed_broadband_subscriptions_per_100,IT.NET.BBND.P2,ECU,2019,12.0672172196331
fixed_broadband_subscriptions_per_100,IT.NET.BBND.P2,EGY,2022,10.6832498285136
fixed_broadband_subscriptions_per_100,IT.NET.BBND.P2,EGY,2021,9.76582299335252
fixed_broadband_subscriptions_per_100,IT.NET.BBND.P2,EGY,2020,8.5396308016812
fixed_broadband_subscriptions_per_100,IT.NET.BBND.P2,EGY,2019,7.04130696004296
fixed_broadband_subscriptions_per_100,IT.NET.BBND.P2,SLV,2022,9.73832698625659
fixed_broadband_subscriptions_per_100,IT.NET.BBND.P2,SLV,2021,9.07178351163771
fixed_broadband_subscriptions_per_100,IT.NET.BBND.P2,SLV,2020,8.53679094316574
fixed_broadband_subscriptions_per_100,IT.NET.BBND.P2,SLV,2019,8.43878438871173
fixed_broadband_subscriptions_per_100,IT.NET.BBND.P2,GNQ,2022,0.10069058437688
fixed_broadband_subscriptions_per_100,IT.NET.BBND.P2,GNQ,2021,0.0976810140631094
fixed_broadband_subscriptions_per_100,IT.NET.BBND.P2,GNQ,2020,0.107371649223871
fixed_broadband_subscriptions_per_100,IT.NET.BBND.P2,GNQ,2019,0.0598738936052885
fixed_broadband_subscriptions_per_100,IT.NET.BBND.P2,ERI,2022,0.165393390775689
fixed_broadband_subscriptions_per_100,IT.NET.BBND.P2,ERI,2021,0.149245578525113
fixed_broadband_subscriptions_per_100,IT.NET.BBND.P2,ERI,2020,0.151916994984612
fixed_broadband_subscriptions_per_100,IT.NET.BBND.P2,ERI,2019,0.0925870488001644
fixed_broadband_subscriptions_per_100,IT.NET.BBND.P2,EST,2022,39.7219150412824
fixed_broadband_subscriptions_per_100,IT.NET.BBND.P2,EST,2021,37.357189680638
fixed_broadband_subscriptions_per_100,IT.NET.BBND.P2,EST,2020,34.2700326171401
fixed_broadband_subscriptions_per_100,IT.NET.BBND.P2,EST,2019,33.8508104327483
fixed_broadband_subscriptions_per_100,IT.NET.BBND.P2,SWZ,2022,2.18530055779024
fixed_broadband_subscriptions_per_100,IT.NET.BBND.P2,SWZ,2021,2.55280778191155
fixed_broadband_subscriptions_per_100,IT.NET.BBND.P2,SWZ,2020,2.29004241533492
fixed_broadband_subscriptions_per_100,IT.NET.BBND.P2,SWZ,2019,2.04369280109571
fixed_broadband_subscriptions_per_100,IT.NET.BBND.P2,ETH,2022,0.45157652011053
fixed_broadband_subscriptions_per_100,IT.NET.BBND.P2,ETH,2021,0.399382380284272
fixed_broadband_subscriptions_per_100,IT.NET.BBND.P2,ETH,2020,0.178274598062049
fixed_broadband_subscriptions_per_100,IT.NET.BBND.P2,ETH,2019,0.137379985514274
fixed_broadband_subscriptions_per_100,IT.NET.BBND.P2,FRO,2022,34.5873988631945
fixed_broadband_subscriptions_per_100,IT.NET.BBND.P2,FRO,2021,34.6022514071295
fixed_broadband_subscriptions_per_100,IT.NET.BBND.P2,FRO,2020,35.0714054804419
fixed_broadband_subscriptions_per_100,IT.NET.BBND.P2,FRO,2019,35.0680915088152
fixed_broadband_subscriptions_per_100,IT.NET.BBND.P2,FJI,2022,2.53376577893503
fixed_broadband_subscriptions_per_100,IT.NET.BBND.P2,FJI,2021,2.51573287546457
fixed_broadband_subscriptions_per_100,IT.NET.BBND.P2,FJI,2020,2.52053908190823
fixed_broadband_subscriptions_per_100,IT.NET.BBND.P2,FJI,2019,2.34495829594305
fixed_broadband_subscriptions_per_100,IT.NET.BBND.P2,FIN,2022,34.2951599474189
fixed_broadband_subscriptions_per_100,IT.NET.BBND.P2,FIN,2021,33.6396818306917
fixed_broadband_subscriptions_per_100,IT.NET.BBND.P2,FIN,2020,33.3838974597133
fixed_broadband_subscriptions_per_100,IT.NET.BBND.P2,FIN,2019,32.5439773811208
fixed_broadband_subscriptions_per_100,IT.NET.BBND.P2,FRA,2022,48.250226559098
fixed_broadband_subscriptions_per_100,IT.NET.BBND.P2,FRA,2021,47.6442336298287
fixed_broadband_subscriptions_per_100,IT.NET.BBND.P2,FRA,2020,46.471240838575
fixed_broadband_subscriptions_per_100,IT.NET.BBND.P2,FRA,2019,45.2765022757908
fixed_broadband_subscriptions_per_100,IT.NET.BBND.P2,PYF,2022,27.914458338386
fixed_broadband_subscriptions_per_100,IT.NET.BBND.P2,PYF,2021,26.724495339395
fixed_broadband_subscriptions_per_100,IT.NET.BBND.P2,PYF,2020,22.9218972167803
fixed_broadband_subscriptions_per_100,IT.NET.BBND.P2,PYF,2019,22.219514467771
fixed_broadband_subscriptions_per_100,IT.NET.BBND.P2,GAB,2022,3.3054859267542
fixed_broadband_subscriptions_per_100,IT.NET.BBND.P2,GAB,2021,2.65142494578668
fixed_broadband_subscriptions_per_100,IT.NET.BBND.P2,GAB,2020,1.9206136043356
fixed_broadband_subscriptions_per_100,IT.NET.BBND.P2,GAB,2019,1.07496298020996
fixed_broadband_subscriptions_per_100,IT.NET.BBND.P2,GMB,2022,0.215818879031432
fixed_broadband_subscriptions_per_100,IT.NET.BBND.P2,GMB,2021,0.194098625393535
fixed_broadband_subscriptions_per_100,IT.NET.BBND.P2,GMB,2020,0.198749231337348
fixed_broadband_subscriptions_per_100,IT.NET.BBND.P2,GMB,2019,0.203513124968455
fixed_broadband_subscriptions_per_100,IT.NET.BBND.P2,GEO,2022,28.3337075311796
fixed_broadband_subscriptions_per_100,IT.NET.BBND.P2,GEO,2021,26.6463786914494
fixed_broadband_subscriptions_per_100,IT.NET.BBND.P2,GEO,2020,25.5120429077493
fixed_broadband_subscriptions_per_100,IT.NET.BBND.P2,GEO,2019,24.6806060596483
fixed_broadband_subscriptions_per_100,IT.NET.BBND.P2,DEU,2022,44.6186317766404
fixed_broadband_subscriptions_per_100,IT.NET.BBND.P2,DEU,2021,44.0643361489671
fixed_broadband_subscriptions_per_100,IT.NET.BBND.P2,DEU,2020,43.3048696627
fixed_broadband_subscriptions_per_100,IT.NET.BBND.P2,DEU,2019,42.1155574684512
fixed_broadband_subscriptions_per_100,IT.NET.BBND.P2,GHA,2022,0.62494509663475
fixed_broadband_subscriptions_per_100,IT.NET.BBND.P2,GHA,2021,0.352237707175248
fixed_broadband_subscriptions_per_100,IT.NET.BBND.P2,GHA,2020,0.245771040587956
fixed_broadband_subscriptions_per_100,IT.NET.BBND.P2,GHA,2019,0.187204014722826
fixed_broadband_subscriptions_per_100,IT.NET.BBND.P2,GIB,2022,60.9747666781887
fixed_broadband_subscriptions_per_100,IT.NET.BBND.P2,GIB,2021,59.8567475174996
fixed_broadband_subscriptions_per_100,IT.NET.BBND.P2,GIB,2020,58.0792303651895
fixed_broadband_subscriptions_per_100,IT.NET.BBND.P2,GIB,2019,54.9304107736519
fixed_broadband_subscriptions_per_100,IT.NET.BBND.P2,GRC,2022,42.923040428409
fixed_broadband_subscriptions_per_100,IT.NET.BBND.P2,GRC,2021,41.9213046741732
fixed_broadband_subscriptions_per_100,IT.NET.BBND.P2,GRC,2020,39.7876360746134
fixed_broadband_subscriptions_per_100,IT.NET.BBND.P2,GRC,2019,38.3565690069278
fixed_broadband_subscriptions_per_100,IT.NET.BBND.P2,GRL,2022,31.9842829076621
fixed_broadband_subscriptions_per_100,IT.NET.BBND.P2,GRL,2021,29.9441480344748
fixed_broadband_subscriptions_per_100,IT.NET.BBND.P2,GRL,2020,27.9190442225392
fixed_broadband_subscriptions_per_100,IT.NET.BBND.P2,GRL,2019,26.1001355110192
fixed_broadband_subscriptions_per_100,IT.NET.BBND.P2,GRD,2022,29.767433903843
fixed_broadband_subscriptions_per_100,IT.NET.BBND.P2,GRD,2021,26.1175099410394
fixed_broadband_subscriptions_per_100,IT.NET.BBND.P2,GRD,2020,27.4640926242683
fixed_broadband_subscriptions_per_100,IT.NET.BBND.P2,GRD,2019,27.4070752968159
fixed_broadband_subscriptions_per_100,IT.NET.BBND.P2,GUM,2022,1.8392057149776
fixed_broadband_subscriptions_per_100,IT.NET.BBND.P2,GUM,2021,1.83228485921945
fixed_broadband_subscriptions_per_100,IT.NET.BBND.P2,GUM,2020,1.8500474845521
fixed_broadband_subscriptions_per_100,IT.NET.BBND.P2,GUM,2019,1.85404924354791
fixed_broadband_subscriptions_per_100,IT.NET.BBND.P2,GTM,2022,5.02439029583182
fixed_broadband_subscriptions_per_100,IT.NET.BBND.P2,GTM,2021,3.4775394703571
fixed_broadband_subscriptions_per_100,IT.NET.BBND.P2,GTM,2020,3.52588892585695
fixed_broadband_subscriptions_per_100,IT.NET.BBND.P2,GTM,2019,3.42029196664625
fixed_broadband_subscriptions_per_100,IT.NET.BBND.P2,GIN,2022,0.00627528568380372
fixed_broadband_subscriptions_per_100,IT.NET.BBND.P2,GIN,2021,0.00729367311055392
fixed_broadband_subscriptions_per_100,IT.NET.BBND.P2,GIN,2020,0.00747876982911684
fixed_broadband_subscriptions_per_100,IT.NET.BBND.P2,GIN,2019,0.00959004770933655
fixed_broadband_subscriptions_per_100,IT.NET.BBND.P2,GNB,2022,0.219184822436547
fixed_broadband_subscriptions_per_100,IT.NET.BBND.P2,GNB,2021,0.160430067207715
fixed_broadband_subscriptions_per_100,IT.NET.BBND.P2,GNB,2020,0.118365532433795
fixed_broadband_subscriptions_per_100,IT.NET.BBND.P2,GNB,2019,0.0623571933875965
fixed_broadband_subscriptions_per_100,IT.NET.BBND.P2,GUY,2022,12.9356394612219
fixed_broadband_subscriptions_per_100,IT.NET.BBND.P2,GUY,2021,11.6495520440672
fixed_broadband_subscriptions_per_100,IT.NET.BBND.P2,GUY,2020,11.7649827054754
fixed_broadband_subscriptions_per_100,IT.NET.BBND.P2,GUY,2019,10.276537921044
fixed_broadband_subscriptions_per_100,IT.NET.BBND.P2,HTI,2022,0.306790757611135
fixed_broadband_subscriptions_per_100,IT.NET.BBND.P2,HTI,2021,0.272537391690564
fixed_broadband_subscriptions_per_100,IT.NET.BBND.P2,HTI,2020,0.275706324027148
fixed_broadband_subscriptions_per_100,IT.NET.BBND.P2,HTI,2019,0.280049919123204
fixed_broadband_subscriptions_per_100,IT.NET.BBND.P2,HND,2022,4.40980164894983
fixed_broadband_subscriptions_per_100,IT.NET.BBND.P2,HND,2021,4.0958409901304
fixed_broadband_subscriptions_per_100,IT.NET.BBND.P2,HND,2020,3.92223438778455
fixed_broadband_subscriptions_per_100,IT.NET.BBND.P2,HND,2019,3.92589911554459
fixed_broadband_subscriptions_per_100,IT.NET.BBND.P2,HKG,2022,39.9517808600821
fixed_broadband_subscriptions_per_100,IT.NET.BBND.P2,HKG,2021,39.2188975738319
fixed_broadband_subscriptions_per_100,IT.NET.BBND.P2,HKG,2020,38.5246390800823
fixed_broadband_subscriptions_per_100,IT.NET.BBND.P2,HKG,2019,37.4680746099321
fixed_broadband_subscriptions_per_100,IT.NET.BBND.P2,HUN,2022,36.5338104764554
fixed_broadband_subscriptions_per_100,IT.NET.BBND.P2,HUN,2021,34.8391868436369
fixed_broadband_subscriptions_per_100,IT.NET.BBND.P2,HUN,2020,33.4922037196533
fixed_broadband_subscriptions_per_100,IT.NET.BBND.P2,HUN,2019,32.6466329851573
fixed_broadband_subscriptions_per_100,IT.NET.BBND.P2,ISL,2022,37.4212579793667
fixed_broadband_subscriptions_per_100,IT.NET.BBND.P2,ISL,2021,38.4077027940877
fixed_broadband_subscriptions_per_100,IT.NET.BBND.P2,ISL,2020,38.6826471438625
fixed_broadband_subscriptions_per_100,IT.NET.BBND.P2,ISL,2019,38.6029941779872
fixed_broadband_subscriptions_per_100,IT.NET.BBND.P2,IND,2022,2.35231555917724
fixed_broadband_subscriptions_per_100,IT.NET.BBND.P2,IND,2021,1.9487996093033
fixed_broadband_subscriptions_per_100,IT.NET.BBND.P2,IND,2020,1.63622632751685
fixed_broadband_subscriptions_per_100,IT.NET.BBND.P2,IND,2019,1.37913181839908
fixed_broadband_subscriptions_per_100,IT.NET.BBND.P2,IDN,2022,4.82151507878823
fixed_broadband_subscriptions_per_100,IT.NET.BBND.P2,IDN,2021,4.4874632789818
fixed_broadband_subscriptions_per_100,IT.NET.BBND.P2,IDN,2020,3.92993769121646
fixed_broadband_subscriptions_per_100,IT.NET.BBND.P2,IDN,2019,3.77422560918071
fixed_broadband_subscriptions_per_100,IT.NET.BBND.P2,IRN,2022,12.2102486068411
fixed_broadband_subscriptions_per_100,IT.NET.BBND.P2,IRN,2021,12.068102546673
fixed_broadband_subscriptions_per_100,IT.NET.BBND.P2,IRN,2020,10.9026671467968
fixed_broadband_subscriptions_per_100,IT.NET.BBND.P2,IRN,2019,9.90926903532027
fixed_broadband_subscriptions_per_100,IT.NET.BBND.P2,IRQ,2022,14.4912960130678
fixed_broadband_subscriptions_per_100,IT.NET.BBND.P2,IRQ,2021,14.8275236561145
fixed_broadband_subscriptions_per_100,IT.NET.BBND.P2,IRQ,2020,14.8494851377503
fixed_broadband_subscriptions_per_100,IT.NET.BBND.P2,IRQ,2019,11.0677657654898
fixed_broadband_subscriptions_per_100,IT.NET.BBND.P2,IRL,2022,31.5362809040128
fixed_broadband_subscriptions_per_100,IT.NET.BBND.P2,IRL,2021,31.3616427884193
fixed_broadband_subscriptions_per_100,IT.NET.BBND.P2,IRL,2020,30.4353384554187
fixed_broadband_subscriptions_per_100,IT.NET.BBND.P2,IRL,2019,29.6453160652366
fixed_broadband_subscriptions_per_100,IT.NET.BBND.P2,ISR,2022,29.1676695245416
fixed_broadband_subscriptions_per_100,IT.NET.BBND.P2,ISR,2021,29.7078785417387
fixed_broadband_subscriptions_per_100,IT.NET.BBND.P2,ISR,2020,29.5678161933081
fixed_broadband_subscriptions_per_100,IT.NET.BBND.P2,ISR,2019,28.6567652412239
fixed_broadband_subscriptions_per_100,IT.NET.BBND.P2,ITA,2022,31.19136706407
fixed_broadband_subscriptions_per_100,IT.NET.BBND.P2,ITA,2021,31.2852927413407
fixed_broadband_subscriptions_per_100,IT.NET.BBND.P2,ITA,2020,30.2586365187027
fixed_broadband_subscriptions_per_100,IT.NET.BBND.P2,ITA,2019,29.0544644701951
fixed_broadband_subscriptions_per_100,IT.NET.BBND.P2,JAM,2022,14.9601781381994
fixed_broadband_subscriptions_per_100,IT.NET.BBND.P2,JAM,2021,14.5717525783368
fixed_broadband_subscriptions_per_100,IT.NET.BBND.P2,JAM,2020,13.6219905826712
fixed_broadband_subscriptions_per_100,IT.NET.BBND.P2,JAM,2019,11.2602367962551
fixed_broadband_subscriptions_per_100,IT.NET.BBND.P2,JPN,2022,36.8414210393741
fixed_broadband_subscriptions_per_100,IT.NET.BBND.P2,JPN,2021,35.9391724358064
fixed_broadband_subscriptions_per_100,IT.NET.BBND.P2,JPN,2020,34.8370612448992
fixed_broadband_subscriptions_per_100,IT.NET.BBND.P2,JPN,2019,33.545921250597
fixed_broadband_subscriptions_per_100,IT.NET.BBND.P2,JOR,2022,7.0736531298176
fixed_broadband_subscriptions_per_100,IT.NET.BBND.P2,JOR,2021,6.45876564968631
fixed_broadband_subscriptions_per_100,IT.NET.BBND.P2,JOR,2020,5.80332966781737
fixed_broadband_subscriptions_per_100,IT.NET.BBND.P2,JOR,2019,4.28692534434619
fixed_broadband_subscriptions_per_100,IT.NET.BBND.P2,KAZ,2022,14.4739535470844
fixed_broadband_subscriptions_per_100,IT.NET.BBND.P2,KAZ,2021,13.946795830528
fixed_broadband_subscriptions_per_100,IT.NET.BBND.P2,KAZ,2020,13.4502836627046
fixed_broadband_subscriptions_per_100,IT.NET.BBND.P2,KAZ,2019,13.0799490149564
fixed_broadband_subscriptions_per_100,IT.NET.BBND.P2,KEN,2022,1.47646942688922
fixed_broadband_subscriptions_per_100,IT.NET.BBND.P2,KEN,2021,1.48254108303764
fixed_broadband_subscriptions_per_100,IT.NET.BBND.P2,KEN,2020,1.29112489733773
fixed_broadband_subscriptions_per_100,IT.NET.BBND.P2,KEN,2019,0.959288829892146
fixed_broadband_subscriptions_per_100,IT.NET.BBND.P2,KIR,2022,0.0689819037472503
fixed_broadband_subscriptions_per_100,IT.NET.BBND.P2,KIR,2021,0.0864640862459786
fixed_broadband_subscriptions_per_100,IT.NET.BBND.P2,KIR,2020,0.146710124584652
fixed_broadband_subscriptions_per_100,IT.NET.BBND.P2,KIR,2019,0.0847314014573801
fixed_broadband_subscriptions_per_100,IT.NET.BBND.P2,KOR,2022,45.4542124182774
fixed_broadband_subscriptions_per_100,IT.NET.BBND.P2,KOR,2021,44.2526082339633
fixed_broadband_subscriptions_per_100,IT.NET.BBND.P2,KOR,2020,43.0540600860627
fixed_broadband_subscriptions_per_100,IT.NET.BBND.P2,KOR,2019,42.0373507524342
fixed_broadband_subscriptions_per_100,IT.NET.BBND.P2,KWT,2022,1.36328249349441
fixed_broadband_subscriptions_per_100,IT.NET.BBND.P2,KWT,2021,1.61587179429556
fixed_broadband_subscriptions_per_100,IT.NET.BBND.P2,KWT,2020,1.68058136279176
fixed_broadband_subscriptions_per_100,IT.NET.BBND.P2,KWT,2019,1.90435176851799
fixed_broadband_subscriptions_per_100,IT.NET.BBND.P2,KGZ,2022,5.60484304582026
fixed_broadband_subscriptions_per_100,IT.NET.BBND.P2,KGZ,2021,4.43257724274204
fixed_broadband_subscriptions_per_100,IT.NET.BBND.P2,KGZ,2020,4.33664358791982
fixed_broadband_subscriptions_per_100,IT.NET.BBND.P2,KGZ,2019,4.14366414717506
fixed_broadband_subscriptions_per_100,IT.NET.BBND.P2,LAO,2022,2.38186047453058
fixed_broadband_subscriptions_per_100,IT.NET.BBND.P2,LAO,2021,2.0226898696049
fixed_broadband_subscriptions_per_100,IT.NET.BBND.P2,LAO,2020,1.67210846259045
fixed_broadband_subscriptions_per_100,IT.NET.BBND.P2,LAO,2019,1.0539352904733
fixed_broadband_subscriptions_per_100,IT.NET.BBND.P2,LVA,2022,25.989241189689
fixed_broadband_subscriptions_per_100,IT.NET.BBND.P2,LVA,2021,25.9761549056076
fixed_broadband_subscriptions_per_100,IT.NET.BBND.P2,LVA,2020,25.804169430384
fixed_broadband_subscriptions_per_100,IT.NET.BBND.P2,LVA,2019,26.5858975490829
fixed_broadband_subscriptions_per_100,IT.NET.BBND.P2,LBN,2022,7.29166684799988
fixed_broadband_subscriptions_per_100,IT.NET.BBND.P2,LBN,2021,7.55615217723581
fixed_broadband_subscriptions_per_100,IT.NET.BBND.P2,LBN,2020,7.57698778654173
fixed_broadband_subscriptions_per_100,IT.NET.BBND.P2,LBN,2019,7.24813507210341
fixed_broadband_subscriptions_per_100,IT.NET.BBND.P2,LSO,2022,0.39753117741491
fixed_broadband_subscriptions_per_100,IT.NET.BBND.P2,LSO,2021,0.353652507890634
fixed_broadband_subscriptions_per_100,IT.NET.BBND.P2,LSO,2020,0.226324591508713
fixed_broadband_subscriptions_per_100,IT.NET.BBND.P2,LSO,2019,0.209015549435255
fixed_broadband_subscriptions_per_100,IT.NET.BBND.P2,LBR,2022,0.274673226516174
fixed_broadband_subscriptions_per_100,IT.NET.BBND.P2,LBR,2021,0.247180102838331
fixed_broadband_subscriptions_per_100,IT.NET.BBND.P2,LBR,2020,0.252453508259017
fixed_broadband_subscriptions_per_100,IT.NET.BBND.P2,LBR,2019,0.21809295161251
fixed_broadband_subscriptions_per_100,IT.NET.BBND.P2,LBY,2022,4.51840823499527
fixed_broadband_subscriptions_per_100,IT.NET.BBND.P2,LBY,2021,4.65300430613124
fixed_broadband_subscriptions_per_100,IT.NET.BBND.P2,LBY,2020,4.71229521564357
fixed_broadband_subscriptions_per_100,IT.NET.BBND.P2,LBY,2019,4.5748595928116
fixed_broadband_subscriptions_per_100,IT.NET.BBND.P2,LIE,2022,48.9304880840349
fixed_broadband_subscriptions_per_100,IT.NET.BBND.P2,LIE,2021,47.5207458252228
fixed_broadband_subscriptions_per_100,IT.NET.BBND.P2,LIE,2020,46.5602187427451
fixed_broadband_subscriptions_per_100,IT.NET.BBND.P2,LIE,2019,44.6748178980229
fixed_broadband_subscriptions_per_100,IT.NET.BBND.P2,LTU,2022,28.4400438919259
fixed_broadband_subscriptions_per_100,IT.NET.BBND.P2,LTU,2021,28.712701575387
fixed_broadband_subscriptions_per_100,IT.NET.BBND.P2,LTU,2020,28.4988545174577
fixed_broadband_subscriptions_per_100,IT.NET.BBND.P2,LTU,2019,28.2791627222047
fixed_broadband_subscriptions_per_100,IT.NET.BBND.P2,LUX,2022,38.3269581349215
fixed_broadband_subscriptions_per_100,IT.NET.BBND.P2,LUX,2021,38.0399641403524
fixed_broadband_subscriptions_per_100,IT.NET.BBND.P2,LUX,2020,37.2960860898482
fixed_broadband_subscriptions_per_100,IT.NET.BBND.P2,LUX,2019,37.3611453762962
fixed_broadband_subscriptions_per_100,IT.NET.BBND.P2,MAC,2022,29.6066193799726
fixed_broadband_subscriptions_per_100,IT.NET.BBND.P2,MAC,2021,29.6158421202704
fixed_broadband_subscriptions_per_100,IT.NET.BBND.P2,MAC,2020,30.4508928113933
fixed_broadband_subscriptions_per_100,IT.NET.BBND.P2,MAC,2019,29.807414296232
fixed_broadband_subscriptions_per_100,IT.NET.BBND.P2,MDG,2022,0.10748996107107
fixed_broadband_subscriptions_per_100,IT.NET.BBND.P2,MDG,2021,0.104182794544746
fixed_broadband_subscriptions_per_100,IT.NET.BBND.P2,MDG,2020,0.110521830202826
fixed_broadband_subscriptions_per_100,IT.NET.BBND.P2,MDG,2019,0.106309263427764
fixed_broadband_subscriptions_per_100,IT.NET.BBND.P2,MWI,2022,0.0724060330808983
fixed_broadband_subscriptions_per_100,IT.NET.BBND.P2,MWI,2021,0.0670814931398598
fixed_broadband_subscriptions_per_100,IT.NET.BBND.P2,MWI,2020,0.0627371263723842
fixed_broadband_subscriptions_per_100,IT.NET.BBND.P2,MWI,2019,0.0596980345376099
fixed_broadband_subscriptions_per_100,IT.NET.BBND.P2,MYS,2022,12.1753566089982
fixed_broadband_subscriptions_per_100,IT.NET.BBND.P2,MYS,2021,10.8921782282506
fixed_broadband_subscriptions_per_100,IT.NET.BBND.P2,MYS,2020,9.91101742902637
fixed_broadband_subscriptions_per_100,IT.NET.BBND.P2,MYS,2019,8.86497357882019
fixed_broadband_subscriptions_per_100,IT.NET.BBND.P2,MDV,2022,17.3997244832152
fixed_broadband_subscriptions_per_100,IT.NET.BBND.P2,MDV,2021,14.8246453577808
fixed_broadband_subscriptions_per_100,IT.NET.BBND.P2,MDV,2020,12.6832736528067
fixed_broadband_subscriptions_per_100,IT.NET.BBND.P2,MDV,2019,10.9012960012794
fixed_broadband_subscriptions_per_100,IT.NET.BBND.P2,MLI,2022,0.774220028570636
fixed_broadband_subscriptions_per_100,IT.NET.BBND.P2,MLI,2021,0.648338018002888
fixed_broadband_subscriptions_per_100,IT.NET.BBND.P2,MLI,2020,1.12281404354348
fixed_broadband_subscriptions_per_100,IT.NET.BBND.P2,MLI,2019,0.676472661314418
fixed_broadband_subscriptions_per_100,IT.NET.BBND.P2,MLT,2022,43.4449972737186
fixed_broadband_subscriptions_per_100,IT.NET.BBND.P2,MLT,2021,42.1830899964911
fixed_broadband_subscriptions_per_100,IT.NET.BBND.P2,MLT,2020,41.1094408219109
fixed_broadband_subscriptions_per_100,IT.NET.BBND.P2,MLT,2019,40.1799549616579
fixed_broadband_subscriptions_per_100,IT.NET.BBND.P2,MHL,2022,2.35047533498016
fixed_broadband_subscriptions_per_100,IT.NET.BBND.P2,MHL,2021,2.27717746029444
fixed_broadband_subscriptions_per_100,IT.NET.BBND.P2,MHL,2020,2.34159134547839
fixed_broadband_subscriptions_per_100,IT.NET.BBND.P2,MHL,2019,2.27236575999273
fixed_broadband_subscriptions_per_100,IT.NET.BBND.P2,MRT,2022,0.415227794850191
fixed_broadband_subscriptions_per_100,IT.NET.BBND.P2,MRT,2021,0.405903092669414
fixed_broadband_subscriptions_per_100,IT.NET.BBND.P2,MRT,2020,0.401227704167555
fixed_broadband_subscriptions_per_100,IT.NET.BBND.P2,MRT,2019,0.242070430744355
fixed_broadband_subscriptions_per_100,IT.NET.BBND.P2,MUS,2022,26.1963906498554
fixed_broadband_subscriptions_per_100,IT.NET.BBND.P2,MUS,2021,25.7028828022003
fixed_broadband_subscriptions_per_100,IT.NET.BBND.P2,MUS,2020,25.1865809761826
fixed_broadband_subscriptions_per_100,IT.NET.BBND.P2,MUS,2019,23.8830105654334
fixed_broadband_subscriptions_per_100,IT.NET.BBND.P2,MEX,2022,20.6070256426489
fixed_broadband_subscriptions_per_100,IT.NET.BBND.P2,MEX,2021,19.2796725887476
fixed_broadband_subscriptions_per_100,IT.NET.BBND.P2,MEX,2020,17.7520559419946
fixed_broadband_subscriptions_per_100,IT.NET.BBND.P2,MEX,2019,15.3885155172291
fixed_broadband_subscriptions_per_100,IT.NET.BBND.P2,FSM,2022,5.81818506163369
fixed_broadband_subscriptions_per_100,IT.NET.BBND.P2,FSM,2021,5.37518813158461
fixed_broadband_subscriptions_per_100,IT.NET.BBND.P2,FSM,2020,5.40949908038516
fixed_broadband_subscriptions_per_100,IT.NET.BBND.P2,FSM,2019,4.533831450282
fixed_broadband_subscriptions_per_100,IT.NET.BBND.P2,MDA,2022,26.317794331222
fixed_broadband_subscriptions_per_100,IT.NET.BBND.P2,MDA,2021,25.2112754309344
fixed_broadband_subscriptions_per_100,IT.NET.BBND.P2,MDA,2020,23.4268592640718
fixed_broadband_subscriptions_per_100,IT.NET.BBND.P2,MDA,2019,21.54270340639
fixed_broadband_subscriptions_per_100,IT.NET.BBND.P2,MCO,2022,55.2284811589736
fixed_broadband_subscriptions_per_100,IT.NET.BBND.P2,MCO,2021,54.9173307031433
fixed_broadband_subscriptions_per_100,IT.NET.BBND.P2,MCO,2020,54.8672798948752
fixed_broadband_subscriptions_per_100,IT.NET.BBND.P2,MCO,2019,53.7300900049857
fixed_broadband_subscriptions_per_100,IT.NET.BBND.P2,MNG,2022,12.9008288504333
fixed_broadband_subscriptions_per_100,IT.NET.BBND.P2,MNG,2021,11.3929982387502
fixed_broadband_subscriptions_per_100,IT.NET.BBND.P2,MNG,2020,9.3475568899214
fixed_broadband_subscriptions_per_100,IT.NET.BBND.P2,MNG,2019,9.83638257697054
fixed_broadband_subscriptions_per_100,IT.NET.BBND.P2,MNE,2022,31.8922375082974
fixed_broadband_subscriptions_per_100,IT.NET.BBND.P2,MNE,2021,31.180870777725
fixed_broadband_subscriptions_per_100,IT.NET.BBND.P2,MNE,2020,30.2953440746132
fixed_broadband_subscriptions_per_100,IT.NET.BBND.P2,MNE,2019,29.2284854340679
fixed_broadband_subscriptions_per_100,IT.NET.BBND.P2,MAR,2022,6.47150166958379
fixed_broadband_subscriptions_per_100,IT.NET.BBND.P2,MAR,2021,6.14617858388986
fixed_broadband_subscriptions_per_100,IT.NET.BBND.P2,MAR,2020,5.74683480916137
fixed_broadband_subscriptions_per_100,IT.NET.BBND.P2,MAR,2019,4.83650253578356
fixed_broadband_subscriptions_per_100,IT.NET.BBND.P2,MOZ,2022,0.197784521833894
fixed_broadband_subscriptions_per_100,IT.NET.BBND.P2,MOZ,2021,0.206558007808804
fixed_broadband_subscriptions_per_100,IT.NET.BBND.P2,MOZ,2020,0.227393157051228
fixed_broadband_subscriptions_per_100,IT.NET.BBND.P2,MOZ,2019,0.234152423439938
fixed_broadband_subscriptions_per_100,IT.NET.BBND.P2,MMR,2022,2.09694638185872
fixed_broadband_subscriptions_per_100,IT.NET.BBND.P2,MMR,2021,1.67276170937317
fixed_broadband_subscriptions_per_100,IT.NET.BBND.P2,MMR,2020,1.29924592186564
fixed_broadband_subscriptions_per_100,IT.NET.BBND.P2,MMR,2019,0.92296052297012
fixed_broadband_subscriptions_per_100,IT.NET.BBND.P2,NAM,2022,3.29190749644768
fixed_broadband_subscriptions_per_100,IT.NET.BBND.P2,NAM,2021,3.1781346555903
fixed_broadband_subscriptions_per_100,IT.NET.BBND.P2,NAM,2020,2.88695019939445
fixed_broadband_subscriptions_per_100,IT.NET.BBND.P2,NAM,2019,2.60177914003955
fixed_broadband_subscriptions_per_100,IT.NET.BBND.P2,NRU,2022,9.95678332344717
fixed_broadband_subscriptions_per_100,IT.NET.BBND.P2,NPL,2022,8.51809813593178
fixed_broadband_subscriptions_per_100,IT.NET.BBND.P2,NPL,2021,4.30873475530627
fixed_broadband_subscriptions_per_100,IT.NET.BBND.P2,NPL,2020,4.38436385331589
fixed_broadband_subscriptions_per_100,IT.NET.BBND.P2,NPL,2019,3.62848482357188
fixed_broadband_subscriptions_per_100,IT.NET.BBND.P2,NLD,2022,43.5643185557355
fixed_broadband_subscriptions_per_100,IT.NET.BBND.P2,NLD,2021,42.9460563127039
fixed_broadband_subscriptions_per_100,IT.NET.BBND.P2,NLD,2020,42.6667277513049
fixed_broadband_subscriptions_per_100,IT.NET.BBND.P2,NLD,2019,42.5292659897442
fixed_broadband_subscriptions_per_100,IT.NET.BBND.P2,NCL,2022,19.372882005273
fixed_broadband_subscriptions_per_100,IT.NET.BBND.P2,NCL,2021,19.2837658740455
fixed_broadband_subscriptions_per_100,IT.NET.BBND.P2,NCL,2020,19.3542030291087
fixed_broadband_subscriptions_per_100,IT.NET.BBND.P2,NCL,2019,19.3931016974253
fixed_broadband_subscriptions_per_100,IT.NET.BBND.P2,NZL,2022,36.3044927893768
fixed_broadband_subscriptions_per_100,IT.NET.BBND.P2,NZL,2021,35.262820014578
fixed_broadband_subscriptions_per_100,IT.NET.BBND.P2,NZL,2020,34.8130286721914
fixed_broadband_subscriptions_per_100,IT.NET.BBND.P2,NZL,2019,34.0227878966682
fixed_broadband_subscriptions_per_100,IT.NET.BBND.P2,NIC,2022,5.00781944815467
fixed_broadband_subscriptions_per_100,IT.NET.BBND.P2,NIC,2021,4.51379519532816
fixed_broadband_subscriptions_per_100,IT.NET.BBND.P2,NIC,2020,4.42253148272568
fixed_broadband_subscriptions_per_100,IT.NET.BBND.P2,NIC,2019,3.35640827391085
fixed_broadband_subscriptions_per_100,IT.NET.BBND.P2,NER,2020,0.0505953107507067
fixed_broadband_subscriptions_per_100,IT.NET.BBND.P2,NER,2019,0.0479349681103909
fixed_broadband_subscriptions_per_100,IT.NET.BBND.P2,NGA,2022,0.0433814077089791
fixed_broadband_subscriptions_per_100,IT.NET.BBND.P2,NGA,2021,0.0301639204550369
fixed_broadband_subscriptions_per_100,IT.NET.BBND.P2,NGA,2020,0.0305206381229766
fixed_broadband_subscriptions_per_100,IT.NET.BBND.P2,NGA,2019,0.0397927035008571
fixed_broadband_subscriptions_per_100,IT.NET.BBND.P2,MKD,2022,28.0035734605346
fixed_broadband_subscriptions_per_100,IT.NET.BBND.P2,MKD,2021,26.9448892231031
fixed_broadband_subscriptions_per_100,IT.NET.BBND.P2,MKD,2020,25.4041233643961
fixed_broadband_subscriptions_per_100,IT.NET.BBND.P2,MKD,2019,23.9402500262168
fixed_broadband_subscriptions_per_100,IT.NET.BBND.P2,NOR,2022,45.6644653158508
fixed_broadband_subscriptions_per_100,IT.NET.BBND.P2,NOR,2021,44.9392216218255
fixed_broadband_subscriptions_per_100,IT.NET.BBND.P2,NOR,2020,44.3863056613216
fixed_broadband_subscriptions_per_100,IT.NET.BBND.P2,NOR,2019,42.2722351352817
fixed_broadband_subscriptions_per_100,IT.NET.BBND.P2,OMN,2022,10.8833264083829
fixed_broadband_subscriptions_per_100,IT.NET.BBND.P2,OMN,2021,11.5852955507366
fixed_broadband_subscriptions_per_100,IT.NET.BBND.P2,OMN,2020,11.3829602598706
fixed_broadband_subscriptions_per_100,IT.NET.BBND.P2,OMN,2019,10.2442069785858
fixed_broadband_subscriptions_per_100,IT.NET.BBND.P2,PAK,2022,1.28371909626329
fixed_broadband_subscriptions_per_100,IT.NET.BBND.P2,PAK,2021,1.23144065449307
fixed_broadband_subscriptions_per_100,IT.NET.BBND.P2,PAK,2020,1.03954036154268
fixed_broadband_subscriptions_per_100,IT.NET.BBND.P2,PAK,2019,0.881514330669917
fixed_broadband_subscriptions_per_100,IT.NET.BBND.P2,PLW,2022,6.993637029112
fixed_broadband_subscriptions_per_100,IT.NET.BBND.P2,PAN,2022,16.3861439797054
fixed_broadband_subscriptions_per_100,IT.NET.BBND.P2,PAN,2021,14.8381106018887
fixed_broadband_subscriptions_per_100,IT.NET.BBND.P2,PAN,2020,13.8346818420776
fixed_broadband_subscriptions_per_100,IT.NET.BBND.P2,PAN,2019,12.648617375493
fixed_broadband_subscriptions_per_100,IT.NET.BBND.P2,PNG,2022,0.214639196900492
fixed_broadband_subscriptions_per_100,IT.NET.BBND.P2,PNG,2021,0.209729532794508
fixed_broadband_subscriptions_per_100,IT.NET.BBND.P2,PNG,2020,0.213941966305974
fixed_broadband_subscriptions_per_100,IT.NET.BBND.P2,PNG,2019,0.208137987159968
fixed_broadband_subscriptions_per_100,IT.NET.BBND.P2,PRY,2022,11.1527995711537
fixed_broadband_subscriptions_per_100,IT.NET.BBND.P2,PRY,2021,10.8118689766377
fixed_broadband_subscriptions_per_100,IT.NET.BBND.P2,PRY,2020,8.5159180276507
fixed_broadband_subscriptions_per_100,IT.NET.BBND.P2,PRY,2019,6.32666662368931
fixed_broadband_subscriptions_per_100,IT.NET.BBND.P2,PER,2022,9.45023631953673
fixed_broadband_subscriptions_per_100,IT.NET.BBND.P2,PER,2021,9.05771410333768
fixed_broadband_subscriptions_per_100,IT.NET.BBND.P2,PER,2020,8.41186520281526
fixed_broadband_subscriptions_per_100,IT.NET.BBND.P2,PER,2019,7.38778580236377
fixed_broadband_subscriptions_per_100,IT.NET.BBND.P2,PHL,2022,7.63946525096298
fixed_broadband_subscriptions_per_100,IT.NET.BBND.P2,PHL,2021,8.50897715713263
fixed_broadband_subscriptions_per_100,IT.NET.BBND.P2,PHL,2020,7.08108894988907
fixed_broadband_subscriptions_per_100,IT.NET.BBND.P2,PHL,2019,5.69730703529922
fixed_broadband_subscriptions_per_100,IT.NET.BBND.P2,POL,2022,23.8373449056172
fixed_broadband_subscriptions_per_100,IT.NET.BBND.P2,POL,2021,22.8165643900514
fixed_broadband_subscriptions_per_100,IT.NET.BBND.P2,POL,2020,21.9255858346119
fixed_broadband_subscriptions_per_100,IT.NET.BBND.P2,POL,2019,20.5043205670712
fixed_broadband_subscriptions_per_100,IT.NET.BBND.P2,PRT,2022,42.937003513367
fixed_broadband_subscriptions_per_100,IT.NET.BBND.P2,PRT,2021,41.5145728650954
fixed_broadband_subscriptions_per_100,IT.NET.BBND.P2,PRT,2020,40.1215406866329
fixed_broadband_subscriptions_per_100,IT.NET.BBND.P2,PRT,2019,38.3605751907072
fixed_broadband_subscriptions_per_100,IT.NET.BBND.P2,PRI,2022,22.2824477131524
fixed_broadband_subscriptions_per_100,IT.NET.BBND.P2,PRI,2021,23.6440930650035
fixed_broadband_subscriptions_per_100,IT.NET.BBND.P2,PRI,2020,20.438273950983
fixed_broadband_subscriptions_per_100,IT.NET.BBND.P2,PRI,2019,18.5504198869353
fixed_broadband_subscriptions_per_100,IT.NET.BBND.P2,QAT,2022,12.6414412670206
fixed_broadband_subscriptions_per_100,IT.NET.BBND.P2,QAT,2021,11.0795735105944
fixed_broadband_subscriptions_per_100,IT.NET.BBND.P2,QAT,2020,10.5631961475008
fixed_broadband_subscriptions_per_100,IT.NET.BBND.P2,QAT,2019,10.1746618292654
fixed_broadband_subscriptions_per_100,IT.NET.BBND.P2,ROU,2022,33.2115600895132
fixed_broadband_subscriptions_per_100,IT.NET.BBND.P2,ROU,2021,31.6949603653045
fixed_broadband_subscriptions_per_100,IT.NET.BBND.P2,ROU,2020,29.314080636148
fixed_broadband_subscriptions_per_100,IT.NET.BBND.P2,ROU,2019,27.060557570268
fixed_broadband_subscriptions_per_100,IT.NET.BBND.P2,RUS,2022,24.6345568628262
fixed_broadband_subscriptions_per_100,IT.NET.BBND.P2,RUS,2021,23.7409106485411
fixed_broadband_subscriptions_per_100,IT.NET.BBND.P2,RUS,2020,23.1557041794102
fixed_broadband_subscriptions_per_100,IT.NET.BBND.P2,RUS,2019,22.4233442134941
fixed_broadband_subscriptions_per_100,IT.NET.BBND.P2,RWA,2022,0.349951615372613
fixed_broadband_subscriptions_per_100,IT.NET.BBND.P2,RWA,2021,0.238872174708692
fixed_broadband_subscriptions_per_100,IT.NET.BBND.P2,RWA,2020,0.135352981978881
fixed_broadband_subscriptions_per_100,IT.NET.BBND.P2,RWA,2019,0.0695438976971303
fixed_broadband_subscriptions_per_100,IT.NET.BBND.P2,WSM,2022,0.87753935919651
fixed_broadband_subscriptions_per_100,IT.NET.BBND.P2,WSM,2021,0.791471566430753
fixed_broadband_subscriptions_per_100,IT.NET.BBND.P2,WSM,2020,0.798324085607519
fixed_broadband_subscriptions_per_100,IT.NET.BBND.P2,WSM,2019,0.806559252550291
fixed_broadband_subscriptions_per_100,IT.NET.BBND.P2,SMR,2022,35.7876210032268
fixed_broadband_subscriptions_per_100,IT.NET.BBND.P2,SMR,2021,34.7101700798334
fixed_broadband_subscriptions_per_100,IT.NET.BBND.P2,SMR,2020,31.6373781241911
fixed_broadband_subscriptions_per_100,IT.NET.BBND.P2,SMR,2019,31.9770294058234
fixed_broadband_subscriptions_per_100,IT.NET.BBND.P2,STP,2022,2.02470117761428
fixed_broadband_subscriptions_per_100,IT.NET.BBND.P2,STP,2021,1.54216281238596
fixed_broadband_subscriptions_per_100,IT.NET.BBND.P2,STP,2020,1.15528778715478
fixed_broadband_subscriptions_per_100,IT.NET.BBND.P2,STP,2019,0.769475894129115
fixed_broadband_subscriptions_per_100,IT.NET.BBND.P2,SAU,2022,41.8230078726101
fixed_broadband_subscriptions_per_100,IT.NET.BBND.P2,SAU,2021,33.7973610185654
fixed_broadband_subscriptions_per_100,IT.NET.BBND.P2,SAU,2020,25.4596763527151
fixed_broadband_subscriptions_per_100,IT.NET.BBND.P2,SAU,2019,22.3213703520821
fixed_broadband_subscriptions_per_100,IT.NET.BBND.P2,SEN,2022,1.40365165848276
fixed_broadband_subscriptions_per_100,IT.NET.BBND.P2,SEN,2021,1.20966034985347
fixed_broadband_subscriptions_per_100,IT.NET.BBND.P2,SEN,2020,1.05641006886622
fixed_broadband_subscriptions_per_100,IT.NET.BBND.P2,SEN,2019,0.929784903272944
fixed_broadband_subscriptions_per_100,IT.NET.BBND.P2,SRB,2022,29.3457941392192
fixed_broadband_subscriptions_per_100,IT.NET.BBND.P2,SRB,2021,26.4794202826056
fixed_broadband_subscriptions_per_100,IT.NET.BBND.P2,SRB,2020,25.1834994361532
fixed_broadband_subscriptions_per_100,IT.NET.BBND.P2,SRB,2019,23.4424592934158
fixed_broadband_subscriptions_per_100,IT.NET.BBND.P2,SYC,2022,29.8314239734867
fixed_broadband_subscriptions_per_100,IT.NET.BBND.P2,SYC,2021,33.5645230796751
fixed_broadband_subscriptions_per_100,IT.NET.BBND.P2,SYC,2020,29.067843812089
fixed_broadband_subscriptions_per_100,IT.NET.BBND.P2,SYC,2019,22.9273268168296
fixed_broadband_subscriptions_per_100,IT.NET.BBND.P2,SLE,2021,0.00227311979020093
fixed_broadband_subscriptions_per_100,IT.NET.BBND.P2,SLE,2020,0.00227486484143307
fixed_broadband_subscriptions_per_100,IT.NET.BBND.P2,SLE,2019,0.00222452405855102
fixed_broadband_subscriptions_per_100,IT.NET.BBND.P2,SGP,2022,27.5510032505086
fixed_broadband_subscriptions_per_100,IT.NET.BBND.P2,SGP,2021,27.5210996900631
fixed_broadband_subscriptions_per_100,IT.NET.BBND.P2,SGP,2020,26.8622723592787
fixed_broadband_subscriptions_per_100,IT.NET.BBND.P2,SGP,2019,26.5276177370284
fixed_broadband_subscriptions_per_100,IT.NET.BBND.P2,SVK,2022,33.9988127597088
fixed_broadband_subscriptions_per_100,IT.NET.BBND.P2,SVK,2021,32.6060735005904
fixed_broadband_subscriptions_per_100,IT.NET.BBND.P2,SVK,2020,31.192548373756
fixed_broadband_subscriptions_per_100,IT.NET.BBND.P2,SVK,2019,29.181106904051
fixed_broadband_subscriptions_per_100,IT.NET.BBND.P2,SVN,2022,32.0104972135392
fixed_broadband_subscriptions_per_100,IT.NET.BBND.P2,SVN,2021,31.5502669986288
fixed_broadband_subscriptions_per_100,IT.NET.BBND.P2,SVN,2020,30.9930132861242
fixed_broadband_subscriptions_per_100,IT.NET.BBND.P2,SVN,2019,30.1395433223627
fixed_broadband_subscriptions_per_100,IT.NET.BBND.P2,SLB,2022,0.107033208461257
fixed_broadband_subscriptions_per_100,IT.NET.BBND.P2,SLB,2021,0.131131891144795
fixed_broadband_subscriptions_per_100,IT.NET.BBND.P2,SLB,2020,0.134318695281922
fixed_broadband_subscriptions_per_100,IT.NET.BBND.P2,SLB,2019,0.143514977058204
fixed_broadband_subscriptions_per_100,IT.NET.BBND.P2,SOM,2022,0.668468085170923
fixed_broadband_subscriptions_per_100,IT.NET.BBND.P2,SOM,2021,0.68899907598855
fixed_broadband_subscriptions_per_100,IT.NET.BBND.P2,SOM,2020,0.714663593733325
fixed_broadband_subscriptions_per_100,IT.NET.BBND.P2,SOM,2019,0.611316681940227
fixed_broadband_subscriptions_per_100,IT.NET.BBND.P2,ZAF,2022,3.12297476001713
fixed_broadband_subscriptions_per_100,IT.NET.BBND.P2,ZAF,2021,2.75540858002384
fixed_broadband_subscriptions_per_100,IT.NET.BBND.P2,ZAF,2020,2.15159473337087
fixed_broadband_subscriptions_per_100,IT.NET.BBND.P2,ZAF,2019,2.09833928490665
fixed_broadband_subscriptions_per_100,IT.NET.BBND.P2,SSD,2022,0.00181468821342766
fixed_broadband_subscriptions_per_100,IT.NET.BBND.P2,SSD,2021,0.00184064098481655
fixed_broadband_subscriptions_per_100,IT.NET.BBND.P2,SSD,2019,0.00191876265903664
fixed_broadband_subscriptions_per_100,IT.NET.BBND.P2,ESP,2022,35.7846414290159
fixed_broadband_subscriptions_per_100,IT.NET.BBND.P2,ESP,2021,34.9302420932073
fixed_broadband_subscriptions_per_100,IT.NET.BBND.P2,ESP,2020,33.9527590155171
fixed_broadband_subscriptions_per_100,IT.NET.BBND.P2,ESP,2019,32.9220023670648
fixed_broadband_subscriptions_per_100,IT.NET.BBND.P2,LKA,2022,9.63609972688813
fixed_broadband_subscriptions_per_100,IT.NET.BBND.P2,LKA,2021,10.5401488574725
fixed_broadband_subscriptions_per_100,IT.NET.BBND.P2,LKA,2020,7.8962203692284
fixed_broadband_subscriptions_per_100,IT.NET.BBND.P2,LKA,2019,7.43541256815093
fixed_broadband_subscriptions_per_100,IT.NET.BBND.P2,KNA,2022,46.7447387013209
fixed_broadband_subscriptions_per_100,IT.NET.BBND.P2,KNA,2021,43.0254688535808
fixed_broadband_subscriptions_per_100,IT.NET.BBND.P2,KNA,2020,45.9569020695541
fixed_broadband_subscriptions_per_100,IT.NET.BBND.P2,KNA,2019,43.4039018572159
fixed_broadband_subscriptions_per_100,IT.NET.BBND.P2,LCA,2022,13.571912004072
fixed_broadband_subscriptions_per_100,IT.NET.BBND.P2,LCA,2021,10.675434960397
fixed_broadband_subscriptions_per_100,IT.NET.BBND.P2,LCA,2020,19.9725105189341
fixed_broadband_subscriptions_per_100,IT.NET.BBND.P2,LCA,2019,8.88489876787815
fixed_broadband_subscriptions_per_100,IT.NET.BBND.P2,VCT,2022,28.9967269662701
fixed_broadband_subscriptions_per_100,IT.NET.BBND.P2,VCT,2021,27.1020312910221
fixed_broadband_subscriptions_per_100,IT.NET.BBND.P2,VCT,2020,23.8906168498735
fixed_broadband_subscriptions_per_100,IT.NET.BBND.P2,VCT,2019,20.8463332917335
fixed_broadband_subscriptions_per_100,IT.NET.BBND.P2,SDN,2022,0.0604394040047428
fixed_broadband_subscriptions_per_100,IT.NET.BBND.P2,SDN,2021,0.0632992450276202
fixed_broadband_subscriptions_per_100,IT.NET.BBND.P2,SDN,2020,0.0615141548276354
fixed_broadband_subscriptions_per_100,IT.NET.BBND.P2,SDN,2019,0.0719282386176834
fixed_broadband_subscriptions_per_100,IT.NET.BBND.P2,SUR,2022,20.0260284612076
fixed_broadband_subscriptions_per_100,IT.NET.BBND.P2,SUR,2021,19.899950800782
fixed_broadband_subscriptions_per_100,IT.NET.BBND.P2,SUR,2020,15.0689920417039
fixed_broadband_subscriptions_per_100,IT.NET.BBND.P2,SUR,2019,13.2740587155479
fixed_broadband_subscriptions_per_100,IT.NET.BBND.P2,SWE,2022,40.6093424279832
fixed_broadband_subscriptions_per_100,IT.NET.BBND.P2,SWE,2021,40.8351431063991
fixed_broadband_subscriptions_per_100,IT.NET.BBND.P2,SWE,2020,40.3679810262741
fixed_broadband_subscriptions_per_100,IT.NET.BBND.P2,SWE,2019,39.2905524546107
fixed_broadband_subscriptions_per_100,IT.NET.BBND.P2,CHE,2022,46.6747503634479
fixed_broadband_subscriptions_per_100,IT.NET.BBND.P2,CHE,2021,47.9433096708255
fixed_broadband_subscriptions_per_100,IT.NET.BBND.P2,CHE,2020,46.4813712779996
fixed_broadband_subscriptions_per_100,IT.NET.BBND.P2,CHE,2019,46.912372381587
fixed_broadband_subscriptions_per_100,IT.NET.BBND.P2,SYR,2022,7.16283326639858
fixed_broadband_subscriptions_per_100,IT.NET.BBND.P2,SYR,2021,7.28562915466706
fixed_broadband_subscriptions_per_100,IT.NET.BBND.P2,SYR,2020,7.35459379919522
fixed_broadband_subscriptions_per_100,IT.NET.BBND.P2,SYR,2019,7.33616579803782
fixed_broadband_subscriptions_per_100,IT.NET.BBND.P2,TJK,2022,0.585196433548591
fixed_broadband_subscriptions_per_100,IT.NET.BBND.P2,TJK,2021,0.495991334524208
fixed_broadband_subscriptions_per_100,IT.NET.BBND.P2,TJK,2020,0.369964643651705
fixed_broadband_subscriptions_per_100,IT.NET.BBND.P2,TJK,2019,0.0629593012189131
fixed_broadband_subscriptions_per_100,IT.NET.BBND.P2,TZA,2022,0.110774196881278
fixed_broadband_subscriptions_per_100,IT.NET.BBND.P2,TZA,2021,1.97842
fixed_broadband_subscriptions_per_100,IT.NET.BBND.P2,TZA,2020,1.86248
fixed_broadband_subscriptions_per_100,IT.NET.BBND.P2,TZA,2019,1.75692
fixed_broadband_subscriptions_per_100,IT.NET.BBND.P2,THA,2022,17.5125815621477
fixed_broadband_subscriptions_per_100,IT.NET.BBND.P2,THA,2021,17.3168855632327
fixed_broadband_subscriptions_per_100,IT.NET.BBND.P2,THA,2020,16.021813562656
fixed_broadband_subscriptions_per_100,IT.NET.BBND.P2,THA,2019,14.1338059581469
fixed_broadband_subscriptions_per_100,IT.NET.BBND.P2,TLS,2022,0.0100051486348815
fixed_broadband_subscriptions_per_100,IT.NET.BBND.P2,TLS,2021,0.0101471033723194
fixed_broadband_subscriptions_per_100,IT.NET.BBND.P2,TLS,2020,0.00625917666940914
fixed_broadband_subscriptions_per_100,IT.NET.BBND.P2,TLS,2019,0.00684118083393226
fixed_broadband_subscriptions_per_100,IT.NET.BBND.P2,TGO,2022,1.03723561669214
fixed_broadband_subscriptions_per_100,IT.NET.BBND.P2,TGO,2021,0.749325974933037
fixed_broadband_subscriptions_per_100,IT.NET.BBND.P2,TGO,2020,0.607931974735055
fixed_broadband_subscriptions_per_100,IT.NET.BBND.P2,TGO,2019,0.376920048379618
fixed_broadband_subscriptions_per_100,IT.NET.BBND.P2,TON,2022,8.17387330781973
fixed_broadband_subscriptions_per_100,IT.NET.BBND.P2,TON,2021,6.4574841217177
fixed_broadband_subscriptions_per_100,IT.NET.BBND.P2,TON,2020,4.73018996442897
fixed_broadband_subscriptions_per_100,IT.NET.BBND.P2,TON,2019,3.5043390209049
fixed_broadband_subscriptions_per_100,IT.NET.BBND.P2,TTO,2022,26.0331929293058
fixed_broadband_subscriptions_per_100,IT.NET.BBND.P2,TTO,2021,24.9299429931902
fixed_broadband_subscriptions_per_100,IT.NET.BBND.P2,TTO,2020,25.4398983406076
fixed_broadband_subscriptions_per_100,IT.NET.BBND.P2,TTO,2019,22.8528096955069
fixed_broadband_subscriptions_per_100,IT.NET.BBND.P2,TUN,2022,13.9309222767522
fixed_broadband_subscriptions_per_100,IT.NET.BBND.P2,TUN,2021,12.4220429522978
fixed_broadband_subscriptions_per_100,IT.NET.BBND.P2,TUN,2020,11.1467984493476
fixed_broadband_subscriptions_per_100,IT.NET.BBND.P2,TUN,2019,10.0541966829532
fixed_broadband_subscriptions_per_100,IT.NET.BBND.P2,TUR,2022,21.8230372591075
fixed_broadband_subscriptions_per_100,IT.NET.BBND.P2,TUR,2021,20.9211211378579
fixed_broadband_subscriptions_per_100,IT.NET.BBND.P2,TUR,2020,19.4384064376386
fixed_broadband_subscriptions_per_100,IT.NET.BBND.P2,TUR,2019,16.6733436685105
fixed_broadband_subscriptions_per_100,IT.NET.BBND.P2,TKM,2022,5.21710831232306
fixed_broadband_subscriptions_per_100,IT.NET.BBND.P2,TKM,2021,4.08263176069293
fixed_broadband_subscriptions_per_100,IT.NET.BBND.P2,TKM,2020,3.40423015428109
fixed_broadband_subscriptions_per_100,IT.NET.BBND.P2,TKM,2019,2.59674388854464
fixed_broadband_subscriptions_per_100,IT.NET.BBND.P2,TUV,2022,4.52361889511609
fixed_broadband_subscriptions_per_100,IT.NET.BBND.P2,TUV,2021,4.41436138905238
fixed_broadband_subscriptions_per_100,IT.NET.BBND.P2,UGA,2022,0.0850849430150062
fixed_broadband_subscriptions_per_100,IT.NET.BBND.P2,UGA,2021,0.0838841644026815
fixed_broadband_subscriptions_per_100,IT.NET.BBND.P2,UGA,2020,0.077818750062982
fixed_broadband_subscriptions_per_100,IT.NET.BBND.P2,UGA,2019,0.0752797052682096
fixed_broadband_subscriptions_per_100,IT.NET.BBND.P2,UKR,2022,17.5398140646824
fixed_broadband_subscriptions_per_100,IT.NET.BBND.P2,UKR,2021,18.2677942438439
fixed_broadband_subscriptions_per_100,IT.NET.BBND.P2,UKR,2020,18.617022844321
fixed_broadband_subscriptions_per_100,IT.NET.BBND.P2,UKR,2019,16.1591311845578
fixed_broadband_subscriptions_per_100,IT.NET.BBND.P2,ARE,2022,36.8485872897377
fixed_broadband_subscriptions_per_100,IT.NET.BBND.P2,ARE,2021,36.5005361093336
fixed_broadband_subscriptions_per_100,IT.NET.BBND.P2,ARE,2020,34.345290333178
fixed_broadband_subscriptions_per_100,IT.NET.BBND.P2,ARE,2019,32.480344369022
fixed_broadband_subscriptions_per_100,IT.NET.BBND.P2,GBR,2022,41.2867157729584
fixed_broadband_subscriptions_per_100,IT.NET.BBND.P2,GBR,2021,41.1134869970784
fixed_broadband_subscriptions_per_100,IT.NET.BBND.P2,GBR,2020,40.5775246507294
fixed_broadband_subscriptions_per_100,IT.NET.BBND.P2,GBR,2019,40.022769455921
fixed_broadband_subscriptions_per_100,IT.NET.BBND.P2,USA,2022,37.4887954801437
fixed_broadband_subscriptions_per_100,IT.NET.BBND.P2,USA,2021,37.0074278936277
fixed_broadband_subscriptions_per_100,IT.NET.BBND.P2,USA,2020,35.7156999293054
fixed_broadband_subscriptions_per_100,IT.NET.BBND.P2,USA,2019,33.835216356436
fixed_broadband_subscriptions_per_100,IT.NET.BBND.P2,URY,2022,33.4865565704576
fixed_broadband_subscriptions_per_100,IT.NET.BBND.P2,URY,2021,32.5451063460216
fixed_broadband_subscriptions_per_100,IT.NET.BBND.P2,URY,2020,31.2948224284548
fixed_broadband_subscriptions_per_100,IT.NET.BBND.P2,URY,2019,29.8012543248776
fixed_broadband_subscriptions_per_100,IT.NET.BBND.P2,UZB,2022,25.7992232452287
fixed_broadband_subscriptions_per_100,IT.NET.BBND.P2,UZB,2021,21.8944210928633
fixed_broadband_subscriptions_per_100,IT.NET.BBND.P2,UZB,2020,15.8070422134311
fixed_broadband_subscriptions_per_100,IT.NET.BBND.P2,UZB,2019,10.5554301857614
fixed_broadband_subscriptions_per_100,IT.NET.BBND.P2,VUT,2022,1.1263520377197
fixed_broadband_subscriptions_per_100,IT.NET.BBND.P2,VUT,2021,1.03214458524592
fixed_broadband_subscriptions_per_100,IT.NET.BBND.P2,VUT,2020,0.931880692502794
fixed_broadband_subscriptions_per_100,IT.NET.BBND.P2,VUT,2019,2.70150863914242
fixed_broadband_subscriptions_per_100,IT.NET.BBND.P2,VEN,2022,9.58036143387288
fixed_broadband_subscriptions_per_100,IT.NET.BBND.P2,VEN,2021,9.2424360147272
fixed_broadband_subscriptions_per_100,IT.NET.BBND.P2,VEN,2020,9.00606477756336
fixed_broadband_subscriptions_per_100,IT.NET.BBND.P2,VEN,2019,8.85037434042832
fixed_broadband_subscriptions_per_100,IT.NET.BBND.P2,VNM,2022,21.3681380805533
fixed_broadband_subscriptions_per_100,IT.NET.BBND.P2,VNM,2021,19.5362327330994
fixed_broadband_subscriptions_per_100,IT.NET.BBND.P2,VNM,2020,17.0262915402718
fixed_broadband_subscriptions_per_100,IT.NET.BBND.P2,VNM,2019,15.2328957557438
fixed_broadband_subscriptions_per_100,IT.NET.BBND.P2,VIR,2022,10.0662374143133
fixed_broadband_subscriptions_per_100,IT.NET.BBND.P2,PSE,2022,7.93673083556539
fixed_broadband_subscriptions_per_100,IT.NET.BBND.P2,PSE,2021,8.01282694120497
fixed_broadband_subscriptions_per_100,IT.NET.BBND.P2,PSE,2020,7.43459365973318
fixed_broadband_subscriptions_per_100,IT.NET.BBND.P2,PSE,2019,7.35978367684813
fixed_broadband_subscriptions_per_100,IT.NET.BBND.P2,YEM,2022,1.27124133725573
fixed_broadband_subscriptions_per_100,IT.NET.BBND.P2,YEM,2021,1.09217148089821
fixed_broadband_subscriptions_per_100,IT.NET.BBND.P2,YEM,2020,1.08205751326634
fixed_broadband_subscriptions_per_100,IT.NET.BBND.P2,YEM,2019,1.08796548403869
fixed_broadband_subscriptions_per_100,IT.NET.BBND.P2,ZMB,2022,0.428949863290405
fixed_broadband_subscriptions_per_100,IT.NET.BBND.P2,ZMB,2021,0.411108017009319
fixed_broadband_subscriptions_per_100,IT.NET.BBND.P2,ZMB,2020,0.431897234933218
fixed_broadband_subscriptions_per_100,IT.NET.BBND.P2,ZMB,2019,0.48013272665923
fixed_broadband_subscriptions_per_100,IT.NET.BBND.P2,ZWE,2022,1.62150159909829
fixed_broadband_subscriptions_per_100,IT.NET.BBND.P2,ZWE,2021,1.29980547197891
fixed_broadband_subscriptions_per_100,IT.NET.BBND.P2,ZWE,2020,1.31037848666133
fixed_broadband_subscriptions_per_100,IT.NET.BBND.P2,ZWE,2019,1.33860961244598
secure_internet_servers_per_million_people,IT.NET.SECR.P6,AFE,2022,1332.87713276783
secure_internet_servers_per_million_people,IT.NET.SECR.P6,AFE,2021,1436.91352640515
secure_internet_servers_per_million_people,IT.NET.SECR.P6,AFE,2020,1277.71759392126
secure_internet_servers_per_million_people,IT.NET.SECR.P6,AFE,2019,1291.53303631963
secure_internet_servers_per_million_people,IT.NET.SECR.P6,AFW,2022,36.8115420172424
secure_internet_servers_per_million_people,IT.NET.SECR.P6,AFW,2021,41.1296333917643
secure_internet_servers_per_million_people,IT.NET.SECR.P6,AFW,2020,44.1598983093681
secure_internet_servers_per_million_people,IT.NET.SECR.P6,AFW,2019,42.1147274187778
secure_internet_servers_per_million_people,IT.NET.SECR.P6,ARB,2022,188.328441526339
secure_internet_servers_per_million_people,IT.NET.SECR.P6,ARB,2021,193.304366992152
secure_internet_servers_per_million_people,IT.NET.SECR.P6,ARB,2020,146.344719186843
secure_internet_servers_per_million_people,IT.NET.SECR.P6,ARB,2019,147.519145611604
secure_internet_servers_per_million_people,IT.NET.SECR.P6,CSS,2022,32912.3409326909
secure_internet_servers_per_million_people,IT.NET.SECR.P6,CSS,2021,30328.8535569225
secure_internet_servers_per_million_people,IT.NET.SECR.P6,CSS,2020,13833.1066162372
secure_internet_servers_per_million_people,IT.NET.SECR.P6,CSS,2019,4354.13381635575
secure_internet_servers_per_million_people,IT.NET.SECR.P6,CEB,2022,43462.9827196895
secure_internet_servers_per_million_people,IT.NET.SECR.P6,CEB,2021,38686.0504147607
secure_internet_servers_per_million_people,IT.NET.SECR.P6,CEB,2020,33199.7299669618
secure_internet_servers_per_million_people,IT.NET.SECR.P6,CEB,2019,27660.6006145
secure_internet_servers_per_million_people,IT.NET.SECR.P6,EAR,2022,1396.51397127085
secure_internet_servers_per_million_people,IT.NET.SECR.P6,EAR,2021,1162.99348926978
secure_internet_servers_per_million_people,IT.NET.SECR.P6,EAR,2020,986.782241878969
secure_internet_servers_per_million_people,IT.NET.SECR.P6,EAR,2019,832.783809427454
secure_internet_servers_per_million_people,IT.NET.SECR.P6,EAS,2022,4752.05230054157
secure_internet_servers_per_million_people,IT.NET.SECR.P6,EAS,2021,4097.13208505241
secure_internet_servers_per_million_people,IT.NET.SECR.P6,EAS,2020,3509.65035363442
secure_internet_servers_per_million_people,IT.NET.SECR.P6,EAS,2019,2995.26037985928
secure_internet_servers_per_million_people,IT.NET.SECR.P6,EAP,2022,1660.44466644415
secure_internet_servers_per_million_people,IT.NET.SECR.P6,EAP,2021,1396.79019539945
secure_internet_servers_per_million_people,IT.NET.SECR.P6,EAP,2020,1208.86879455501
secure_internet_servers_per_million_people,IT.NET.SECR.P6,EAP,2019,991.2981477088
secure_internet_servers_per_million_people,IT.NET.SECR.P6,TEA,2022,1681.1409660311
secure_internet_servers_per_million_people,IT.NET.SECR.P6,TEA,2021,1414.13275966362
secure_internet_servers_per_million_people,IT.NET.SECR.P6,TEA,2020,1224.00764483539
secure_internet_servers_per_million_people,IT.NET.SECR.P6,TEA,2019,991.295922146286
secure_internet_servers_per_million_people,IT.NET.SECR.P6,EMU,2022,67175.8027108167
secure_internet_servers_per_million_people,IT.NET.SECR.P6,EMU,2021,59481.5750396403
secure_internet_servers_per_million_people,IT.NET.SECR.P6,EMU,2020,51308.7719588644
secure_internet_servers_per_million_people,IT.NET.SECR.P6,EMU,2019,41979.3529911149
secure_internet_servers_per_million_people,IT.NET.SECR.P6,ECS,2022,41198.6453373625
secure_internet_servers_per_million_people,IT.NET.SECR.P6,ECS,2021,36831.0364193371
secure_internet_servers_per_million_people,IT.NET.SECR.P6,ECS,2020,31874.0263096395
secure_internet_servers_per_million_people,IT.NET.SECR.P6,ECS,2019,26654.4599967344
secure_internet_servers_per_million_people,IT.NET.SECR.P6,ECA,2022,6110.30716599624
secure_internet_servers_per_million_people,IT.NET.SECR.P6,ECA,2021,5622.23182406412
secure_internet_servers_per_million_people,IT.NET.SECR.P6,ECA,2020,4950.93180091434
secure_internet_servers_per_million_people,IT.NET.SECR.P6,ECA,2019,4112.69544803443
secure_internet_servers_per_million_people,IT.NET.SECR.P6,TEC,2022,14452.6508462836
secure_internet_servers_per_million_people,IT.NET.SECR.P6,TEC,2021,12608.7234647157
secure_internet_servers_per_million_people,IT.NET.SECR.P6,TEC,2020,10722.4554519308
secure_internet_servers_per_million_people,IT.NET.SECR.P6,TEC,2019,8453.95210413498
secure_internet_servers_per_million_people,IT.NET.SECR.P6,EUU,2022,64829.0605427064
secure_internet_servers_per_million_people,IT.NET.SECR.P6,EUU,2021,57756.1846645932
secure_internet_servers_per_million_people,IT.NET.SECR.P6,EUU,2020,50358.0385943138
secure_internet_servers_per_million_people,IT.NET.SECR.P6,EUU,2019,41864.3620313799
secure_internet_servers_per_million_people,IT.NET.SECR.P6,HPC,2022,29.4416357493279
secure_internet_servers_per_million_people,IT.NET.SECR.P6,HPC,2021,25.7061066278153
secure_internet_servers_per_million_people,IT.NET.SECR.P6,HPC,2020,23.1879672264103
secure_internet_servers_per_million_people,IT.NET.SECR.P6,HPC,2019,18.805400412823
secure_internet_servers_per_million_people,IT.NET.SECR.P6,IBD,2022,2919.28489131003
secure_internet_servers_per_million_people,IT.NET.SECR.P6,IBD,2021,2484.87419459239
secure_internet_servers_per_million_people,IT.NET.SECR.P6,IBD,2020,2137.88573833098
secure_internet_servers_per_million_people,IT.NET.SECR.P6,IBD,2019,1752.11080523155
secure_internet_servers_per_million_people,IT.NET.SECR.P6,IBT,2022,2168.86316299487
secure_internet_servers_per_million_people,IT.NET.SECR.P6,IBT,2021,1854.07492150453
secure_internet_servers_per_million_people,IT.NET.SECR.P6,IBT,2020,1595.53358291682
secure_internet_servers_per_million_people,IT.NET.SECR.P6,IBT,2019,1307.10427099884
secure_internet_servers_per_million_people,IT.NET.SECR.P6,IDB,2022,352.580823565487
secure_internet_servers_per_million_people,IT.NET.SECR.P6,IDB,2021,316.103197083649
secure_internet_servers_per_million_people,IT.NET.SECR.P6,IDB,2020,201.166167623404
secure_internet_servers_per_million_people,IT.NET.SECR.P6,IDB,2019,127.242339234408
secure_internet_servers_per_million_people,IT.NET.SECR.P6,IDX,2022,94.1730937309003
secure_internet_servers_per_million_people,IT.NET.SECR.P6,IDX,2021,73.2956388623351
secure_internet_servers_per_million_people,IT.NET.SECR.P6,IDX,2020,54.6718185359448
secure_internet_servers_per_million_people,IT.NET.SECR.P6,IDX,2019,42.9636560591384
secure_internet_servers_per_million_people,IT.NET.SECR.P6,IDA,2022,184.558580157146
secure_internet_servers_per_million_people,IT.NET.SECR.P6,IDA,2021,158.35116948489
secure_internet_servers_per_million_people,IT.NET.SECR.P6,IDA,2020,105.543431359096
secure_internet_servers_per_million_people,IT.NET.SECR.P6,IDA,2019,72.5933684843381
secure_internet_servers_per_million_people,IT.NET.SECR.P6,LTE,2022,4410.0498128926
secure_internet_servers_per_million_people,IT.NET.SECR.P6,LTE,2021,3735.43109583499
secure_internet_servers_per_million_people,IT.NET.SECR.P6,LTE,2020,3199.71813323452
secure_internet_servers_per_million_people,IT.NET.SECR.P6,LTE,2019,2585.54691831141
secure_internet_servers_per_million_people,IT.NET.SECR.P6,LCN,2022,2921.88369646863
secure_internet_servers_per_million_people,IT.NET.SECR.P6,LCN,2021,2430.60732366062
secure_internet_servers_per_million_people,IT.NET.SECR.P6,LCN,2020,1984.61750288386
secure_internet_servers_per_million_people,IT.NET.SECR.P6,LCN,2019,1683.36977514818
secure_internet_servers_per_million_people,IT.NET.SECR.P6,LAC,2022,2468.49356602537
secure_internet_servers_per_million_people,IT.NET.SECR.P6,LAC,2021,2021.26277168832
secure_internet_servers_per_million_people,IT.NET.SECR.P6,LAC,2020,1625.1659906739
secure_internet_servers_per_million_people,IT.NET.SECR.P6,LAC,2019,1394.72529850351
secure_internet_servers_per_million_people,IT.NET.SECR.P6,TLA,2022,2785.29425227007
secure_internet_servers_per_million_people,IT.NET.SECR.P6,TLA,2021,2373.85511664744
secure_internet_servers_per_million_people,IT.NET.SECR.P6,TLA,2020,1988.51673632952
secure_internet_servers_per_million_people,IT.NET.SECR.P6,TLA,2019,1711.28049063642
secure_internet_servers_per_million_people,IT.NET.SECR.P6,LDC,2022,80.8211632022535
secure_internet_servers_per_million_people,IT.NET.SECR.P6,LDC,2021,59.3900345321316
secure_internet_servers_per_million_people,IT.NET.SECR.P6,LDC,2020,42.8832218734991
secure_internet_servers_per_million_people,IT.NET.SECR.P6,LDC,2019,33.2812959624651
secure_internet_servers_per_million_people,IT.NET.SECR.P6,LMY,2022,1419.02696385767
secure_internet_servers_per_million_people,IT.NET.SECR.P6,LMY,2021,1193.96189797148
secure_internet_servers_per_million_people,IT.NET.SECR.P6,LMY,2020,1028.57188271657
secure_internet_servers_per_million_people,IT.NET.SECR.P6,LMY,2019,865.405863106514
secure_internet_servers_per_million_people,IT.NET.SECR.P6,MEA,2022,1063.57598812191
secure_internet_servers_per_million_people,IT.NET.SECR.P6,MEA,2021,659.324137279617
secure_internet_servers_per_million_people,IT.NET.SECR.P6,MEA,2020,539.825686383594
secure_internet_servers_per_million_people,IT.NET.SECR.P6,MEA,2019,365.821609158566
secure_internet_servers_per_million_people,IT.NET.SECR.P6,MNA,2022,928.686615994369
secure_internet_servers_per_million_people,IT.NET.SECR.P6,MNA,2021,477.732692166717
secure_internet_servers_per_million_people,IT.NET.SECR.P6,MNA,2020,375.877201127624
secure_internet_servers_per_million_people,IT.NET.SECR.P6,MNA,2019,199.914474401195
secure_internet_servers_per_million_people,IT.NET.SECR.P6,TMN,2022,931.598825069473
secure_internet_servers_per_million_people,IT.NET.SECR.P6,TMN,2021,476.913232090412
secure_internet_servers_per_million_people,IT.NET.SECR.P6,TMN,2020,374.761120575388
secure_internet_servers_per_million_people,IT.NET.SECR.P6,TMN,2019,197.433969226518
secure_internet_servers_per_million_people,IT.NET.SECR.P6,MIC,2022,1587.5576487934
secure_internet_servers_per_million_people,IT.NET.SECR.P6,MIC,2021,1333.15629206038
secure_internet_servers_per_million_people,IT.NET.SECR.P6,MIC,2020,1146.54069526829
secure_internet_servers_per_million_people,IT.NET.SECR.P6,MIC,2019,958.897337962872
secure_internet_servers_per_million_people,IT.NET.SECR.P6,NAC,2022,165931.536342536
secure_internet_servers_per_million_people,IT.NET.SECR.P6,NAC,2021,145215.004547
secure_internet_servers_per_million_people,IT.NET.SECR.P6,NAC,2020,130370.92667265
secure_internet_servers_per_million_people,IT.NET.SECR.P6,NAC,2019,114311.831315144
secure_internet_servers_per_million_people,IT.NET.SECR.P6,OED,2022,73334.325210227
secure_internet_servers_per_million_people,IT.NET.SECR.P6,OED,2021,64895.3650819105
secure_internet_servers_per_million_people,IT.NET.SECR.P6,OED,2020,57593.4558479909
secure_internet_servers_per_million_people,IT.NET.SECR.P6,OED,2019,49791.6524115347
secure_internet_servers_per_million_people,IT.NET.SECR.P6,OSS,2022,21772.2569602894
secure_internet_servers_per_million_people,IT.NET.SECR.P6,OSS,2021,20197.9940980182
secure_internet_servers_per_million_people,IT.NET.SECR.P6,OSS,2020,15847.5253905166
secure_internet_servers_per_million_people,IT.NET.SECR.P6,OSS,2019,13871.9500155798
secure_internet_servers_per_million_people,IT.NET.SECR.P6,PSS,2022,484.930812646905
secure_internet_servers_per_million_people,IT.NET.SECR.P6,PSS,2021,542.755208259934
secure_internet_servers_per_million_people,IT.NET.SECR.P6,PSS,2020,256.210504091277
secure_internet_servers_per_million_people,IT.NET.SECR.P6,PSS,2019,197.882810358266
secure_internet_servers_per_million_people,IT.NET.SECR.P6,PST,2022,90012.2093929137
secure_internet_servers_per_million_people,IT.NET.SECR.P6,PST,2021,79255.8226258319
secure_internet_servers_per_million_people,IT.NET.SECR.P6,PST,2020,69993.1627810131
secure_internet_servers_per_million_people,IT.NET.SECR.P6,PST,2019,60534.6571140647
secure_internet_servers_per_million_people,IT.NET.SECR.P6,PRE,2022,43.0964039608855
secure_internet_servers_per_million_people,IT.NET.SECR.P6,PRE,2021,41.9592188657679
secure_internet_servers_per_million_people,IT.NET.SECR.P6,PRE,2020,41.6901114660741
secure_internet_servers_per_million_people,IT.NET.SECR.P6,PRE,2019,39.7505048487051
secure_internet_servers_per_million_people,IT.NET.SECR.P6,SST,2022,21447.8739156707
secure_internet_servers_per_million_people,IT.NET.SECR.P6,SST,2021,19881.0488294916
secure_internet_servers_per_million_people,IT.NET.SECR.P6,SST,2020,13307.9761014663
secure_internet_servers_per_million_people,IT.NET.SECR.P6,SST,2019,9865.41410665119
secure_internet_servers_per_million_people,IT.NET.SECR.P6,SAS,2022,678.894724740266
secure_internet_servers_per_million_people,IT.NET.SECR.P6,SAS,2021,492.560076492391
secure_internet_servers_per_million_people,IT.NET.SECR.P6,SAS,2020,432.433221499184
secure_internet_servers_per_million_people,IT.NET.SECR.P6,SAS,2019,349.726833466638
secure_internet_servers_per_million_people,IT.NET.SECR.P6,TSA,2022,678.894724740266
secure_internet_servers_per_million_people,IT.NET.SECR.P6,TSA,2021,492.560076492391
secure_internet_servers_per_million_people,IT.NET.SECR.P6,TSA,2020,432.433221499184
secure_internet_servers_per_million_people,IT.NET.SECR.P6,TSA,2019,349.726833466638
secure_internet_servers_per_million_people,IT.NET.SECR.P6,SSF,2022,809.078450680246
secure_internet_servers_per_million_people,IT.NET.SECR.P6,SSF,2021,871.900007836105
secure_internet_servers_per_million_people,IT.NET.SECR.P6,SSF,2020,777.499984729917
secure_internet_servers_per_million_people,IT.NET.SECR.P6,SSF,2019,783.937266467509
secure_internet_servers_per_million_people,IT.NET.SECR.P6,SSA,2022,804.103961142536
secure_internet_servers_per_million_people,IT.NET.SECR.P6,SSA,2021,866.141554555055
secure_internet_servers_per_million_people,IT.NET.SECR.P6,SSA,2020,772.414140424073
secure_internet_servers_per_million_people,IT.NET.SECR.P6,SSA,2019,775.735690225412
secure_internet_servers_per_million_people,IT.NET.SECR.P6,TSS,2022,809.078450680246
secure_internet_servers_per_million_people,IT.NET.SECR.P6,TSS,2021,871.900007836105
secure_internet_servers_per_million_people,IT.NET.SECR.P6,TSS,2020,777.499984729917
secure_internet_servers_per_million_people,IT.NET.SECR.P6,TSS,2019,783.937266467509
secure_internet_servers_per_million_people,IT.NET.SECR.P6,WLD,2022,14531.0793870017
secure_internet_servers_per_million_people,IT.NET.SECR.P6,WLD,2021,12810.3266903219
secure_internet_servers_per_million_people,IT.NET.SECR.P6,WLD,2020,11368.4985191348
secure_internet_servers_per_million_people,IT.NET.SECR.P6,WLD,2019,9855.61715961909
secure_internet_servers_per_million_people,IT.NET.SECR.P6,AFG,2022,36.7432860701151
secure_internet_servers_per_million_people,IT.NET.SECR.P6,AFG,2021,39.1245970166507
secure_internet_servers_per_million_people,IT.NET.SECR.P6,AFG,2020,34.861417801576
secure_internet_servers_per_million_people,IT.NET.SECR.P6,AFG,2019,27.6573503133086
secure_internet_servers_per_million_people,IT.NET.SECR.P6,ALB,2022,1254.67239019169
secure_internet_servers_per_million_people,IT.NET.SECR.P6,ALB,2021,1115.76929843093
secure_internet_servers_per_million_people,IT.NET.SECR.P6,ALB,2020,993.086755679302
secure_internet_servers_per_million_people,IT.NET.SECR.P6,ALB,2019,852.869829087223
secure_internet_servers_per_million_people,IT.NET.SECR.P6,DZA,2022,75.0702728338252
secure_internet_servers_per_million_people,IT.NET.SECR.P6,DZA,2021,62.1075009798128
secure_internet_servers_per_million_people,IT.NET.SECR.P6,DZA,2020,47.8178931150204
secure_internet_servers_per_million_people,IT.NET.SECR.P6,DZA,2019,49.7522251417072
secure_internet_servers_per_million_people,IT.NET.SECR.P6,ASM,2022,351.661081461255
secure_internet_servers_per_million_people,IT.NET.SECR.P6,ASM,2021,426.6124936516
secure_internet_servers_per_million_people,IT.NET.SECR.P6,ASM,2020,241.152709953578
secure_internet_servers_per_million_people,IT.NET.SECR.P6,ASM,2019,378.418211874365
secure_internet_servers_per_million_people,IT.NET.SECR.P6,AND,2022,13725.6131986701
secure_internet_servers_per_million_people,IT.NET.SECR.P6,AND,2021,11280.6901128069
secure_internet_servers_per_million_people,IT.NET.SECR.P6,AND,2020,9705.35021969501
secure_internet_servers_per_million_people,IT.NET.SECR.P6,AND,2019,20359.8608677459
secure_internet_servers_per_million_people,IT.NET.SECR.P6,AGO,2022,36.5370826553838
secure_internet_servers_per_million_people,IT.NET.SECR.P6,AGO,2021,26.1782917153033
secure_internet_servers_per_million_people,IT.NET.SECR.P6,AGO,2020,19.7302740008918
secure_internet_servers_per_million_people,IT.NET.SECR.P6,AGO,2019,14.4862036978923
secure_internet_servers_per_million_people,IT.NET.SECR.P6,ATG,2022,829.383886255924
secure_internet_servers_per_million_people,IT.NET.SECR.P6,ATG,2021,801.308081300285
secure_internet_servers_per_million_people,IT.NET.SECR.P6,ATG,2020,1328.31043268079
secure_internet_servers_per_million_people,IT.NET.SECR.P6,ATG,2019,952.235015980036
secure_internet_servers_per_million_people,IT.NET.SECR.P6,ARG,2022,5287.33940240888
secure_internet_servers_per_million_people,IT.NET.SECR.P6,ARG,2021,5116.36127962748
secure_internet_servers_per_million_people,IT.NET.SECR.P6,ARG,2020,3700.83487186273
secure_internet_servers_per_million_people,IT.NET.SECR.P6,ARG,2019,3016.15630461206
secure_internet_servers_per_million_people,IT.NET.SECR.P6,ARM,2022,862.185100363734
secure_internet_servers_per_million_people,IT.NET.SECR.P6,ARM,2021,712.95952469365
secure_internet_servers_per_million_people,IT.NET.SECR.P6,ARM,2020,587.877764646294
secure_internet_servers_per_million_people,IT.NET.SECR.P6,ARM,2019,477.974683544304
secure_internet_servers_per_million_people,IT.NET.SECR.P6,ABW,2022,1621.47050601062
secure_internet_servers_per_million_people,IT.NET.SECR.P6,ABW,2021,1643.45403899721
secure_internet_servers_per_million_people,IT.NET.SECR.P6,ABW,2020,1556.3557331909
secure_internet_servers_per_million_people,IT.NET.SECR.P6,ABW,2019,1364.43138009029
secure_internet_servers_per_million_people,IT.NET.SECR.P6,AUS,2022,48266.9382557275
secure_internet_servers_per_million_people,IT.NET.SECR.P6,AUS,2021,46481.5592601746
secure_internet_servers_per_million_people,IT.NET.SECR.P6,AUS,2020,39862.7281392421
secure_internet_servers_per_million_people,IT.NET.SECR.P6,AUS,2019,36763.583850941
secure_internet_servers_per_million_people,IT.NET.SECR.P6,AUT,2022,39544.447259748
secure_internet_servers_per_million_people,IT.NET.SECR.P6,AUT,2021,39775.2427840872
secure_internet_servers_per_million_people,IT.NET.SECR.P6,AUT,2020,33802.6911703487
secure_internet_servers_per_million_people,IT.NET.SECR.P6,AUT,2019,26298.32250741
secure_internet_servers_per_million_people,IT.NET.SECR.P6,AZE,2022,544.580248233146
secure_internet_servers_per_million_people,IT.NET.SECR.P6,AZE,2021,416.857784025055
secure_internet_servers_per_million_people,IT.NET.SECR.P6,AZE,2020,299.312769558593
secure_internet_servers_per_million_people,IT.NET.SECR.P6,AZE,2019,368.804432197295
secure_internet_servers_per_million_people,IT.NET.SECR.P6,BHS,2022,5189.44100941294
secure_internet_servers_per_million_people,IT.NET.SECR.P6,BHS,2021,2765.07229301693
secure_internet_servers_per_million_people,IT.NET.SECR.P6,BHS,2020,1252.95872561972
secure_internet_servers_per_million_people,IT.NET.SECR.P6,BHS,2019,1565.84531576614
secure_internet_servers_per_million_people,IT.NET.SECR.P6,BHR,2022,5210.2292067977
secure_internet_servers_per_million_people,IT.NET.SECR.P6,BHR,2021,3892.00759124282
secure_internet_servers_per_million_people,IT.NET.SECR.P6,BHR,2020,453.062211486995
secure_internet_servers_per_million_people,IT.NET.SECR.P6,BHR,2019,429.989836603862
secure_internet_servers_per_million_people,IT.NET.SECR.P6,BGD,2022,329.568934354283
secure_internet_servers_per_million_people,IT.NET.SECR.P6,BGD,2021,228.70847011754
secure_internet_servers_per_million_people,IT.NET.SECR.P6,BGD,2020,138.817043310148
secure_internet_servers_per_million_people,IT.NET.SECR.P6,BGD,2019,99.0461307020236
secure_internet_servers_per_million_people,IT.NET.SECR.P6,BRB,2022,981.16308559851
secure_internet_servers_per_million_people,IT.NET.SECR.P6,BRB,2021,914.416952864996
secure_internet_servers_per_million_people,IT.NET.SECR.P6,BRB,2020,1057.87048541346
secure_internet_servers_per_million_people,IT.NET.SECR.P6,BRB,2019,960.146795776777
secure_internet_servers_per_million_people,IT.NET.SECR.P6,BLR,2022,10278.4211348179
secure_internet_servers_per_million_people,IT.NET.SECR.P6,BLR,2021,9313.43277164358
secure_internet_servers_per_million_people,IT.NET.SECR.P6,BLR,2020,7550.57168736045
secure_internet_servers_per_million_people,IT.NET.SECR.P6,BLR,2019,5750.67852061592
secure_internet_servers_per_million_people,IT.NET.SECR.P6,BEL,2022,30850.8151822613
secure_internet_servers_per_million_people,IT.NET.SECR.P6,BEL,2021,28369.365438783
secure_internet_servers_per_million_people,IT.NET.SECR.P6,BEL,2020,24215.3210215031
secure_internet_servers_per_million_people,IT.NET.SECR.P6,BEL,2019,19655.5307781892
secure_internet_servers_per_million_people,IT.NET.SECR.P6,BLZ,2022,342412.963427382
secure_internet_servers_per_million_people,IT.NET.SECR.P6,BLZ,2021,319745.235818751
secure_internet_servers_per_million_people,IT.NET.SECR.P6,BLZ,2020,133632.027675711
secure_internet_servers_per_million_people,IT.NET.SECR.P6,BLZ,2019,42674.3453706175
secure_internet_servers_per_million_people,IT.NET.SECR.P6,BEN,2022,8.2125071250767
secure_internet_servers_per_million_people,IT.NET.SECR.P6,BEN,2021,21.7692479105063
secure_internet_servers_per_million_people,IT.NET.SECR.P6,BEN,2020,17.2912836857733
secure_internet_servers_per_million_people,IT.NET.SECR.P6,BEN,2019,9.19323111036553
secure_internet_servers_per_million_people,IT.NET.SECR.P6,BMU,2022,5498.15441165114
secure_internet_servers_per_million_people,IT.NET.SECR.P6,BMU,2021,6171.88466773914
secure_internet_servers_per_million_people,IT.NET.SECR.P6,BMU,2020,7517.62915100494
secure_internet_servers_per_million_people,IT.NET.SECR.P6,BMU,2019,7674.66891291123
secure_internet_servers_per_million_people,IT.NET.SECR.P6,BTN,2022,1024.44059140955
secure_internet_servers_per_million_people,IT.NET.SECR.P6,BTN,2021,816.308634301469
secure_internet_servers_per_million_people,IT.NET.SECR.P6,BTN,2020,684.410251348691
secure_internet_servers_per_million_people,IT.NET.SECR.P6,BTN,2019,477.233978013242
secure_internet_servers_per_million_people,IT.NET.SECR.P6,BOL,2022,275.975614784741
secure_internet_servers_per_million_people,IT.NET.SECR.P6,BOL,2021,244.526427953919
secure_internet_servers_per_million_people,IT.NET.SECR.P6,BOL,2020,207.509982609614
secure_internet_servers_per_million_people,IT.NET.SECR.P6,BOL,2019,170.245419010219
secure_internet_servers_per_million_people,IT.NET.SECR.P6,BIH,2022,4776.58214142403
secure_internet_servers_per_million_people,IT.NET.SECR.P6,BIH,2021,3956.6619320677
secure_internet_servers_per_million_people,IT.NET.SECR.P6,BIH,2020,3146.68136047445
secure_internet_servers_per_million_people,IT.NET.SECR.P6,BIH,2019,2620.80810441864
secure_internet_servers_per_million_people,IT.NET.SECR.P6,BWA,2022,369.688494408769
secure_internet_servers_per_million_people,IT.NET.SECR.P6,BWA,2021,335.215397754931
secure_internet_servers_per_million_people,IT.NET.SECR.P6,BWA,2020,262.057387186408
secure_internet_servers_per_million_people,IT.NET.SECR.P6,BWA,2019,208.397385513294
secure_internet_servers_per_million_people,IT.NET.SECR.P6,BRA,2022,4685.09246377482
secure_internet_servers_per_million_people,IT.NET.SECR.P6,BRA,2021,3546.59010881655
secure_internet_servers_per_million_people,IT.NET.SECR.P6,BRA,2020,3144.86893520731
secure_internet_servers_per_million_people,IT.NET.SECR.P6,BRA,2019,2788.39613470957
secure_internet_servers_per_million_people,IT.NET.SECR.P6,VGB,2022,3262663.43067408
secure_internet_servers_per_million_people,IT.NET.SECR.P6,VGB,2021,1797058.90131979
secure_internet_servers_per_million_people,IT.NET.SECR.P6,VGB,2020,603419.954221085
secure_internet_servers_per_million_people,IT.NET.SECR.P6,VGB,2019,113147.410358566
secure_internet_servers_per_million_people,IT.NET.SECR.P6,BRN,2022,21094.9337901047
secure_internet_servers_per_million_people,IT.NET.SECR.P6,BRN,2021,14092.769652064
secure_internet_servers_per_million_people,IT.NET.SECR.P6,BRN,2020,15399.9517214866
secure_internet_servers_per_million_people,IT.NET.SECR.P6,BRN,2019,10492.9068401554
secure_internet_servers_per_million_people,IT.NET.SECR.P6,BGR,2022,57819.5501165721
secure_internet_servers_per_million_people,IT.NET.SECR.P6,BGR,2021,55100.7245553879
secure_internet_servers_per_million_people,IT.NET.SECR.P6,BGR,2020,50889.4016757914
secure_internet_servers_per_million_people,IT.NET.SECR.P6,BGR,2019,42421.4331982313
secure_internet_servers_per_million_people,IT.NET.SECR.P6,BFA,2022,21.7246068001662
secure_internet_servers_per_million_people,IT.NET.SECR.P6,BFA,2021,11.0478433905004
secure_internet_servers_per_million_people,IT.NET.SECR.P6,BFA,2020,5.81972178005269
secure_internet_servers_per_million_people,IT.NET.SECR.P6,BFA,2019,3.29167817958938
secure_internet_servers_per_million_people,IT.NET.SECR.P6,BDI,2022,10.8099205343224
secure_internet_servers_per_million_people,IT.NET.SECR.P6,BDI,2021,6.32448576338973
secure_internet_servers_per_million_people,IT.NET.SECR.P6,BDI,2020,8.16356551570432
secure_internet_servers_per_million_people,IT.NET.SECR.P6,BDI,2019,8.64929366277677
secure_internet_servers_per_million_people,IT.NET.SECR.P6,CPV,2022,777.310237214305
secure_internet_servers_per_million_people,IT.NET.SECR.P6,CPV,2021,648.40926818788
secure_internet_servers_per_million_people,IT.NET.SECR.P6,CPV,2020,192.352903460215
secure_internet_servers_per_million_people,IT.NET.SECR.P6,CPV,2019,587.429780744752
secure_internet_servers_per_million_people,IT.NET.SECR.P6,KHM,2022,183.469982427343
secure_internet_servers_per_million_people,IT.NET.SECR.P6,KHM,2021,166.36910907398
secure_internet_servers_per_million_people,IT.NET.SECR.P6,KHM,2020,188.455047671594
secure_internet_servers_per_million_people,IT.NET.SECR.P6,KHM,2019,159.332052852129
secure_internet_servers_per_million_people,IT.NET.SECR.P6,CMR,2022,15.1993442858119
secure_internet_servers_per_million_people,IT.NET.SECR.P6,CMR,2021,17.4618897970475
secure_internet_servers_per_million_people,IT.NET.SECR.P6,CMR,2020,16.9397385587899
secure_internet_servers_per_million_people,IT.NET.SECR.P6,CMR,2019,15.3688755569992
secure_internet_servers_per_million_people,IT.NET.SECR.P6,CAN,2022,43637.3874162994
secure_internet_servers_per_million_people,IT.NET.SECR.P6,CAN,2021,43542.2312171403
secure_internet_servers_per_million_people,IT.NET.SECR.P6,CAN,2020,39858.7243645171
secure_internet_servers_per_million_people,IT.NET.SECR.P6,CAN,2019,35872.9396271701
secure_internet_servers_per_million_people,IT.NET.SECR.P6,CYM,2022,5182.21564163093
secure_internet_servers_per_million_people,IT.NET.SECR.P6,CYM,2021,5762.53779882467
secure_internet_servers_per_million_people,IT.NET.SECR.P6,CYM,2020,29147.9820627803
secure_internet_servers_per_million_people,IT.NET.SECR.P6,CYM,2019,16353.0233041722
secure_internet_servers_per_million_people,IT.NET.SECR.P6,CAF,2022,1.96153854452663
secure_internet_servers_per_million_people,IT.NET.SECR.P6,CAF,2021,0.978071633966472
secure_internet_servers_per_million_people,IT.NET.SECR.P6,CAF,2020,1.1936431341249
secure_internet_servers_per_million_people,IT.NET.SECR.P6,CAF,2019,1.01118307813432
secure_internet_servers_per_million_people,IT.NET.SECR.P6,TCD,2022,0.866958875155538
secure_internet_servers_per_million_people,IT.NET.SECR.P6,TCD,2021,1.23399501454796
secure_internet_servers_per_million_people,IT.NET.SECR.P6,TCD,2020,1.21918092058494
secure_internet_servers_per_million_people,IT.NET.SECR.P6,TCD,2019,0.659265986436022
secure_internet_servers_per_million_people,IT.NET.SECR.P6,CHL,2022,11563.2682310819
secure_internet_servers_per_million_people,IT.NET.SECR.P6,CHL,2021,12724.956304718
secure_internet_servers_per_million_people,IT.NET.SECR.P6,CHL,2020,12744.8656274573
secure_internet_servers_per_million_people,IT.NET.SECR.P6,CHL,2019,10872.7358797992
secure_internet_servers_per_million_people,IT.NET.SECR.P6,CHN,2022,1317.31265600935
secure_internet_servers_per_million_people,IT.NET.SECR.P6,CHN,2021,1083.91132572432
secure_internet_servers_per_million_people,IT.NET.SECR.P6,CHN,2020,948.458649280703
secure_internet_servers_per_million_people,IT.NET.SECR.P6,CHN,2019,729.738695573417
secure_internet_servers_per_million_people,IT.NET.SECR.P6,COL,2022,669.643927095364
secure_internet_servers_per_million_people,IT.NET.SECR.P6,COL,2021,646.067207751291
secure_internet_servers_per_million_people,IT.NET.SECR.P6,COL,2020,407.78197162445
secure_internet_servers_per_million_people,IT.NET.SECR.P6,COL,2019,787.409068909514
secure_internet_servers_per_million_people,IT.NET.SECR.P6,COM,2022,26.3729519005308
secure_internet_servers_per_million_people,IT.NET.SECR.P6,COM,2021,18.3335085201925
secure_internet_servers_per_million_people,IT.NET.SECR.P6,COM,2020,9.97303540552232
secure_internet_servers_per_million_people,IT.NET.SECR.P6,COM,2019,7.62797840773579
secure_internet_servers_per_million_people,IT.NET.SECR.P6,COD,2022,5.95720763919494
secure_internet_servers_per_million_people,IT.NET.SECR.P6,COD,2021,4.70000019768241
secure_internet_servers_per_million_people,IT.NET.SECR.P6,COD,2020,3.59412446284247
secure_internet_servers_per_million_people,IT.NET.SECR.P6,COD,2019,2.8295560839641
secure_internet_servers_per_million_people,IT.NET.SECR.P6,COG,2022,11.7645031469217
secure_internet_servers_per_million_people,IT.NET.SECR.P6,COG,2021,10.1829831150865
secure_internet_servers_per_million_people,IT.NET.SECR.P6,COG,2020,7.99611875348852
secure_internet_servers_per_million_people,IT.NET.SECR.P6,COG,2019,5.87537684756121
secure_internet_servers_per_million_people,IT.NET.SECR.P6,CRI,2022,1892.8462847062
secure_internet_servers_per_million_people,IT.NET.SECR.P6,CRI,2021,1720.95269791154
secure_internet_servers_per_million_people,IT.NET.SECR.P6,CRI,2020,1335.23494732158
secure_internet_servers_per_million_people,IT.NET.SECR.P6,CRI,2019,1322.91826889324
secure_internet_servers_per_million_people,IT.NET.SECR.P6,CIV,2022,65.8331919175396
secure_internet_servers_per_million_people,IT.NET.SECR.P6,CIV,2021,56.4444973464001
secure_internet_servers_per_million_people,IT.NET.SECR.P6,CIV,2020,51.6332981721985
secure_internet_servers_per_million_people,IT.NET.SECR.P6,CIV,2019,40.612905135454
secure_internet_servers_per_million_people,IT.NET.SECR.P6,HRV,2022,29826.9470627582
secure_internet_servers_per_million_people,IT.NET.SECR.P6,HRV,2021,25479.3720309535
secure_internet_servers_per_million_people,IT.NET.SECR.P6,HRV,2020,23114.2663416284
secure_internet_servers_per_million_people,IT.NET.SECR.P6,HRV,2019,23423.1109107989
secure_internet_servers_per_million_people,IT.NET.SECR.P6,CUB,2022,141.322372335174
secure_internet_servers_per_million_people,IT.NET.SECR.P6,CUB,2021,108.701828636287
secure_internet_servers_per_million_people,IT.NET.SECR.P6,CUB,2020,69.3428286183491
secure_internet_servers_per_million_people,IT.NET.SECR.P6,CUB,2019,35.7944757965967
secure_internet_servers_per_million_people,IT.NET.SECR.P6,CUW,2022,4956.92044794907
secure_internet_servers_per_million_people,IT.NET.SECR.P6,CUW,2021,4897.75768441292
secure_internet_servers_per_million_people,IT.NET.SECR.P6,CUW,2020,4727.23530698087
secure_internet_servers_per_million_people,IT.NET.SECR.P6,CUW,2019,4109.47593066609
secure_internet_servers_per_million_people,IT.NET.SECR.P6,CYP,2022,58909.2438615862
secure_internet_servers_per_million_people,IT.NET.SECR.P6,CYP,2021,55321.8720892365
secure_internet_servers_per_million_people,IT.NET.SECR.P6,CYP,2020,23168.4158228047
secure_internet_servers_per_million_people,IT.NET.SECR.P6,CYP,2019,7658.52342984337
secure_internet_servers_per_million_people,IT.NET.SECR.P6,CZE,2022,85606.0624517083
secure_internet_servers_per_million_people,IT.NET.SECR.P6,CZE,2021,75932.7348813586
secure_internet_servers_per_million_people,IT.NET.SECR.P6,CZE,2020,67601.7572863652
secure_internet_servers_per_million_people,IT.NET.SECR.P6,CZE,2019,56186.8725912141
secure_internet_servers_per_million_people,IT.NET.SECR.P6,DNK,2022,258760.024712703
secure_internet_servers_per_million_people,IT.NET.SECR.P6,DNK,2021,259654.486554193
secure_internet_servers_per_million_people,IT.NET.SECR.P6,DNK,2020,277081.814259482
secure_internet_servers_per_million_people,IT.NET.SECR.P6,DNK,2019,277330.575592896
secure_internet_servers_per_million_people,IT.NET.SECR.P6,DJI,2022,55.4042930412208
secure_internet_servers_per_million_people,IT.NET.SECR.P6,DJI,2021,46.3768943177602
secure_internet_servers_per_million_people,IT.NET.SECR.P6,DJI,2020,44.3363482050113
secure_internet_servers_per_million_people,IT.NET.SECR.P6,DJI,2019,40.4148399618263
secure_internet_servers_per_million_people,IT.NET.SECR.P6,DMA,2022,59198.5155478407
secure_internet_servers_per_million_people,IT.NET.SECR.P6,DMA,2021,55117.4072200232
secure_internet_servers_per_million_people,IT.NET.SECR.P6,DMA,2020,49990.3807733858
secure_internet_servers_per_million_people,IT.NET.SECR.P6,DMA,2019,10385.975250442
secure_internet_servers_per_million_people,IT.NET.SECR.P6,DOM,2022,183.336191561478
secure_internet_servers_per_million_people,IT.NET.SECR.P6,DOM,2021,142.131830014287
secure_internet_servers_per_million_people,IT.NET.SECR.P6,DOM,2020,124.905752931879
secure_internet_servers_per_million_people,IT.NET.SECR.P6,DOM,2019,111.528841955186
secure_internet_servers_per_million_people,IT.NET.SECR.P6,ECU,2022,837.022341410523
secure_internet_servers_per_million_people,IT.NET.SECR.P6,ECU,2021,431.840512634728
secure_internet_servers_per_million_people,IT.NET.SECR.P6,ECU,2020,382.4789204873
secure_internet_servers_per_million_people,IT.NET.SECR.P6,ECU,2019,314.186470708426
secure_internet_servers_per_million_people,IT.NET.SECR.P6,EGY,2022,48.1804680857676
secure_internet_servers_per_million_people,IT.NET.SECR.P6,EGY,2021,38.0868236821959
secure_internet_servers_per_million_people,IT.NET.SECR.P6,EGY,2020,41.1928362263944
secure_internet_servers_per_million_people,IT.NET.SECR.P6,EGY,2019,32.979040931555
secure_internet_servers_per_million_people,IT.NET.SECR.P6,SLV,2022,173.398835313939
secure_internet_servers_per_million_people,IT.NET.SECR.P6,SLV,2021,154.257293492644
secure_internet_servers_per_million_people,IT.NET.SECR.P6,SLV,2020,140.504562147846
secure_internet_servers_per_million_people,IT.NET.SECR.P6,SLV,2019,97.712781635397
secure_internet_servers_per_million_people,IT.NET.SECR.P6,GNQ,2022,36.5945956435797
secure_internet_servers_per_million_people,IT.NET.SECR.P6,GNQ,2021,19.9000901758372
secure_internet_servers_per_million_people,IT.NET.SECR.P6,GNQ,2020,27.3818096230166
secure_internet_servers_per_million_people,IT.NET.SECR.P6,GNQ,2019,16.1659512734279
secure_internet_servers_per_million_people,IT.NET.SECR.P6,ERI,2022,0.879908090666903
secure_internet_servers_per_million_people,IT.NET.SECR.P6,ERI,2021,0.89547347115068
secure_internet_servers_per_million_people,IT.NET.SECR.P6,ERI,2020,0.911501969907674
secure_internet_servers_per_million_people,IT.NET.SECR.P6,ERI,2019,0.925870488001644
secure_internet_servers_per_million_people,IT.NET.SECR.P6,EST,2022,104101.301859375
secure_internet_servers_per_million_people,IT.NET.SECR.P6,EST,2021,96297.9325765704
secure_internet_servers_per_million_people,IT.NET.SECR.P6,EST,2020,84354.3769866162
secure_internet_servers_per_million_people,IT.NET.SECR.P6,EST,2019,83313.1107289332
secure_internet_servers_per_million_people,IT.NET.SECR.P6,SWZ,2022,109.933654219278
secure_internet_servers_per_million_people,IT.NET.SECR.P6,SWZ,2021,87.8506671263632
secure_internet_servers_per_million_people,IT.NET.SECR.P6,SWZ,2020,107.316917757512
secure_internet_servers_per_million_people,IT.NET.SECR.P6,SWZ,2019,90.6876496981881
secure_internet_servers_per_million_people,IT.NET.SECR.P6,ETH,2022,9.00431806100233
secure_internet_servers_per_million_people,IT.NET.SECR.P6,ETH,2021,7.19674276896013
secure_internet_servers_per_million_people,IT.NET.SECR.P6,ETH,2020,5.49960316663114
secure_internet_servers_per_million_people,IT.NET.SECR.P6,ETH,2019,1.42564135911039
secure_internet_servers_per_million_people,IT.NET.SECR.P6,FRO,2022,7105.35591711037
secure_internet_servers_per_million_people,IT.NET.SECR.P6,FRO,2021,6305.00459739919
secure_internet_servers_per_million_people,IT.NET.SECR.P6,FRO,2020,5593.50088468636
secure_internet_servers_per_million_people,IT.NET.SECR.P6,FRO,2019,4692.02548754586
secure_internet_servers_per_million_people,IT.NET.SECR.P6,FJI,2022,253.420083487234
secure_internet_servers_per_million_people,IT.NET.SECR.P6,FJI,2021,255.260381952436
secure_internet_servers_per_million_people,IT.NET.SECR.P6,FJI,2020,260.119808123389
secure_internet_servers_per_million_people,IT.NET.SECR.P6,FJI,2019,204.394146239093
secure_internet_servers_per_million_people,IT.NET.SECR.P6,FIN,2022,131286.012181913
secure_internet_servers_per_million_people,IT.NET.SECR.P6,FIN,2021,104960.876315666
secure_internet_servers_per_million_people,IT.NET.SECR.P6,FIN,2020,81650.5089118576
secure_internet_servers_per_million_people,IT.NET.SECR.P6,FIN,2019,57692.6350775481
secure_internet_servers_per_million_people,IT.NET.SECR.P6,FRA,2022,47329.437557888
secure_internet_servers_per_million_people,IT.NET.SECR.P6,FRA,2021,39644.0530743928
secure_internet_servers_per_million_people,IT.NET.SECR.P6,FRA,2020,36107.8390576723
secure_internet_servers_per_million_people,IT.NET.SECR.P6,FRA,2019,29255.7243091748
secure_internet_servers_per_million_people,IT.NET.SECR.P6,PYF,2022,2022.26993558696
secure_internet_servers_per_million_people,IT.NET.SECR.P6,PYF,2021,1604.7635386287
secure_internet_servers_per_million_people,IT.NET.SECR.P6,PYF,2020,1235.63352184206
secure_internet_servers_per_million_people,IT.NET.SECR.P6,PYF,2019,1082.30538213981
secure_internet_servers_per_million_people,IT.NET.SECR.P6,GAB,2022,28.3863355585752
secure_internet_servers_per_million_people,IT.NET.SECR.P6,GAB,2021,39.9710189075542
secure_internet_servers_per_million_people,IT.NET.SECR.P6,GAB,2020,42.1952010278407
secure_internet_servers_per_million_people,IT.NET.SECR.P6,GAB,2019,24.2535849003354
secure_internet_servers_per_million_people,IT.NET.SECR.P6,GMB,2022,49.6876505327199
secure_internet_servers_per_million_people,IT.NET.SECR.P6,GMB,2021,46.1954728436613
secure_internet_servers_per_million_people,IT.NET.SECR.P6,GMB,2020,27.8248923872287
secure_internet_servers_per_million_people,IT.NET.SECR.P6,GMB,2019,21.1653649967194
secure_internet_servers_per_million_people,IT.NET.SECR.P6,GEO,2022,4942.75827999554
secure_internet_servers_per_million_people,IT.NET.SECR.P6,GEO,2021,3725.11533970949
secure_internet_servers_per_million_people,IT.NET.SECR.P6,GEO,2020,3497.44648799425
secure_internet_servers_per_million_people,IT.NET.SECR.P6,GEO,2019,2776.4927378143
secure_internet_servers_per_million_people,IT.NET.SECR.P6,DEU,2022,126884.076646738
secure_internet_servers_per_million_people,IT.NET.SECR.P6,DEU,2021,113297.576359309
secure_internet_servers_per_million_people,IT.NET.SECR.P6,DEU,2020,97517.56929049
secure_internet_servers_per_million_people,IT.NET.SECR.P6,DEU,2019,77970.0331298817
secure_internet_servers_per_million_people,IT.NET.SECR.P6,GHA,2022,49.1415285676086
secure_internet_servers_per_million_people,IT.NET.SECR.P6,GHA,2021,50.0020526672912
secure_internet_servers_per_million_people,IT.NET.SECR.P6,GHA,2020,57.8904621512253
secure_internet_servers_per_million_people,IT.NET.SECR.P6,GHA,2019,43.7954639863885
secure_internet_servers_per_million_people,IT.NET.SECR.P6,GIB,2022,16804.488287378
secure_internet_servers_per_million_people,IT.NET.SECR.P6,GIB,2021,16414.3469531716
secure_internet_servers_per_million_people,IT.NET.SECR.P6,GIB,2020,20927.2109031598
secure_internet_servers_per_million_people,IT.NET.SECR.P6,GIB,2019,15382.8816137939
secure_internet_servers_per_million_people,IT.NET.SECR.P6,GRC,2022,13067.0193589553
secure_internet_servers_per_million_people,IT.NET.SECR.P6,GRC,2021,11383.3983120359
secure_internet_servers_per_million_people,IT.NET.SECR.P6,GRC,2020,8907.70838312568
secure_internet_servers_per_million_people,IT.NET.SECR.P6,GRC,2019,6647.33991681452
secure_internet_servers_per_million_people,IT.NET.SECR.P6,GRL,2022,4606.3429872399
secure_internet_servers_per_million_people,IT.NET.SECR.P6,GRL,2021,4377.52634458899
secure_internet_servers_per_million_people,IT.NET.SECR.P6,GRL,2020,4115.88340695797
secure_internet_servers_per_million_people,IT.NET.SECR.P6,GRL,2019,3201.42285460204
secure_internet_servers_per_million_people,IT.NET.SECR.P6,GRD,2022,718.482974519515
secure_internet_servers_per_million_people,IT.NET.SECR.P6,GRD,2021,625.599890305773
secure_internet_servers_per_million_people,IT.NET.SECR.P6,GRD,2020,558.702435083075
secure_internet_servers_per_million_people,IT.NET.SECR.P6,GRD,2019,482.837706176012
secure_internet_servers_per_million_people,IT.NET.SECR.P6,GUM,2022,1132.09831698753
secure_internet_servers_per_million_people,IT.NET.SECR.P6,GUM,2021,1154.33946130825
secure_internet_servers_per_million_people,IT.NET.SECR.P6,GUM,2020,1085.36119093723
secure_internet_servers_per_million_people,IT.NET.SECR.P6,GUM,2019,1032.08741224167
secure_internet_servers_per_million_people,IT.NET.SECR.P6,GTM,2022,129.259070980823
secure_internet_servers_per_million_people,IT.NET.SECR.P6,GTM,2021,122.509397027613
secure_internet_servers_per_million_people,IT.NET.SECR.P6,GTM,2020,103.587390338085
secure_internet_servers_per_million_people,IT.NET.SECR.P6,GTM,2019,91.1493192478889
secure_internet_servers_per_million_people,IT.NET.SECR.P6,GIN,2022,7.61287492252833
secure_internet_servers_per_million_people,IT.NET.SECR.P6,GIN,2021,7.07486291723731
secure_internet_servers_per_million_people,IT.NET.SECR.P6,GIN,2020,6.65610514791399
secure_internet_servers_per_million_people,IT.NET.SECR.P6,GIN,2019,4.83338404550562
secure_internet_servers_per_million_people,IT.NET.SECR.P6,GNB,2022,5.22434029642907
secure_internet_servers_per_million_people,IT.NET.SECR.P6,GNB,2021,5.82852196939929
secure_internet_servers_per_million_people,IT.NET.SECR.P6,GNB,2020,2.98024840370445
secure_internet_servers_per_million_people,IT.NET.SECR.P6,GNB,2019,3.5574600954619
secure_internet_servers_per_million_people,IT.NET.SECR.P6,GUY,2022,87.6299387685803
secure_internet_servers_per_million_people,IT.NET.SECR.P6,GUY,2021,64.9922377195327
secure_internet_servers_per_million_people,IT.NET.SECR.P6,GUY,2020,59.4441231434548
secure_internet_servers_per_million_people,IT.NET.SECR.P6,GUY,2019,60.6687178471272
secure_internet_servers_per_million_people,IT.NET.SECR.P6,HTI,2022,6.78048257216042
secure_internet_servers_per_million_people,IT.NET.SECR.P6,HTI,2021,7.91237588779055
secure_internet_servers_per_million_people,IT.NET.SECR.P6,HTI,2020,7.73756457753609
secure_internet_servers_per_million_people,IT.NET.SECR.P6,HTI,2019,5.40289233035121
secure_internet_servers_per_million_people,IT.NET.SECR.P6,HND,2022,128.441938127684
secure_internet_servers_per_million_people,IT.NET.SECR.P6,HND,2021,113.412434376038
secure_internet_servers_per_million_people,IT.NET.SECR.P6,HND,2020,97.335478337174
secure_internet_servers_per_million_people,IT.NET.SECR.P6,HND,2019,91.5158473769094
secure_internet_servers_per_million_people,IT.NET.SECR.P6,HKG,2022,126913.87266713
secure_internet_servers_per_million_people,IT.NET.SECR.P6,HKG,2021,100440.301628199
secure_internet_servers_per_million_people,IT.NET.SECR.P6,HKG,2020,70629.594973934
secure_internet_servers_per_million_people,IT.NET.SECR.P6,HKG,2019,60542.0956592389
secure_internet_servers_per_million_people,IT.NET.SECR.P6,HUN,2022,51406.6835924429
secure_internet_servers_per_million_people,IT.NET.SECR.P6,HUN,2021,42102.778838019
secure_internet_servers_per_million_people,IT.NET.SECR.P6,HUN,2020,33083.571663234
secure_internet_servers_per_million_people,IT.NET.SECR.P6,HUN,2019,26447.1020825133
secure_internet_servers_per_million_people,IT.NET.SECR.P6,ISL,2022,85331.790588032
secure_internet_servers_per_million_people,IT.NET.SECR.P6,ISL,2021,78946.0968538602
secure_internet_servers_per_million_people,IT.NET.SECR.P6,ISL,2020,75513.7626445235
secure_internet_servers_per_million_people,IT.NET.SECR.P6,ISL,2019,70905.7779084376
secure_internet_servers_per_million_people,IT.NET.SECR.P6,IND,2022,729.692060044831
secure_internet_servers_per_million_people,IT.NET.SECR.P6,IND,2021,528.190455501333
secure_internet_servers_per_million_people,IT.NET.SECR.P6,IND,2020,472.187112968085
secure_internet_servers_per_million_people,IT.NET.SECR.P6,IND,2019,382.862055209059
secure_internet_servers_per_million_people,IT.NET.SECR.P6,IDN,2022,2496.40884911853
secure_internet_servers_per_million_people,IT.NET.SECR.P6,IDN,2021,2189.14677796205
secure_internet_servers_per_million_people,IT.NET.SECR.P6,IDN,2020,1868.76353333811
secure_internet_servers_per_million_people,IT.NET.SECR.P6,IDN,2019,1672.32938886525
secure_internet_servers_per_million_people,IT.NET.SECR.P6,IRN,2022,6554.61538318904
secure_internet_servers_per_million_people,IT.NET.SECR.P6,IRN,2021,3109.71095428245
secure_internet_servers_per_million_people,IT.NET.SECR.P6,IRN,2020,2318.99242714402
secure_internet_servers_per_million_people,IT.NET.SECR.P6,IRN,2019,985.8745006183
secure_internet_servers_per_million_people,IT.NET.SECR.P6,IRQ,2022,30.7688460713822
secure_internet_servers_per_million_people,IT.NET.SECR.P6,IRQ,2021,21.545714143027
secure_internet_servers_per_million_people,IT.NET.SECR.P6,IRQ,2020,17.0716514305937
secure_internet_servers_per_million_people,IT.NET.SECR.P6,IRQ,2019,11.5313174437929
secure_internet_servers_per_million_people,IT.NET.SECR.P6,IRL,2022,134764.070843587
secure_internet_servers_per_million_people,IT.NET.SECR.P6,IRL,2021,113930.009969504
secure_internet_servers_per_million_people,IT.NET.SECR.P6,IRL,2020,114566.465340423
secure_internet_servers_per_million_people,IT.NET.SECR.P6,IRL,2019,94607.6886844775
secure_internet_servers_per_million_people,IT.NET.SECR.P6,IMN,2022,28990.1583226359
secure_internet_servers_per_million_people,IT.NET.SECR.P6,IMN,2021,31103.6073526264
secure_internet_servers_per_million_people,IT.NET.SECR.P6,IMN,2020,13144.7468595356
secure_internet_servers_per_million_people,IT.NET.SECR.P6,IMN,2019,9933.6565146444
secure_internet_servers_per_million_people,IT.NET.SECR.P6,ISR,2022,13050.1700235417
secure_internet_servers_per_million_people,IT.NET.SECR.P6,ISR,2021,13021.9604328062
secure_internet_servers_per_million_people,IT.NET.SECR.P6,ISR,2020,12351.7921672038
secure_internet_servers_per_million_people,IT.NET.SECR.P6,ISR,2019,11114.8663574111
secure_internet_servers_per_million_people,IT.NET.SECR.P6,ITA,2022,28070.9043211973
secure_internet_servers_per_million_people,IT.NET.SECR.P6,ITA,2021,24823.3931231798
secure_internet_servers_per_million_people,IT.NET.SECR.P6,ITA,2020,20677.1830094764
secure_internet_servers_per_million_people,IT.NET.SECR.P6,ITA,2019,15313.1771774623
secure_internet_servers_per_million_people,IT.NET.SECR.P6,JAM,2022,182.449357975502
secure_internet_servers_per_million_people,IT.NET.SECR.P6,JAM,2021,176.904952704355
secure_internet_servers_per_million_people,IT.NET.SECR.P6,JAM,2020,167.800705045573
secure_internet_servers_per_million_people,IT.NET.SECR.P6,JAM,2019,150.888809469583
secure_internet_servers_per_million_people,IT.NET.SECR.P6,JPN,2022,28934.0684777203
secure_internet_servers_per_million_people,IT.NET.SECR.P6,JPN,2021,25729.8696078749
secure_internet_servers_per_million_people,IT.NET.SECR.P6,JPN,2020,22848.7181314895
secure_internet_servers_per_million_people,IT.NET.SECR.P6,JPN,2019,18646.9956488435
secure_internet_servers_per_million_people,IT.NET.SECR.P6,JOR,2022,154.58060992356
secure_internet_servers_per_million_people,IT.NET.SECR.P6,JOR,2021,144.853463958687
secure_internet_servers_per_million_people,IT.NET.SECR.P6,JOR,2020,127.47086393401
secure_internet_servers_per_million_people,IT.NET.SECR.P6,JOR,2019,102.324883190805
secure_internet_servers_per_million_people,IT.NET.SECR.P6,KAZ,2022,4944.14440531382
secure_internet_servers_per_million_people,IT.NET.SECR.P6,KAZ,2021,4342.46981161442
secure_internet_servers_per_million_people,IT.NET.SECR.P6,KAZ,2020,3184.09955139885
secure_internet_servers_per_million_people,IT.NET.SECR.P6,KAZ,2019,2273.55605062168
secure_internet_servers_per_million_people,IT.NET.SECR.P6,KEN,2022,280.15318973272
secure_internet_servers_per_million_people,IT.NET.SECR.P6,KEN,2021,260.207008880973
secure_internet_servers_per_million_people,IT.NET.SECR.P6,KEN,2020,246.584783512693
secure_internet_servers_per_million_people,IT.NET.SECR.P6,KEN,2019,254.810149447412
secure_internet_servers_per_million_people,IT.NET.SECR.P6,KIR,2022,53.6525918034169
secure_internet_servers_per_million_people,IT.NET.SECR.P6,KIR,2021,38.9477865972877
secure_internet_servers_per_million_people,IT.NET.SECR.P6,KIR,2020,39.6513850228788
secure_internet_servers_per_million_people,IT.NET.SECR.P6,KIR,2019,8.06965728165525
secure_internet_servers_per_million_people,IT.NET.SECR.P6,PRK,2022,3.19041720212186
secure_internet_servers_per_million_people,IT.NET.SECR.P6,PRK,2021,6.25177880261205
secure_internet_servers_per_million_people,IT.NET.SECR.P6,PRK,2020,0.0765218903110737
secure_internet_servers_per_million_people,IT.NET.SECR.P6,KOR,2022,8821.91477648421
secure_internet_servers_per_million_people,IT.NET.SECR.P6,KOR,2021,7334.11978035964
secure_internet_servers_per_million_people,IT.NET.SECR.P6,KOR,2020,5939.01112308707
secure_internet_servers_per_million_people,IT.NET.SECR.P6,KOR,2019,4538.9511819436
secure_internet_servers_per_million_people,IT.NET.SECR.P6,KWT,2022,388.48337441496
secure_internet_servers_per_million_people,IT.NET.SECR.P6,KWT,2021,400.608594854461
secure_internet_servers_per_million_people,IT.NET.SECR.P6,KWT,2020,402.248318113424
secure_internet_servers_per_million_people,IT.NET.SECR.P6,KWT,2019,415.098790810919
secure_internet_servers_per_million_people,IT.NET.SECR.P6,KGZ,2022,639.836449603023
secure_internet_servers_per_million_people,IT.NET.SECR.P6,KGZ,2021,515.674279515602
secure_internet_servers_per_million_people,IT.NET.SECR.P6,KGZ,2020,411.946845031276
secure_internet_servers_per_million_people,IT.NET.SECR.P6,KGZ,2019,282.085050084132
secure_internet_servers_per_million_people,IT.NET.SECR.P6,LAO,2022,273.977785706509
secure_internet_servers_per_million_people,IT.NET.SECR.P6,LAO,2021,82.246618027117
secure_internet_servers_per_million_people,IT.NET.SECR.P6,LAO,2020,52.2695535431475
secure_internet_servers_per_million_people,IT.NET.SECR.P6,LAO,2019,30.9493320747272
secure_internet_servers_per_million_people,IT.NET.SECR.P6,LVA,2022,22271.1389855075
secure_internet_servers_per_million_people,IT.NET.SECR.P6,LVA,2021,22572.6854480523
secure_internet_servers_per_million_people,IT.NET.SECR.P6,LVA,2020,20328.8801751586
secure_internet_servers_per_million_people,IT.NET.SECR.P6,LVA,2019,19857.6461133794
secure_internet_servers_per_million_people,IT.NET.SECR.P6,LBN,2022,260.249432107886
secure_internet_servers_per_million_people,IT.NET.SECR.P6,LBN,2021,341.02105551438
secure_internet_servers_per_million_people,IT.NET.SECR.P6,LBN,2020,322.32053953442
secure_internet_servers_per_million_people,IT.NET.SECR.P6,LBN,2019,244.193122072055
secure_internet_servers_per_million_people,IT.NET.SECR.P6,LSO,2022,75.6743988696957
secure_internet_servers_per_million_people,IT.NET.SECR.P6,LSO,2021,67.210779194019
secure_internet_servers_per_million_people,IT.NET.SECR.P6,LSO,2020,67.0922702100927
secure_internet_servers_per_million_people,IT.NET.SECR.P6,LSO,2019,60.6498129586925
secure_internet_servers_per_million_people,IT.NET.SECR.P6,LBR,2022,8.18864554963864
secure_internet_servers_per_million_people,IT.NET.SECR.P6,LBR,2021,6.65484892257045
secure_internet_servers_per_million_people,IT.NET.SECR.P6,LBR,2020,6.02004519694578
secure_internet_servers_per_million_people,IT.NET.SECR.P6,LBR,2019,4.75839167154567
secure_internet_servers_per_million_people,IT.NET.SECR.P6,LBY,2022,174.008019319458
secure_internet_servers_per_million_people,IT.NET.SECR.P6,LBY,2021,155.427161912637
secure_internet_servers_per_million_people,IT.NET.SECR.P6,LBY,2020,722.88311847207
secure_internet_servers_per_million_people,IT.NET.SECR.P6,LBY,2019,1024.16432205113
secure_internet_servers_per_million_people,IT.NET.SECR.P6,LIE,2022,66037.0192185957
secure_internet_servers_per_million_people,IT.NET.SECR.P6,LIE,2021,62069.3175437701
secure_internet_servers_per_million_people,IT.NET.SECR.P6,LIE,2020,51412.5600884296
secure_internet_servers_per_million_people,IT.NET.SECR.P6,LIE,2019,47351.0878303037
secure_internet_servers_per_million_people,IT.NET.SECR.P6,LTU,2022,66487.2888104734
secure_internet_servers_per_million_people,IT.NET.SECR.P6,LTU,2021,53718.8699534963
secure_internet_servers_per_million_people,IT.NET.SECR.P6,LTU,2020,46868.5784678097
secure_internet_servers_per_million_people,IT.NET.SECR.P6,LTU,2019,31265.1075793047
secure_internet_servers_per_million_people,IT.NET.SECR.P6,LUX,2022,63898.0375224122
secure_internet_servers_per_million_people,IT.NET.SECR.P6,LUX,2021,49199.7675232477
secure_internet_servers_per_million_people,IT.NET.SECR.P6,LUX,2020,44903.4689627058
secure_internet_servers_per_million_people,IT.NET.SECR.P6,LUX,2019,39864.4518315293
secure_internet_servers_per_million_people,IT.NET.SECR.P6,MAC,2022,6022.44204931345
secure_internet_servers_per_million_people,IT.NET.SECR.P6,MAC,2021,5169.23076923077
secure_internet_servers_per_million_people,IT.NET.SECR.P6,MAC,2020,5719.28800700321
secure_internet_servers_per_million_people,IT.NET.SECR.P6,MAC,2019,3971.72619047619
secure_internet_servers_per_million_people,IT.NET.SECR.P6,MDG,2022,17.8071213438029
secure_internet_servers_per_million_people,IT.NET.SECR.P6,MDG,2021,13.876220008546
secure_internet_servers_per_million_people,IT.NET.SECR.P6,MDG,2020,9.87788857437753
secure_internet_servers_per_million_people,IT.NET.SECR.P6,MDG,2019,8.04406759936744
secure_internet_servers_per_million_people,IT.NET.SECR.P6,MWI,2022,23.8225718187338
secure_internet_servers_per_million_people,IT.NET.SECR.P6,MWI,2021,21.1999067403632
secure_internet_servers_per_million_people,IT.NET.SECR.P6,MWI,2020,16.5865597263586
secure_internet_servers_per_million_people,IT.NET.SECR.P6,MWI,2019,16.0309037981784
secure_internet_servers_per_million_people,IT.NET.SECR.P6,MYS,2022,8416.74162116676
secure_internet_servers_per_million_people,IT.NET.SECR.P6,MYS,2021,7998.18589124991
secure_internet_servers_per_million_people,IT.NET.SECR.P6,MYS,2020,7157.51441786287
secure_internet_servers_per_million_people,IT.NET.SECR.P6,MYS,2019,6424.1677989232
secure_internet_servers_per_million_people,IT.NET.SECR.P6,MDV,2022,1158.16266175163
secure_internet_servers_per_million_people,IT.NET.SECR.P6,MDV,2021,1241.87742417961
secure_internet_servers_per_million_people,IT.NET.SECR.P6,MDV,2020,1151.12383941623
secure_internet_servers_per_million_people,IT.NET.SECR.P6,MDV,2019,789.36955001835
secure_internet_servers_per_million_people,IT.NET.SECR.P6,MLI,2022,14.6927269701257
secure_internet_servers_per_million_people,IT.NET.SECR.P6,MLI,2021,11.9256962127651
secure_internet_servers_per_million_people,IT.NET.SECR.P6,MLI,2020,9.9936280259278
secure_internet_servers_per_million_people,IT.NET.SECR.P6,MLI,2019,9.635280886237
secure_internet_servers_per_million_people,IT.NET.SECR.P6,MLT,2022,5102.49231331186
secure_internet_servers_per_million_people,IT.NET.SECR.P6,MLT,2021,6185.4675287079
secure_internet_servers_per_million_people,IT.NET.SECR.P6,MLT,2020,14442.5692059982
secure_internet_servers_per_million_people,IT.NET.SECR.P6,MLT,2019,10843.1630919684
secure_internet_servers_per_million_people,IT.NET.SECR.P6,MHL,2022,99.8078698505377
secure_internet_servers_per_million_people,IT.NET.SECR.P6,MHL,2021,169.217008726763
secure_internet_servers_per_million_people,IT.NET.SECR.P6,MHL,2020,1428.37072074182
secure_internet_servers_per_million_people,IT.NET.SECR.P6,MHL,2019,454.473151998546
secure_internet_servers_per_million_people,IT.NET.SECR.P6,MRT,2022,25.2274728409847
secure_internet_servers_per_million_people,IT.NET.SECR.P6,MRT,2021,13.7279260229522
secure_internet_servers_per_million_people,IT.NET.SECR.P6,MRT,2020,14.1300323838604
secure_internet_servers_per_million_people,IT.NET.SECR.P6,MRT,2019,7.38633769261554
secure_internet_servers_per_million_people,IT.NET.SECR.P6,MUS,2022,1688.68210717745
secure_internet_servers_per_million_people,IT.NET.SECR.P6,MUS,2021,1966.30588770419
secure_internet_servers_per_million_people,IT.NET.SECR.P6,MUS,2020,914.681828163038
secure_internet_servers_per_million_people,IT.NET.SECR.P6,MUS,2019,515.014000955778
secure_internet_servers_per_million_people,IT.NET.SECR.P6,MEX,2022,381.889508206228
secure_internet_servers_per_million_people,IT.NET.SECR.P6,MEX,2021,348.79471968524
secure_internet_servers_per_million_people,IT.NET.SECR.P6,MEX,2020,328.196454841059
secure_internet_servers_per_million_people,IT.NET.SECR.P6,MEX,2019,275.399004136209
secure_internet_servers_per_million_people,IT.NET.SECR.P6,FSM,2022,142.711882548121
secure_internet_servers_per_million_people,IT.NET.SECR.P6,FSM,2021,179.172937719487
secure_internet_servers_per_million_people,IT.NET.SECR.P6,FSM,2020,189.33246781348
secure_internet_servers_per_million_people,IT.NET.SECR.P6,FSM,2019,217.623909613536
secure_internet_servers_per_million_people,IT.NET.SECR.P6,MDA,2022,8416.33533097055
secure_internet_servers_per_million_people,IT.NET.SECR.P6,MDA,2021,6661.50706773881
secure_internet_servers_per_million_people,IT.NET.SECR.P6,MDA,2020,5580.36984892586
secure_internet_servers_per_million_people,IT.NET.SECR.P6,MDA,2019,4526.64640810983
secure_internet_servers_per_million_people,IT.NET.SECR.P6,MCO,2022,22886.6456037605
secure_internet_servers_per_million_people,IT.NET.SECR.P6,MCO,2021,15807.0963220599
secure_internet_servers_per_million_people,IT.NET.SECR.P6,MCO,2020,19763.4691195795
secure_internet_servers_per_million_people,IT.NET.SECR.P6,MCO,2019,13618.8301975911
secure_internet_servers_per_million_people,IT.NET.SECR.P6,MNG,2022,2187.98816919588
secure_internet_servers_per_million_people,IT.NET.SECR.P6,MNG,2021,1994.83352892553
secure_internet_servers_per_million_people,IT.NET.SECR.P6,MNG,2020,1709.2429559474
secure_internet_servers_per_million_people,IT.NET.SECR.P6,MNG,2019,1668.46560228028
secure_internet_servers_per_million_people,IT.NET.SECR.P6,MNE,2022,1265.25238497669
secure_internet_servers_per_million_people,IT.NET.SECR.P6,MNE,2021,919.921990615196
secure_internet_servers_per_million_people,IT.NET.SECR.P6,MNE,2020,777.222745335866
secure_internet_servers_per_million_people,IT.NET.SECR.P6,MNE,2019,686.07569489097
secure_internet_servers_per_million_people,IT.NET.SECR.P6,MAR,2022,545.607036919008
secure_internet_servers_per_million_people,IT.NET.SECR.P6,MAR,2021,602.958637557022
secure_internet_servers_per_million_people,IT.NET.SECR.P6,MAR,2020,443.333363947636
secure_internet_servers_per_million_people,IT.NET.SECR.P6,MAR,2019,372.23600475194
secure_internet_servers_per_million_people,IT.NET.SECR.P6,MOZ,2022,33.4698605589877
secure_internet_servers_per_million_people,IT.NET.SECR.P6,MOZ,2021,32.2002787957537
secure_internet_servers_per_million_people,IT.NET.SECR.P6,MOZ,2020,29.8209883104325
secure_internet_servers_per_million_people,IT.NET.SECR.P6,MOZ,2019,20.8470110472427
secure_internet_servers_per_million_people,IT.NET.SECR.P6,MMR,2022,14.8260348967657
secure_internet_servers_per_million_people,IT.NET.SECR.P6,MMR,2021,12.6622344101015
secure_internet_servers_per_million_people,IT.NET.SECR.P6,MMR,2020,14.4294640829136
secure_internet_servers_per_million_people,IT.NET.SECR.P6,MMR,2019,12.5948142077787
secure_internet_servers_per_million_people,IT.NET.SECR.P6,NAM,2022,315.607846177165
secure_internet_servers_per_million_people,IT.NET.SECR.P6,NAM,2021,246.215328825553
secure_internet_servers_per_million_people,IT.NET.SECR.P6,NAM,2020,199.357804015154
secure_internet_servers_per_million_people,IT.NET.SECR.P6,NAM,2019,138.087465959176
secure_internet_servers_per_million_people,IT.NET.SECR.P6,NRU,2022,254.215744428438
secure_internet_servers_per_million_people,IT.NET.SECR.P6,NRU,2021,427.021948928175
secure_internet_servers_per_million_people,IT.NET.SECR.P6,NRU,2020,343.554066821266
secure_internet_servers_per_million_people,IT.NET.SECR.P6,NPL,2022,359.476468728239
secure_internet_servers_per_million_people,IT.NET.SECR.P6,NPL,2021,269.787864363744
secure_internet_servers_per_million_people,IT.NET.SECR.P6,NPL,2020,210.449464959163
secure_internet_servers_per_million_people,IT.NET.SECR.P6,NPL,2019,190.187507144349
secure_internet_servers_per_million_people,IT.NET.SECR.P6,NLD,2022,181183.789690312
secure_internet_servers_per_million_people,IT.NET.SECR.P6,NLD,2021,164133.506993994
secure_internet_servers_per_million_people,IT.NET.SECR.P6,NLD,2020,136862.999168649
secure_internet_servers_per_million_people,IT.NET.SECR.P6,NLD,2019,130279.470464876
secure_internet_servers_per_million_people,IT.NET.SECR.P6,NCL,2022,6899.48210348875
secure_internet_servers_per_million_people,IT.NET.SECR.P6,NCL,2021,6023.54723120183
secure_internet_servers_per_million_people,IT.NET.SECR.P6,NCL,2020,5471.96103822983
secure_internet_servers_per_million_people,IT.NET.SECR.P6,NCL,2019,4686.07857379604
secure_internet_servers_per_million_people,IT.NET.SECR.P6,NZL,2022,18499.3210933349
secure_internet_servers_per_million_people,IT.NET.SECR.P6,NZL,2021,16145.0261574165
secure_internet_servers_per_million_people,IT.NET.SECR.P6,NZL,2020,20581.3815945115
secure_internet_servers_per_million_people,IT.NET.SECR.P6,NZL,2019,20156.9321771322
secure_internet_servers_per_million_people,IT.NET.SECR.P6,NIC,2022,95.0873421810124
secure_internet_servers_per_million_people,IT.NET.SECR.P6,NIC,2021,104.744488912359
secure_internet_servers_per_million_people,IT.NET.SECR.P6,NIC,2020,92.9132052055156
secure_internet_servers_per_million_people,IT.NET.SECR.P6,NIC,2019,86.9879452290582
secure_internet_servers_per_million_people,IT.NET.SECR.P6,NER,2022,4.18774150873186
secure_internet_servers_per_million_people,IT.NET.SECR.P6,NER,2021,1.42844665812864
secure_internet_servers_per_million_people,IT.NET.SECR.P6,NER,2020,1.47569656356228
secure_internet_servers_per_million_people,IT.NET.SECR.P6,NER,2019,0.87154487473438
secure_internet_servers_per_million_people,IT.NET.SECR.P6,NGA,2022,47.0936939460015
secure_internet_servers_per_million_people,IT.NET.SECR.P6,NGA,2021,61.547814694274
secure_internet_servers_per_million_people,IT.NET.SECR.P6,NGA,2020,71.2255701423008
secure_internet_servers_per_million_people,IT.NET.SECR.P6,NGA,2019,71.7758025238589
secure_internet_servers_per_million_people,IT.NET.SECR.P6,MKD,2022,1735.53484390559
secure_internet_servers_per_million_people,IT.NET.SECR.P6,MKD,2021,1546.44730811479
secure_internet_servers_per_million_people,IT.NET.SECR.P6,MKD,2020,1142.16507086811
secure_internet_servers_per_million_people,IT.NET.SECR.P6,MKD,2019,766.417483272592
secure_internet_servers_per_million_people,IT.NET.SECR.P6,MNP,2022,2148.53075220279
secure_internet_servers_per_million_people,IT.NET.SECR.P6,MNP,2021,2086.03844270844
secure_internet_servers_per_million_people,IT.NET.SECR.P6,MNP,2020,1956.74128934523
secure_internet_servers_per_million_people,IT.NET.SECR.P6,MNP,2019,1620.64451785826
secure_internet_servers_per_million_people,IT.NET.SECR.P6,NOR,2022,44150.8874541494
secure_internet_servers_per_million_people,IT.NET.SECR.P6,NOR,2021,43861.1250813561
secure_internet_servers_per_million_people,IT.NET.SECR.P6,NOR,2020,39030.0168696759
secure_internet_servers_per_million_people,IT.NET.SECR.P6,NOR,2019,36180.9578944692
secure_internet_servers_per_million_people,IT.NET.SECR.P6,OMN,2022,284.341593826595
secure_internet_servers_per_million_people,IT.NET.SECR.P6,OMN,2021,272.418776541944
secure_internet_servers_per_million_people,IT.NET.SECR.P6,OMN,2020,263.128974988817
secure_internet_servers_per_million_people,IT.NET.SECR.P6,OMN,2019,197.767880187514
secure_internet_servers_per_million_people,IT.NET.SECR.P6,PAK,2022,116.150687433285
secure_internet_servers_per_million_people,IT.NET.SECR.P6,PAK,2021,65.7388698838102
secure_internet_servers_per_million_people,IT.NET.SECR.P6,PAK,2020,69.3313997760681
secure_internet_servers_per_million_people,IT.NET.SECR.P6,PAK,2019,58.7042774040494
secure_internet_servers_per_million_people,IT.NET.SECR.P6,PLW,2022,1407.73692212399
secure_internet_servers_per_million_people,IT.NET.SECR.P6,PLW,2021,1068.43614688185
secure_internet_servers_per_million_people,IT.NET.SECR.P6,PLW,2020,955.485611510791
secure_internet_servers_per_million_people,IT.NET.SECR.P6,PLW,2019,730.419148218901
secure_internet_servers_per_million_people,IT.NET.SECR.P6,PAN,2022,2231.65339361971
secure_internet_servers_per_million_people,IT.NET.SECR.P6,PAN,2021,1548.53230021137
secure_internet_servers_per_million_people,IT.NET.SECR.P6,PAN,2020,1483.95357282029
secure_internet_servers_per_million_people,IT.NET.SECR.P6,PAN,2019,1898.36352043828
secure_internet_servers_per_million_people,IT.NET.SECR.P6,PNG,2022,83.6994859146212
secure_internet_servers_per_million_people,IT.NET.SECR.P6,PNG,2021,85.3898812091926
secure_internet_servers_per_million_people,IT.NET.SECR.P6,PNG,2019,51.8263588028319
secure_internet_servers_per_million_people,IT.NET.SECR.P6,PRY,2022,626.584210787899
secure_internet_servers_per_million_people,IT.NET.SECR.P6,PRY,2021,625.057785679684
secure_internet_servers_per_million_people,IT.NET.SECR.P6,PRY,2020,513.4969749713
secure_internet_servers_per_million_people,IT.NET.SECR.P6,PRY,2019,376.665871585487
secure_internet_servers_per_million_people,IT.NET.SECR.P6,PER,2022,701.589027752228
secure_internet_servers_per_million_people,IT.NET.SECR.P6,PER,2021,597.239427984452
secure_internet_servers_per_million_people,IT.NET.SECR.P6,PER,2020,457.388853518905
secure_internet_servers_per_million_people,IT.NET.SECR.P6,PER,2019,385.370372978427
secure_internet_servers_per_million_people,IT.NET.SECR.P6,PHL,2022,100.189236390773
secure_internet_servers_per_million_people,IT.NET.SECR.P6,PHL,2021,133.650513103559
secure_internet_servers_per_million_people,IT.NET.SECR.P6,PHL,2020,111.026585139154
secure_internet_servers_per_million_people,IT.NET.SECR.P6,PHL,2019,108.614542943099
secure_internet_servers_per_million_people,IT.NET.SECR.P6,POL,2022,34772.62853538
secure_internet_servers_per_million_people,IT.NET.SECR.P6,POL,2021,31394.3768568545
secure_internet_servers_per_million_people,IT.NET.SECR.P6,POL,2020,25438.6771123423
secure_internet_servers_per_million_people,IT.NET.SECR.P6,POL,2019,20606.063798754
secure_internet_servers_per_million_people,IT.NET.SECR.P6,PRT,2022,27622.7553426515
secure_internet_servers_per_million_people,IT.NET.SECR.P6,PRT,2021,24123.9217277333
secure_internet_servers_per_million_people,IT.NET.SECR.P6,PRT,2020,22178.9068183498
secure_internet_servers_per_million_people,IT.NET.SECR.P6,PRT,2019,19150.5894803584
secure_internet_servers_per_million_people,IT.NET.SECR.P6,PRI,2022,502.771922284317
secure_internet_servers_per_million_people,IT.NET.SECR.P6,PRI,2021,494.371126519471
secure_internet_servers_per_million_people,IT.NET.SECR.P6,PRI,2020,444.906144610952
secure_internet_servers_per_million_people,IT.NET.SECR.P6,PRI,2019,407.849235668732
secure_internet_servers_per_million_people,IT.NET.SECR.P6,QAT,2022,512.543967955841
secure_internet_servers_per_million_people,IT.NET.SECR.P6,QAT,2021,532.154847878766
secure_internet_servers_per_million_people,IT.NET.SECR.P6,QAT,2020,446.289888724577
secure_internet_servers_per_million_people,IT.NET.SECR.P6,QAT,2019,468.041128498323
secure_internet_servers_per_million_people,IT.NET.SECR.P6,ROU,2022,24738.0607671931
secure_internet_servers_per_million_people,IT.NET.SECR.P6,ROU,2021,23316.8405138798
secure_internet_servers_per_million_people,IT.NET.SECR.P6,ROU,2020,21374.339808723
secure_internet_servers_per_million_people,IT.NET.SECR.P6,ROU,2019,19164.605923048
secure_internet_servers_per_million_people,IT.NET.SECR.P6,RUS,2022,19939.0332294434
secure_internet_servers_per_million_people,IT.NET.SECR.P6,RUS,2021,16210.0206428107
secure_internet_servers_per_million_people,IT.NET.SECR.P6,RUS,2020,13239.9190367447
secure_internet_servers_per_million_people,IT.NET.SECR.P6,RUS,2019,9269.6974453469
secure_internet_servers_per_million_people,IT.NET.SECR.P6,RWA,2022,115.522418454871
secure_internet_servers_per_million_people,IT.NET.SECR.P6,RWA,2021,99.3615998490482
secure_internet_servers_per_million_people,IT.NET.SECR.P6,RWA,2020,81.2041356401431
secure_internet_servers_per_million_people,IT.NET.SECR.P6,RWA,2019,70.4440156752024
secure_internet_servers_per_million_people,IT.NET.SECR.P6,WSM,2022,566.753847654708
secure_internet_servers_per_million_people,IT.NET.SECR.P6,WSM,2021,575.360535880512
secure_internet_servers_per_million_people,IT.NET.SECR.P6,WSM,2020,481.25920054354
secure_internet_servers_per_million_people,IT.NET.SECR.P6,WSM,2019,443.321574983316
secure_internet_servers_per_million_people,IT.NET.SECR.P6,SMR,2022,37712.9314175678
secure_internet_servers_per_million_people,IT.NET.SECR.P6,SMR,2021,37895.5973373818
secure_internet_servers_per_million_people,IT.NET.SECR.P6,SMR,2020,94247.9148691401
secure_internet_servers_per_million_people,IT.NET.SECR.P6,SMR,2019,73017.3383723278
secure_internet_servers_per_million_people,IT.NET.SECR.P6,STP,2022,30.9317072092972
secure_internet_servers_per_million_people,IT.NET.SECR.P6,STP,2021,40.5476637787719
secure_internet_servers_per_million_people,IT.NET.SECR.P6,STP,2020,32.1935291006508
secure_internet_servers_per_million_people,IT.NET.SECR.P6,STP,2019,60.9207467946315
secure_internet_servers_per_million_people,IT.NET.SECR.P6,SAU,2022,323.758429778142
secure_internet_servers_per_million_people,IT.NET.SECR.P6,SAU,2021,306.45408745077
secure_internet_servers_per_million_people,IT.NET.SECR.P6,SAU,2020,252.816653889025
secure_internet_servers_per_million_people,IT.NET.SECR.P6,SAU,2019,208.090800500629
secure_internet_servers_per_million_people,IT.NET.SECR.P6,SEN,2022,44.5864487901974
secure_internet_servers_per_million_people,IT.NET.SECR.P6,SEN,2021,40.9967744365019
secure_internet_servers_per_million_people,IT.NET.SECR.P6,SEN,2020,26.2668561295198
secure_internet_servers_per_million_people,IT.NET.SECR.P6,SEN,2019,19.3237636674351
secure_internet_servers_per_million_people,IT.NET.SECR.P6,SRB,2022,11871.1989543322
secure_internet_servers_per_million_people,IT.NET.SECR.P6,SRB,2021,11213.541759641
secure_internet_servers_per_million_people,IT.NET.SECR.P6,SRB,2020,9361.18575019503
secure_internet_servers_per_million_people,IT.NET.SECR.P6,SRB,2019,8071.86509887714
secure_internet_servers_per_million_people,IT.NET.SECR.P6,SYC,2022,51769.2987871002
secure_internet_servers_per_million_people,IT.NET.SECR.P6,SYC,2021,70372.161437869
secure_internet_servers_per_million_people,IT.NET.SECR.P6,SYC,2020,61109.8697974853
secure_internet_servers_per_million_people,IT.NET.SECR.P6,SYC,2019,96419.9743918054
secure_internet_servers_per_million_people,IT.NET.SECR.P6,SLE,2022,11.357036596359
secure_internet_servers_per_million_people,IT.NET.SECR.P6,SLE,2021,10.130207760678
secure_internet_servers_per_million_people,IT.NET.SECR.P6,SLE,2020,6.57183176413999
secure_internet_servers_per_million_people,IT.NET.SECR.P6,SLE,2019,5.30264455817395
secure_internet_servers_per_million_people,IT.NET.SECR.P6,SGP,2022,212649.338604675
secure_internet_servers_per_million_people,IT.NET.SECR.P6,SGP,2021,176692.094677134
secure_internet_servers_per_million_people,IT.NET.SECR.P6,SGP,2020,128377.730724944
secure_internet_servers_per_million_people,IT.NET.SECR.P6,SGP,2019,122481.379641414
secure_internet_servers_per_million_people,IT.NET.SECR.P6,SXM,2022,1020.43237855668
secure_internet_servers_per_million_people,IT.NET.SECR.P6,SXM,2021,1178.70630968704
secure_internet_servers_per_million_people,IT.NET.SECR.P6,SXM,2020,999.804916113929
secure_internet_servers_per_million_people,IT.NET.SECR.P6,SXM,2019,817.135074904049
secure_internet_servers_per_million_people,IT.NET.SECR.P6,SVK,2022,36900.6169648393
secure_internet_servers_per_million_people,IT.NET.SECR.P6,SVK,2021,31322.794798914
secure_internet_servers_per_million_people,IT.NET.SECR.P6,SVK,2020,25918.3886941279
secure_internet_servers_per_million_people,IT.NET.SECR.P6,SVK,2019,20091.3176707558
secure_internet_servers_per_million_people,IT.NET.SECR.P6,SVN,2022,61863.7776292141
secure_internet_servers_per_million_people,IT.NET.SECR.P6,SVN,2021,55445.2655711669
secure_internet_servers_per_million_people,IT.NET.SECR.P6,SVN,2020,49112.4747255423
secure_internet_servers_per_million_people,IT.NET.SECR.P6,SVN,2019,42529.9932723133
secure_internet_servers_per_million_people,IT.NET.SECR.P6,SLB,2022,83.2195998801638
secure_internet_servers_per_million_people,IT.NET.SECR.P6,SLB,2021,93.1036427128041
secure_internet_servers_per_million_people,IT.NET.SECR.P6,SLB,2020,57.7570389712262
secure_internet_servers_per_million_people,IT.NET.SECR.P6,SLB,2019,52.1872643848014
secure_internet_servers_per_million_people,IT.NET.SECR.P6,SOM,2022,5.61737886698255
secure_internet_servers_per_million_people,IT.NET.SECR.P6,SOM,2021,5.26881646344185
secure_internet_servers_per_million_people,IT.NET.SECR.P6,SOM,2020,4.26395925672824
secure_internet_servers_per_million_people,IT.NET.SECR.P6,SOM,2019,8.2340614302153
secure_internet_servers_per_million_people,IT.NET.SECR.P6,ZAF,2022,14989.9460406253
secure_internet_servers_per_million_people,IT.NET.SECR.P6,ZAF,2021,16057.5805222423
secure_internet_servers_per_million_people,IT.NET.SECR.P6,ZAF,2020,14123.2723330346
secure_internet_servers_per_million_people,IT.NET.SECR.P6,ZAF,2019,14105.098712599
secure_internet_servers_per_million_people,IT.NET.SECR.P6,SSD,2022,5.26259581894021
secure_internet_servers_per_million_people,IT.NET.SECR.P6,SSD,2021,4.04941016659642
secure_internet_servers_per_million_people,IT.NET.SECR.P6,SSD,2020,4.29968144034094
secure_internet_servers_per_million_people,IT.NET.SECR.P6,SSD,2019,3.64564905216962
secure_internet_servers_per_million_people,IT.NET.SECR.P6,ESP,2022,27046.3366105902
secure_internet_servers_per_million_people,IT.NET.SECR.P6,ESP,2021,24984.2229191447
secure_internet_servers_per_million_people,IT.NET.SECR.P6,ESP,2020,21589.3884182375
secure_internet_servers_per_million_people,IT.NET.SECR.P6,ESP,2019,17700.6267665434
secure_internet_servers_per_million_people,IT.NET.SECR.P6,LKA,2022,486.542536405031
secure_internet_servers_per_million_people,IT.NET.SECR.P6,LKA,2021,482.487813684781
secure_internet_servers_per_million_people,IT.NET.SECR.P6,LKA,2020,384.232857338382
secure_internet_servers_per_million_people,IT.NET.SECR.P6,LKA,2019,328.441040223822
secure_internet_servers_per_million_people,IT.NET.SECR.P6,KNA,2022,9398.6169688925
secure_internet_servers_per_million_people,IT.NET.SECR.P6,KNA,2021,7420.39646729252
secure_internet_servers_per_million_people,IT.NET.SECR.P6,KNA,2020,7062.08662257307
secure_internet_servers_per_million_people,IT.NET.SECR.P6,KNA,2019,6155.22235474527
secure_internet_servers_per_million_people,IT.NET.SECR.P6,LCA,2022,721.553185181871
secure_internet_servers_per_million_people,IT.NET.SECR.P6,LCA,2021,352.897682078399
secure_internet_servers_per_million_people,IT.NET.SECR.P6,LCA,2020,387.096774193548
secure_internet_servers_per_million_people,IT.NET.SECR.P6,LCA,2019,309.578354281469
secure_internet_servers_per_million_people,IT.NET.SECR.P6,MAF,2022,1039.14097679252
secure_internet_servers_per_million_people,IT.NET.SECR.P6,MAF,2021,467.274123026601
secure_internet_servers_per_million_people,IT.NET.SECR.P6,MAF,2020,471.905870509029
secure_internet_servers_per_million_people,IT.NET.SECR.P6,VCT,2022,225.388550261647
secure_internet_servers_per_million_people,IT.NET.SECR.P6,VCT,2021,194.474966209975
secure_internet_servers_per_million_people,IT.NET.SECR.P6,VCT,2020,135.23172922744
secure_internet_servers_per_million_people,IT.NET.SECR.P6,VCT,2019,95.999692800983
secure_internet_servers_per_million_people,IT.NET.SECR.P6,SDN,2022,9.45662936650749
secure_internet_servers_per_million_people,IT.NET.SECR.P6,SDN,2021,8.50896970232587
secure_internet_servers_per_million_people,IT.NET.SECR.P6,SDN,2020,6.02702788596803
secure_internet_servers_per_million_people,IT.NET.SECR.P6,SDN,2019,4.03967886748481
secure_internet_servers_per_million_people,IT.NET.SECR.P6,SUR,2022,3926.73517725671
secure_internet_servers_per_million_people,IT.NET.SECR.P6,SUR,2021,5297.00791071637
secure_internet_servers_per_million_people,IT.NET.SECR.P6,SUR,2020,6800.39913966132
secure_internet_servers_per_million_people,IT.NET.SECR.P6,SUR,2019,505.143883466938
secure_internet_servers_per_million_people,IT.NET.SECR.P6,SWE,2022,45805.4450768818
secure_internet_servers_per_million_people,IT.NET.SECR.P6,SWE,2021,38601.5068821813
secure_internet_servers_per_million_people,IT.NET.SECR.P6,SWE,2020,32739.7400787101
secure_internet_servers_per_million_people,IT.NET.SECR.P6,SWE,2019,25688.2870684346
secure_internet_servers_per_million_people,IT.NET.SECR.P6,CHE,2022,151274.203927316
secure_internet_servers_per_million_people,IT.NET.SECR.P6,CHE,2021,140348.158307165
secure_internet_servers_per_million_people,IT.NET.SECR.P6,CHE,2020,120002.310675401
secure_internet_servers_per_million_people,IT.NET.SECR.P6,CHE,2019,95783.2280695208
secure_internet_servers_per_million_people,IT.NET.SECR.P6,SYR,2022,78.9327016580275
secure_internet_servers_per_million_people,IT.NET.SECR.P6,SYR,2021,46.4195049951595
secure_internet_servers_per_million_people,IT.NET.SECR.P6,SYR,2020,32.589957665835
secure_internet_servers_per_million_people,IT.NET.SECR.P6,SYR,2019,18.9647655291705
secure_internet_servers_per_million_people,IT.NET.SECR.P6,TJK,2022,100.371019213684
secure_internet_servers_per_million_people,IT.NET.SECR.P6,TJK,2021,100.532682753769
secure_internet_servers_per_million_people,IT.NET.SECR.P6,TJK,2020,90.2627980851978
secure_internet_servers_per_million_people,IT.NET.SECR.P6,TJK,2019,69.5700278468989
secure_internet_servers_per_million_people,IT.NET.SECR.P6,TZA,2022,43.9332405743921
secure_internet_servers_per_million_people,IT.NET.SECR.P6,TZA,2021,35.8743469643331
secure_internet_servers_per_million_people,IT.NET.SECR.P6,TZA,2020,37.4101250856161
secure_internet_servers_per_million_people,IT.NET.SECR.P6,TZA,2019,38.327066795949
secure_internet_servers_per_million_people,IT.NET.SECR.P6,THA,2022,2746.24794708894
secure_internet_servers_per_million_people,IT.NET.SECR.P6,THA,2021,2134.31889534104
secure_internet_servers_per_million_people,IT.NET.SECR.P6,THA,2020,1859.02067578611
secure_internet_servers_per_million_people,IT.NET.SECR.P6,THA,2019,1366.58132681497
secure_internet_servers_per_million_people,IT.NET.SECR.P6,TLS,2022,211.787817818659
secure_internet_servers_per_million_people,IT.NET.SECR.P6,TLS,2021,118.506316757015
secure_internet_servers_per_million_people,IT.NET.SECR.P6,TLS,2020,89.7400028505648
secure_internet_servers_per_million_people,IT.NET.SECR.P6,TLS,2019,37.664928186818
secure_internet_servers_per_million_people,IT.NET.SECR.P6,TGO,2022,90.8458154409629
secure_internet_servers_per_million_people,IT.NET.SECR.P6,TGO,2021,28.0991752199044
secure_internet_servers_per_million_people,IT.NET.SECR.P6,TGO,2020,28.1199899230283
secure_internet_servers_per_million_people,IT.NET.SECR.P6,TGO,2019,20.8663471097156
secure_internet_servers_per_million_people,IT.NET.SECR.P6,TON,2022,780.64012490242
secure_internet_servers_per_million_people,IT.NET.SECR.P6,TON,2021,692.008721205802
secure_internet_servers_per_million_people,IT.NET.SECR.P6,TON,2020,558.162415802619
secure_internet_servers_per_million_people,IT.NET.SECR.P6,TON,2019,227.124322175851
secure_internet_servers_per_million_people,IT.NET.SECR.P6,TTO,2022,401.960748423091
secure_internet_servers_per_million_people,IT.NET.SECR.P6,TTO,2021,348.796906602864
secure_internet_servers_per_million_people,IT.NET.SECR.P6,TTO,2020,348.277817410232
secure_internet_servers_per_million_people,IT.NET.SECR.P6,TTO,2019,319.651609071947
secure_internet_servers_per_million_people,IT.NET.SECR.P6,TUN,2022,739.562091448259
secure_internet_servers_per_million_people,IT.NET.SECR.P6,TUN,2021,413.491268960052
secure_internet_servers_per_million_people,IT.NET.SECR.P6,TUN,2020,324.200895318938
secure_internet_servers_per_million_people,IT.NET.SECR.P6,TUN,2019,266.861337619508
secure_internet_servers_per_million_people,IT.NET.SECR.P6,TUR,2022,9166.00138199718
secure_internet_servers_per_million_people,IT.NET.SECR.P6,TUR,2021,7755.87404936661
secure_internet_servers_per_million_people,IT.NET.SECR.P6,TUR,2020,6837.08326277681
secure_internet_servers_per_million_people,IT.NET.SECR.P6,TUR,2019,5494.176274385
secure_internet_servers_per_million_people,IT.NET.SECR.P6,TKM,2022,103.455052997894
secure_internet_servers_per_million_people,IT.NET.SECR.P6,TKM,2021,87.7039239609799
secure_internet_servers_per_million_people,IT.NET.SECR.P6,TKM,2020,41.1516001929233
secure_internet_servers_per_million_people,IT.NET.SECR.P6,TKM,2019,17.4898558835875
secure_internet_servers_per_million_people,IT.NET.SECR.P6,TCA,2022,676.162017143979
secure_internet_servers_per_million_people,IT.NET.SECR.P6,TCA,2021,640.983135512676
secure_internet_servers_per_million_people,IT.NET.SECR.P6,TCA,2020,675.888793763799
secure_internet_servers_per_million_people,IT.NET.SECR.P6,TCA,2019,671.825047491081
secure_internet_servers_per_million_people,IT.NET.SECR.P6,TUV,2022,500.400320256205
secure_internet_servers_per_million_people,IT.NET.SECR.P6,TUV,2021,588.581518540318
secure_internet_servers_per_million_people,IT.NET.SECR.P6,TUV,2020,288.489277815175
secure_internet_servers_per_million_people,IT.NET.SECR.P6,TUV,2019,94.5090256119459
secure_internet_servers_per_million_people,IT.NET.SECR.P6,UGA,2022,43.8571285662107
secure_internet_servers_per_million_people,IT.NET.SECR.P6,UGA,2021,34.4144629612164
secure_internet_servers_per_million_people,IT.NET.SECR.P6,UGA,2020,35.3823834689186
secure_internet_servers_per_million_people,IT.NET.SECR.P6,UGA,2019,22.6280979999901
secure_internet_servers_per_million_people,IT.NET.SECR.P6,UKR,2022,8917.22299276914
secure_internet_servers_per_million_people,IT.NET.SECR.P6,UKR,2021,9534.33333393531
secure_internet_servers_per_million_people,IT.NET.SECR.P6,UKR,2020,8842.70089978038
secure_internet_servers_per_million_people,IT.NET.SECR.P6,UKR,2019,7767.05391127764
secure_internet_servers_per_million_people,IT.NET.SECR.P6,ARE,2022,1626.60420961755
secure_internet_servers_per_million_people,IT.NET.SECR.P6,ARE,2021,2580.22013645319
secure_internet_servers_per_million_people,IT.NET.SECR.P6,ARE,2020,1478.66650469874
secure_internet_servers_per_million_people,IT.NET.SECR.P6,ARE,2019,1977.81338448843
secure_internet_servers_per_million_people,IT.NET.SECR.P6,GBR,2022,44399.8758057839
secure_internet_servers_per_million_people,IT.NET.SECR.P6,GBR,2021,44117.1578727343
secure_internet_servers_per_million_people,IT.NET.SECR.P6,GBR,2020,36638.822295475
secure_internet_servers_per_million_people,IT.NET.SECR.P6,GBR,2019,36100.9935762742
secure_internet_servers_per_million_people,IT.NET.SECR.P6,USA,2022,180224.392542979
secure_internet_servers_per_million_people,IT.NET.SECR.P6,USA,2021,156949.241031093
secure_internet_servers_per_million_people,IT.NET.SECR.P6,USA,2020,140775.6104426
secure_internet_servers_per_million_people,IT.NET.SECR.P6,USA,2019,123268.08312533
secure_internet_servers_per_million_people,IT.NET.SECR.P6,URY,2022,4678.38602759788
secure_internet_servers_per_million_people,IT.NET.SECR.P6,URY,2021,2491.53957008209
secure_internet_servers_per_million_people,IT.NET.SECR.P6,URY,2020,1964.41978859466
secure_internet_servers_per_million_people,IT.NET.SECR.P6,URY,2019,1843.2794478757
secure_internet_servers_per_million_people,IT.NET.SECR.P6,UZB,2022,733.565156714046
secure_internet_servers_per_million_people,IT.NET.SECR.P6,UZB,2021,595.02922815341
secure_internet_servers_per_million_people,IT.NET.SECR.P6,UZB,2020,477.693750310394
secure_internet_servers_per_million_people,IT.NET.SECR.P6,UZB,2019,460.977941222643
secure_internet_servers_per_million_people,IT.NET.SECR.P6,VUT,2022,2319.14798464123
secure_internet_servers_per_million_people,IT.NET.SECR.P6,VUT,2021,2818.20916212222
secure_internet_servers_per_million_people,IT.NET.SECR.P6,VUT,2020,374.759919426617
secure_internet_servers_per_million_people,IT.NET.SECR.P6,VUT,2019,359.607514084628
secure_internet_servers_per_million_people,IT.NET.SECR.P6,VEN,2022,214.369133226695
secure_internet_servers_per_million_people,IT.NET.SECR.P6,VEN,2021,147.178469050698
secure_internet_servers_per_million_people,IT.NET.SECR.P6,VEN,2020,194.45173067138
secure_internet_servers_per_million_people,IT.NET.SECR.P6,VEN,2019,213.939423385739
secure_internet_servers_per_million_people,IT.NET.SECR.P6,VNM,2022,4713.44214180776
secure_internet_servers_per_million_people,IT.NET.SECR.P6,VNM,2021,3846.57222455068
secure_internet_servers_per_million_people,IT.NET.SECR.P6,VNM,2020,3082.33578313263
secure_internet_servers_per_million_people,IT.NET.SECR.P6,VNM,2019,2577.96918378473
secure_internet_servers_per_million_people,IT.NET.SECR.P6,VIR,2022,607.135742270877
secure_internet_servers_per_million_people,IT.NET.SECR.P6,VIR,2021,472.277321243034
secure_internet_servers_per_million_people,IT.NET.SECR.P6,VIR,2020,649.167372283376
secure_internet_servers_per_million_people,IT.NET.SECR.P6,VIR,2019,1181.22416072148
secure_internet_servers_per_million_people,IT.NET.SECR.P6,PSE,2022,517.882818900423
secure_internet_servers_per_million_people,IT.NET.SECR.P6,PSE,2021,594.180202971957
secure_internet_servers_per_million_people,IT.NET.SECR.P6,PSE,2020,535.676848413029
secure_internet_servers_per_million_people,IT.NET.SECR.P6,PSE,2019,557.701033827887
secure_internet_servers_per_million_people,IT.NET.SECR.P6,YEM,2022,9.20914480637197
secure_internet_servers_per_million_people,IT.NET.SECR.P6,YEM,2021,8.69676897531329
secure_internet_servers_per_million_people,IT.NET.SECR.P6,YEM,2020,4.67692377856808
secure_internet_servers_per_million_people,IT.NET.SECR.P6,YEM,2019,3.6740195665181
secure_internet_servers_per_million_people,IT.NET.SECR.P6,ZMB,2022,49.8190387922595
secure_internet_servers_per_million_people,IT.NET.SECR.P6,ZMB,2021,44.3285768787346
secure_internet_servers_per_million_people,IT.NET.SECR.P6,ZMB,2020,39.0883341260308
secure_internet_servers_per_million_people,IT.NET.SECR.P6,ZMB,2019,35.0008445034009
secure_internet_servers_per_million_people,IT.NET.SECR.P6,ZWE,2022,78.1004185933511
secure_internet_servers_per_million_people,IT.NET.SECR.P6,ZWE,2021,75.8994784522077
secure_internet_servers_per_million_people,IT.NET.SECR.P6,ZWE,2020,71.2956775369282
secure_internet_servers_per_million_people,IT.NET.SECR.P6,ZWE,2019,64.8926802104435
urban_population_pct,SP.URB.TOTL.IN.ZS,AFE,2022,37.3605781096471
urban_population_pct,SP.URB.TOTL.IN.ZS,AFE,2021,36.9085426088518
urban_population_pct,SP.URB.TOTL.IN.ZS,AFE,2020,36.4883219609866
urban_population_pct,SP.URB.TOTL.IN.ZS,AFE,2019,36.0973307017698
urban_population_pct,SP.URB.TOTL.IN.ZS,AFW,2022,51.7001028474527
urban_population_pct,SP.URB.TOTL.IN.ZS,AFW,2021,51.0894191806819
urban_population_pct,SP.URB.TOTL.IN.ZS,AFW,2020,50.4923214842153
urban_population_pct,SP.URB.TOTL.IN.ZS,AFW,2019,49.9054685471984
urban_population_pct,SP.URB.TOTL.IN.ZS,ARB,2022,59.3339325148117
urban_population_pct,SP.URB.TOTL.IN.ZS,ARB,2021,59.112484714184
urban_population_pct,SP.URB.TOTL.IN.ZS,ARB,2020,59.0899689866908
urban_population_pct,SP.URB.TOTL.IN.ZS,ARB,2019,58.8962879377102
urban_population_pct,SP.URB.TOTL.IN.ZS,CSS,2022,50.1314448681558
urban_population_pct,SP.URB.TOTL.IN.ZS,CSS,2021,50.1235419064094
urban_population_pct,SP.URB.TOTL.IN.ZS,CSS,2020,50.1148273041796
urban_population_pct,SP.URB.TOTL.IN.ZS,CSS,2019,50.0613448862218
urban_population_pct,SP.URB.TOTL.IN.ZS,CEB,2022,61.5935240282645
urban_population_pct,SP.URB.TOTL.IN.ZS,CEB,2021,61.5491099540844
urban_population_pct,SP.URB.TOTL.IN.ZS,CEB,2020,61.6318247679717
urban_population_pct,SP.URB.TOTL.IN.ZS,CEB,2019,61.7449526458334
urban_population_pct,SP.URB.TOTL.IN.ZS,EAR,2022,46.6969243405166
urban_population_pct,SP.URB.TOTL.IN.ZS,EAR,2021,46.3752600779412
urban_population_pct,SP.URB.TOTL.IN.ZS,EAR,2020,46.0812452315672
urban_population_pct,SP.URB.TOTL.IN.ZS,EAR,2019,45.7649596058874
urban_population_pct,SP.URB.TOTL.IN.ZS,EAS,2022,63.6828244393002
urban_population_pct,SP.URB.TOTL.IN.ZS,EAS,2021,63.2351929830371
urban_population_pct,SP.URB.TOTL.IN.ZS,EAS,2020,62.3741418144863
urban_population_pct,SP.URB.TOTL.IN.ZS,EAS,2019,61.7435560127223
urban_population_pct,SP.URB.TOTL.IN.ZS,EAP,2022,60.8593968560328
urban_population_pct,SP.URB.TOTL.IN.ZS,EAP,2021,60.3526131684329
urban_population_pct,SP.URB.TOTL.IN.ZS,EAP,2020,59.3705245555409
urban_population_pct,SP.URB.TOTL.IN.ZS,EAP,2019,58.6555692756585
urban_population_pct,SP.URB.TOTL.IN.ZS,TEA,2022,60.8301827838521
urban_population_pct,SP.URB.TOTL.IN.ZS,TEA,2021,60.3208754851698
urban_population_pct,SP.URB.TOTL.IN.ZS,TEA,2020,59.3301997601025
urban_population_pct,SP.URB.TOTL.IN.ZS,TEA,2019,58.6098141698239
urban_population_pct,SP.URB.TOTL.IN.ZS,EMU,2022,77.0874793664882
urban_population_pct,SP.URB.TOTL.IN.ZS,EMU,2021,76.96550965754
urban_population_pct,SP.URB.TOTL.IN.ZS,EMU,2020,76.856499971289
urban_population_pct,SP.URB.TOTL.IN.ZS,EMU,2019,76.7497988367106
urban_population_pct,SP.URB.TOTL.IN.ZS,ECS,2022,73.729597001213
urban_population_pct,SP.URB.TOTL.IN.ZS,ECS,2021,73.6225305947295
urban_population_pct,SP.URB.TOTL.IN.ZS,ECS,2020,73.4955944360825
urban_population_pct,SP.URB.TOTL.IN.ZS,ECS,2019,73.3626410452614
urban_population_pct,SP.URB.TOTL.IN.ZS,ECA,2022,68.1628939259503
urban_population_pct,SP.URB.TOTL.IN.ZS,ECA,2021,68.150425455559
urban_population_pct,SP.URB.TOTL.IN.ZS,ECA,2020,67.9547177892126
urban_population_pct,SP.URB.TOTL.IN.ZS,ECA,2019,67.7517086172661
urban_population_pct,SP.URB.TOTL.IN.ZS,TEC,2022,68.9112783282391
urban_population_pct,SP.URB.TOTL.IN.ZS,TEC,2021,68.8680370709709
urban_population_pct,SP.URB.TOTL.IN.ZS,TEC,2020,68.7550754784278
urban_population_pct,SP.URB.TOTL.IN.ZS,TEC,2019,68.6393881359924
urban_population_pct,SP.URB.TOTL.IN.ZS,EUU,2022,74.7659682006806
urban_population_pct,SP.URB.TOTL.IN.ZS,EUU,2021,74.6469430900615
urban_population_pct,SP.URB.TOTL.IN.ZS,EUU,2020,74.5499802167242
urban_population_pct,SP.URB.TOTL.IN.ZS,EUU,2019,74.4596491524844
urban_population_pct,SP.URB.TOTL.IN.ZS,HPC,2022,36.9406309816039
urban_population_pct,SP.URB.TOTL.IN.ZS,HPC,2021,36.4661763671202
urban_population_pct,SP.URB.TOTL.IN.ZS,HPC,2020,36.0239709463492
urban_population_pct,SP.URB.TOTL.IN.ZS,HPC,2019,35.60787726524
urban_population_pct,SP.URB.TOTL.IN.ZS,IBD,2022,57.7552337954716
urban_population_pct,SP.URB.TOTL.IN.ZS,IBD,2021,57.4187341409059
urban_population_pct,SP.URB.TOTL.IN.ZS,IBD,2020,56.8651715048446
urban_population_pct,SP.URB.TOTL.IN.ZS,IBD,2019,56.4284852445038
urban_population_pct,SP.URB.TOTL.IN.ZS,IBT,2022,52.8163796983223
urban_population_pct,SP.URB.TOTL.IN.ZS,IBT,2021,52.5081681188004
urban_population_pct,SP.URB.TOTL.IN.ZS,IBT,2020,52.0454778410909
urban_population_pct,SP.URB.TOTL.IN.ZS,IBT,2019,51.6653910881874
urban_population_pct,SP.URB.TOTL.IN.ZS,IDB,2022,47.6330129185198
urban_population_pct,SP.URB.TOTL.IN.ZS,IDB,2021,47.0949322895637
urban_population_pct,SP.URB.TOTL.IN.ZS,IDB,2020,46.5685904859548
urban_population_pct,SP.URB.TOTL.IN.ZS,IDB,2019,46.0543233703288
urban_population_pct,SP.URB.TOTL.IN.ZS,IDX,2022,35.5450909648779
urban_population_pct,SP.URB.TOTL.IN.ZS,IDX,2021,35.1349266899544
urban_population_pct,SP.URB.TOTL.IN.ZS,IDX,2020,34.7470118346024
urban_population_pct,SP.URB.TOTL.IN.ZS,IDX,2019,34.3572845737014
urban_population_pct,SP.URB.TOTL.IN.ZS,IDA,2022,39.7691797117658
urban_population_pct,SP.URB.TOTL.IN.ZS,IDA,2021,39.3204218850565
urban_population_pct,SP.URB.TOTL.IN.ZS,IDA,2020,38.8904386172881
urban_population_pct,SP.URB.TOTL.IN.ZS,IDA,2019,38.4653846981284
urban_population_pct,SP.URB.TOTL.IN.ZS,LTE,2022,66.577578734994
urban_population_pct,SP.URB.TOTL.IN.ZS,LTE,2021,66.1284355869503
urban_population_pct,SP.URB.TOTL.IN.ZS,LTE,2020,65.2628534044695
urban_population_pct,SP.URB.TOTL.IN.ZS,LTE,2019,64.6307387465605
urban_population_pct,SP.URB.TOTL.IN.ZS,LCN,2022,80.8277330006255
urban_population_pct,SP.URB.TOTL.IN.ZS,LCN,2021,80.6341875645003
urban_population_pct,SP.URB.TOTL.IN.ZS,LCN,2020,80.4373918656823
urban_population_pct,SP.URB.TOTL.IN.ZS,LCN,2019,80.2273019080141
urban_population_pct,SP.URB.TOTL.IN.ZS,LAC,2022,80.7043500381091
urban_population_pct,SP.URB.TOTL.IN.ZS,LAC,2021,80.5058130551037
urban_population_pct,SP.URB.TOTL.IN.ZS,LAC,2020,80.3040110850269
urban_population_pct,SP.URB.TOTL.IN.ZS,LAC,2019,80.0895983954183
urban_population_pct,SP.URB.TOTL.IN.ZS,TLA,2022,80.8195255101746
urban_population_pct,SP.URB.TOTL.IN.ZS,TLA,2021,80.621099914497
urban_population_pct,SP.URB.TOTL.IN.ZS,TLA,2020,80.4192977316043
urban_population_pct,SP.URB.TOTL.IN.ZS,TLA,2019,80.2043693016899
urban_population_pct,SP.URB.TOTL.IN.ZS,LDC,2022,35.2521934518586
urban_population_pct,SP.URB.TOTL.IN.ZS,LDC,2021,34.8106741074615
urban_population_pct,SP.URB.TOTL.IN.ZS,LDC,2020,34.3799933582931
urban_population_pct,SP.URB.TOTL.IN.ZS,LDC,2019,33.9542997559168
urban_population_pct,SP.URB.TOTL.IN.ZS,LMY,2022,52.2288701723598
urban_population_pct,SP.URB.TOTL.IN.ZS,LMY,2021,51.9053998647644
urban_population_pct,SP.URB.TOTL.IN.ZS,LMY,2020,51.4188594538107
urban_population_pct,SP.URB.TOTL.IN.ZS,LMY,2019,51.0178827228954
urban_population_pct,SP.URB.TOTL.IN.ZS,MEA,2022,55.12536380356
urban_population_pct,SP.URB.TOTL.IN.ZS,MEA,2021,54.8188568175474
urban_population_pct,SP.URB.TOTL.IN.ZS,MEA,2020,54.6812240122644
urban_population_pct,SP.URB.TOTL.IN.ZS,MEA,2019,54.4404080887212
urban_population_pct,SP.URB.TOTL.IN.ZS,MNA,2022,52.1693289932022
urban_population_pct,SP.URB.TOTL.IN.ZS,MNA,2021,51.9157887433595
urban_population_pct,SP.URB.TOTL.IN.ZS,MNA,2020,51.6896857274925
urban_population_pct,SP.URB.TOTL.IN.ZS,MNA,2019,51.461592912125
urban_population_pct,SP.URB.TOTL.IN.ZS,TMN,2022,51.925275557204
urban_population_pct,SP.URB.TOTL.IN.ZS,TMN,2021,51.6735754616086
urban_population_pct,SP.URB.TOTL.IN.ZS,TMN,2020,51.4495362826798
urban_population_pct,SP.URB.TOTL.IN.ZS,TMN,2019,51.2234331146053
urban_population_pct,SP.URB.TOTL.IN.ZS,MIC,2022,54.4326887515123
urban_population_pct,SP.URB.TOTL.IN.ZS,MIC,2021,54.0812947662006
urban_population_pct,SP.URB.TOTL.IN.ZS,MIC,2020,53.543730448338
urban_population_pct,SP.URB.TOTL.IN.ZS,MIC,2019,53.1016369485035
urban_population_pct,SP.URB.TOTL.IN.ZS,NAC,2022,80.2779687115812
urban_population_pct,SP.URB.TOTL.IN.ZS,NAC,2021,80.2350390902744
urban_population_pct,SP.URB.TOTL.IN.ZS,NAC,2020,80.2018987822716
urban_population_pct,SP.URB.TOTL.IN.ZS,NAC,2019,80.2981427760977
urban_population_pct,SP.URB.TOTL.IN.ZS,OED,2022,80.949627748444
urban_population_pct,SP.URB.TOTL.IN.ZS,OED,2021,80.8557784895293
urban_population_pct,SP.URB.TOTL.IN.ZS,OED,2020,80.7381377175693
urban_population_pct,SP.URB.TOTL.IN.ZS,OED,2019,80.6506763352269
urban_population_pct,SP.URB.TOTL.IN.ZS,OSS,2022,54.4367375147272
urban_population_pct,SP.URB.TOTL.IN.ZS,OSS,2021,54.2199717949652
urban_population_pct,SP.URB.TOTL.IN.ZS,OSS,2020,54.0599291555754
urban_population_pct,SP.URB.TOTL.IN.ZS,OSS,2019,53.8727328667505
urban_population_pct,SP.URB.TOTL.IN.ZS,PSS,2022,39.9427900823495
urban_population_pct,SP.URB.TOTL.IN.ZS,PSS,2021,39.6583318985728
urban_population_pct,SP.URB.TOTL.IN.ZS,PSS,2020,39.4509108653665
urban_population_pct,SP.URB.TOTL.IN.ZS,PSS,2019,39.2708800377762
urban_population_pct,SP.URB.TOTL.IN.ZS,PST,2022,80.9329132113806
urban_population_pct,SP.URB.TOTL.IN.ZS,PST,2021,80.8170398426815
urban_population_pct,SP.URB.TOTL.IN.ZS,PST,2020,80.7390351837835
urban_population_pct,SP.URB.TOTL.IN.ZS,PST,2019,80.7012981435582
urban_population_pct,SP.URB.TOTL.IN.ZS,PRE,2022,44.4496171500869
urban_population_pct,SP.URB.TOTL.IN.ZS,PRE,2021,43.966697242761
urban_population_pct,SP.URB.TOTL.IN.ZS,PRE,2020,43.4980819386669
urban_population_pct,SP.URB.TOTL.IN.ZS,PRE,2019,43.0478017904088
urban_population_pct,SP.URB.TOTL.IN.ZS,SST,2022,51.5222800598785
urban_population_pct,SP.URB.TOTL.IN.ZS,SST,2021,51.340072776001
urban_population_pct,SP.URB.TOTL.IN.ZS,SST,2020,51.2091700462085
urban_population_pct,SP.URB.TOTL.IN.ZS,SST,2019,51.0510007537325
urban_population_pct,SP.URB.TOTL.IN.ZS,SAS,2022,34.8137520955194
urban_population_pct,SP.URB.TOTL.IN.ZS,SAS,2021,34.5086968655354
urban_population_pct,SP.URB.TOTL.IN.ZS,SAS,2020,34.2000653894608
urban_population_pct,SP.URB.TOTL.IN.ZS,SAS,2019,33.8860664509609
urban_population_pct,SP.URB.TOTL.IN.ZS,TSA,2022,34.8137520955194
urban_population_pct,SP.URB.TOTL.IN.ZS,TSA,2021,34.5086968655354
urban_population_pct,SP.URB.TOTL.IN.ZS,TSA,2020,34.2000653894608
urban_population_pct,SP.URB.TOTL.IN.ZS,TSA,2019,33.8860664509609
urban_population_pct,SP.URB.TOTL.IN.ZS,SSF,2022,43.1558281440802
urban_population_pct,SP.URB.TOTL.IN.ZS,SSF,2021,42.6489634636483
urban_population_pct,SP.URB.TOTL.IN.ZS,SSF,2020,42.1670568799491
urban_population_pct,SP.URB.TOTL.IN.ZS,SSF,2019,41.7071031134135
urban_population_pct,SP.URB.TOTL.IN.ZS,SSA,2022,43.15565683019
urban_population_pct,SP.URB.TOTL.IN.ZS,SSA,2021,42.6488015882409
urban_population_pct,SP.URB.TOTL.IN.ZS,SSA,2020,42.1668776172731
urban_population_pct,SP.URB.TOTL.IN.ZS,SSA,2019,41.7069060558369
urban_population_pct,SP.URB.TOTL.IN.ZS,TSS,2022,43.1558281440802
urban_population_pct,SP.URB.TOTL.IN.ZS,TSS,2021,42.6489634636483
urban_population_pct,SP.URB.TOTL.IN.ZS,TSS,2020,42.1670568799491
urban_population_pct,SP.URB.TOTL.IN.ZS,TSS,2019,41.7071031134135
urban_population_pct,SP.URB.TOTL.IN.ZS,WLD,2022,57.0722541398634
urban_population_pct,SP.URB.TOTL.IN.ZS,WLD,2021,56.80922270108
urban_population_pct,SP.URB.TOTL.IN.ZS,WLD,2020,56.4441759386598
urban_population_pct,SP.URB.TOTL.IN.ZS,WLD,2019,56.1409825640469
urban_population_pct,SP.URB.TOTL.IN.ZS,AFG,2022,25.3939250580909
urban_population_pct,SP.URB.TOTL.IN.ZS,AFG,2021,25.3478620272481
urban_population_pct,SP.URB.TOTL.IN.ZS,AFG,2020,25.2622103446137
urban_population_pct,SP.URB.TOTL.IN.ZS,AFG,2019,25.1437258839803
urban_population_pct,SP.URB.TOTL.IN.ZS,ALB,2022,57.8643477747383
urban_population_pct,SP.URB.TOTL.IN.ZS,ALB,2021,57.5077187031778
urban_population_pct,SP.URB.TOTL.IN.ZS,ALB,2020,57.1408592155544
urban_population_pct,SP.URB.TOTL.IN.ZS,ALB,2019,56.7639071287255
urban_population_pct,SP.URB.TOTL.IN.ZS,DZA,2022,74.1795862354514
urban_population_pct,SP.URB.TOTL.IN.ZS,DZA,2021,73.6199218261573
urban_population_pct,SP.URB.TOTL.IN.ZS,DZA,2020,73.0541126293395
urban_population_pct,SP.URB.TOTL.IN.ZS,DZA,2019,72.4824561380175
urban_population_pct,SP.URB.TOTL.IN.ZS,ASM,2022,81.794797704649
urban_population_pct,SP.URB.TOTL.IN.ZS,ASM,2021,82.2127091544092
urban_population_pct,SP.URB.TOTL.IN.ZS,ASM,2020,82.6240780620716
urban_population_pct,SP.URB.TOTL.IN.ZS,ASM,2019,83.0542171797274
urban_population_pct,SP.URB.TOTL.IN.ZS,AND,2022,88.7548766267286
urban_population_pct,SP.URB.TOTL.IN.ZS,AND,2021,88.6627318165299
urban_population_pct,SP.URB.TOTL.IN.ZS,AND,2020,88.5907780427517
urban_population_pct,SP.URB.TOTL.IN.ZS,AND,2019,88.5391793666245
urban_population_pct,SP.URB.TOTL.IN.ZS,AGO,2022,69.0506188977513
urban_population_pct,SP.URB.TOTL.IN.ZS,AGO,2021,68.2524163556969
urban_population_pct,SP.URB.TOTL.IN.ZS,AGO,2020,67.4568270208187
urban_population_pct,SP.URB.TOTL.IN.ZS,AGO,2019,66.6637823180533
urban_population_pct,SP.URB.TOTL.IN.ZS,ATG,2022,24.5114484000414
urban_population_pct,SP.URB.TOTL.IN.ZS,ATG,2021,24.574983819566
urban_population_pct,SP.URB.TOTL.IN.ZS,ATG,2020,24.6406156275043
urban_population_pct,SP.URB.TOTL.IN.ZS,ATG,2019,24.708337524045
urban_population_pct,SP.URB.TOTL.IN.ZS,ARG,2022,92.112838186126
urban_population_pct,SP.URB.TOTL.IN.ZS,ARG,2021,92.0292776175651
urban_population_pct,SP.URB.TOTL.IN.ZS,ARG,2020,91.9439026594897
urban_population_pct,SP.URB.TOTL.IN.ZS,ARG,2019,91.8567844513802
urban_population_pct,SP.URB.TOTL.IN.ZS,ARM,2022,65.5624462874485
urban_population_pct,SP.URB.TOTL.IN.ZS,ARM,2021,65.3572875314441
urban_population_pct,SP.URB.TOTL.IN.ZS,ARM,2020,65.174217253699
urban_population_pct,SP.URB.TOTL.IN.ZS,ARM,2019,65.0047033570428
urban_population_pct,SP.URB.TOTL.IN.ZS,ABW,2022,61.8811657924257
urban_population_pct,SP.URB.TOTL.IN.ZS,ABW,2021,61.9275339886843
urban_population_pct,SP.URB.TOTL.IN.ZS,ABW,2020,62.0028837566365
urban_population_pct,SP.URB.TOTL.IN.ZS,ABW,2019,62.288276286885
urban_population_pct,SP.URB.TOTL.IN.ZS,AUS,2022,87.3343268253813
urban_population_pct,SP.URB.TOTL.IN.ZS,AUS,2021,87.2353407632761
urban_population_pct,SP.URB.TOTL.IN.ZS,AUS,2020,87.2713470458985
urban_population_pct,SP.URB.TOTL.IN.ZS,AUS,2019,87.3019647888406
urban_population_pct,SP.URB.TOTL.IN.ZS,AUT,2022,68.998085127906
urban_population_pct,SP.URB.TOTL.IN.ZS,AUT,2021,68.773601700253
urban_population_pct,SP.URB.TOTL.IN.ZS,AUT,2020,68.5410177924001
urban_population_pct,SP.URB.TOTL.IN.ZS,AUT,2019,68.3176044750522
urban_population_pct,SP.URB.TOTL.IN.ZS,AZE,2022,58.4382815854684
urban_population_pct,SP.URB.TOTL.IN.ZS,AZE,2021,58.3659969744818
urban_population_pct,SP.URB.TOTL.IN.ZS,AZE,2020,58.2934691761937
urban_population_pct,SP.URB.TOTL.IN.ZS,AZE,2019,58.1308191977779
urban_population_pct,SP.URB.TOTL.IN.ZS,BHS,2022,81.3200717047725
urban_population_pct,SP.URB.TOTL.IN.ZS,BHS,2021,81.4784235345083
urban_population_pct,SP.URB.TOTL.IN.ZS,BHS,2020,81.6642600232849
urban_population_pct,SP.URB.TOTL.IN.ZS,BHS,2019,81.8257463283204
urban_population_pct,SP.URB.TOTL.IN.ZS,BHR,2022,100.0
urban_population_pct,SP.URB.TOTL.IN.ZS,BHR,2021,100.0
urban_population_pct,SP.URB.TOTL.IN.ZS,BHR,2020,100.0
urban_population_pct,SP.URB.TOTL.IN.ZS,BHR,2019,100.0
urban_population_pct,SP.URB.TOTL.IN.ZS,BGD,2022,31.673734726234
urban_population_pct,SP.URB.TOTL.IN.ZS,BGD,2021,31.3992156886061
urban_population_pct,SP.URB.TOTL.IN.ZS,BGD,2020,31.1168927321524
urban_population_pct,SP.URB.TOTL.IN.ZS,BGD,2019,30.8228396343012
urban_population_pct,SP.URB.TOTL.IN.ZS,BRB,2022,59.3538514107686
urban_population_pct,SP.URB.TOTL.IN.ZS,BRB,2021,59.3220365433819
urban_population_pct,SP.URB.TOTL.IN.ZS,BRB,2020,59.3014583324011
urban_population_pct,SP.URB.TOTL.IN.ZS,BRB,2019,59.2841140645486
urban_population_pct,SP.URB.TOTL.IN.ZS,BLR,2022,78.4732787892908
urban_population_pct,SP.URB.TOTL.IN.ZS,BLR,2021,78.131086803694
urban_population_pct,SP.URB.TOTL.IN.ZS,BLR,2020,77.7890385790408
urban_population_pct,SP.URB.TOTL.IN.ZS,BLR,2019,77.4550771852757
urban_population_pct,SP.URB.TOTL.IN.ZS,BEL,2022,87.489200269855
urban_population_pct,SP.URB.TOTL.IN.ZS,BEL,2021,87.4305564090635
urban_population_pct,SP.URB.TOTL.IN.ZS,BEL,2020,87.2964994991269
urban_population_pct,SP.URB.TOTL.IN.ZS,BEL,2019,87.0961631189222
urban_population_pct,SP.URB.TOTL.IN.ZS,BLZ,2022,42.1373251262137
urban_population_pct,SP.URB.TOTL.IN.ZS,BLZ,2021,42.3910809205294
urban_population_pct,SP.URB.TOTL.IN.ZS,BLZ,2020,42.649842440311
urban_population_pct,SP.URB.TOTL.IN.ZS,BLZ,2019,42.9077622153323
urban_population_pct,SP.URB.TOTL.IN.ZS,BEN,2022,50.9627000010887
urban_population_pct,SP.URB.TOTL.IN.ZS,BEN,2021,50.1961807561354
urban_population_pct,SP.URB.TOTL.IN.ZS,BEN,2020,49.4461567219896
urban_population_pct,SP.URB.TOTL.IN.ZS,BEN,2019,48.7125500590248
urban_population_pct,SP.URB.TOTL.IN.ZS,BMU,2022,100.0
urban_population_pct,SP.URB.TOTL.IN.ZS,BMU,2021,100.0
urban_population_pct,SP.URB.TOTL.IN.ZS,BMU,2020,100.0
urban_population_pct,SP.URB.TOTL.IN.ZS,BMU,2019,100.0
urban_population_pct,SP.URB.TOTL.IN.ZS,BTN,2022,40.9365143617581
urban_population_pct,SP.URB.TOTL.IN.ZS,BTN,2021,40.3075199874379
urban_population_pct,SP.URB.TOTL.IN.ZS,BTN,2020,39.6888839873439
urban_population_pct,SP.URB.TOTL.IN.ZS,BTN,2019,39.0746823405146
urban_population_pct,SP.URB.TOTL.IN.ZS,BOL,2022,70.6352598708131
urban_population_pct,SP.URB.TOTL.IN.ZS,BOL,2021,70.3450412826165
urban_population_pct,SP.URB.TOTL.IN.ZS,BOL,2020,70.0442635528254
urban_population_pct,SP.URB.TOTL.IN.ZS,BOL,2019,69.7334986708387
urban_population_pct,SP.URB.TOTL.IN.ZS,BIH,2022,51.0215287060993
urban_population_pct,SP.URB.TOTL.IN.ZS,BIH,2021,50.4899479477034
urban_population_pct,SP.URB.TOTL.IN.ZS,BIH,2020,49.9710852122997
urban_population_pct,SP.URB.TOTL.IN.ZS,BIH,2019,49.4650440037758
urban_population_pct,SP.URB.TOTL.IN.ZS,BWA,2022,66.5889787170477
urban_population_pct,SP.URB.TOTL.IN.ZS,BWA,2021,66.5182767068255
urban_population_pct,SP.URB.TOTL.IN.ZS,BWA,2020,66.4488166494554
urban_population_pct,SP.URB.TOTL.IN.ZS,BWA,2019,66.3271694845464
urban_population_pct,SP.URB.TOTL.IN.ZS,BRA,2022,87.349556243881
urban_population_pct,SP.URB.TOTL.IN.ZS,BRA,2021,87.1360781715439
urban_population_pct,SP.URB.TOTL.IN.ZS,BRA,2020,86.9112186503004
urban_population_pct,SP.URB.TOTL.IN.ZS,BRA,2019,86.6797991084296
urban_population_pct,SP.URB.TOTL.IN.ZS,VGB,2022,54.795911692548
urban_population_pct,SP.URB.TOTL.IN.ZS,VGB,2021,53.972618684518
urban_population_pct,SP.URB.TOTL.IN.ZS,VGB,2020,53.1709074822645
urban_population_pct,SP.URB.TOTL.IN.ZS,VGB,2019,52.3907871425786
urban_population_pct,SP.URB.TOTL.IN.ZS,BRN,2022,74.7772642014221
urban_population_pct,SP.URB.TOTL.IN.ZS,BRN,2021,74.7667316936175
urban_population_pct,SP.URB.TOTL.IN.ZS,BRN,2020,74.7748108912151
urban_population_pct,SP.URB.TOTL.IN.ZS,BRN,2019,74.7923311783673
urban_population_pct,SP.URB.TOTL.IN.ZS,BGR,2022,73.4799164005224
urban_population_pct,SP.URB.TOTL.IN.ZS,BGR,2021,73.346765618041
urban_population_pct,SP.URB.TOTL.IN.ZS,BGR,2020,73.3239898681641
urban_population_pct,SP.URB.TOTL.IN.ZS,BGR,2019,73.7162322998047
urban_population_pct,SP.URB.TOTL.IN.ZS,BFA,2022,27.2791369742712
urban_population_pct,SP.URB.TOTL.IN.ZS,BFA,2021,26.8114307743017
urban_population_pct,SP.URB.TOTL.IN.ZS,BFA,2020,26.3578373628627
urban_population_pct,SP.URB.TOTL.IN.ZS,BFA,2019,26.1187254401157
urban_population_pct,SP.URB.TOTL.IN.ZS,BDI,2022,22.3202446002597
urban_population_pct,SP.URB.TOTL.IN.ZS,BDI,2021,21.1108861865354
urban_population_pct,SP.URB.TOTL.IN.ZS,BDI,2020,19.9309984273971
urban_population_pct,SP.URB.TOTL.IN.ZS,BDI,2019,18.786178154187
urban_population_pct,SP.URB.TOTL.IN.ZS,CPV,2022,75.033738060849
urban_population_pct,SP.URB.TOTL.IN.ZS,CPV,2021,74.1607930892827
urban_population_pct,SP.URB.TOTL.IN.ZS,CPV,2020,72.8838521558784
urban_population_pct,SP.URB.TOTL.IN.ZS,CPV,2019,71.6254285086577
urban_population_pct,SP.URB.TOTL.IN.ZS,KHM,2022,40.374616187368
urban_population_pct,SP.URB.TOTL.IN.ZS,KHM,2021,40.1091858128847
urban_population_pct,SP.URB.TOTL.IN.ZS,KHM,2020,39.832658030922
urban_population_pct,SP.URB.TOTL.IN.ZS,KHM,2019,39.5830241256026
urban_population_pct,SP.URB.TOTL.IN.ZS,CMR,2022,54.8458745688318
urban_population_pct,SP.URB.TOTL.IN.ZS,CMR,2021,54.5548664463635
urban_population_pct,SP.URB.TOTL.IN.ZS,CMR,2020,54.2557949164174
urban_population_pct,SP.URB.TOTL.IN.ZS,CMR,2019,53.9487914119331
urban_population_pct,SP.URB.TOTL.IN.ZS,CAN,2022,82.3500897353968
urban_population_pct,SP.URB.TOTL.IN.ZS,CAN,2021,82.1779279079275
urban_population_pct,SP.URB.TOTL.IN.ZS,CAN,2020,81.9509888710566
urban_population_pct,SP.URB.TOTL.IN.ZS,CAN,2019,81.7363672047941
urban_population_pct,SP.URB.TOTL.IN.ZS,CYM,2022,100.0
urban_population_pct,SP.URB.TOTL.IN.ZS,CYM,2021,100.0
urban_population_pct,SP.URB.TOTL.IN.ZS,CYM,2020,100.0
urban_population_pct,SP.URB.TOTL.IN.ZS,CYM,2019,100.0
urban_population_pct,SP.URB.TOTL.IN.ZS,CAF,2022,43.2751967457285
urban_population_pct,SP.URB.TOTL.IN.ZS,CAF,2021,42.8547782897949
urban_population_pct,SP.URB.TOTL.IN.ZS,CAF,2020,42.3050785933463
urban_population_pct,SP.URB.TOTL.IN.ZS,CAF,2019,41.7800430407332
urban_population_pct,SP.URB.TOTL.IN.ZS,TCD,2022,25.7635558629694
urban_population_pct,SP.URB.TOTL.IN.ZS,TCD,2021,25.2312246423075
urban_population_pct,SP.URB.TOTL.IN.ZS,TCD,2020,24.7341921795416
urban_population_pct,SP.URB.TOTL.IN.ZS,TCD,2019,24.2731047386633
urban_population_pct,SP.URB.TOTL.IN.ZS,CHI,2022,32.7920439098264
urban_population_pct,SP.URB.TOTL.IN.ZS,CHI,2021,32.8148141071941
urban_population_pct,SP.URB.TOTL.IN.ZS,CHI,2020,32.8247184979451
urban_population_pct,SP.URB.TOTL.IN.ZS,CHI,2019,32.8235411026876
urban_population_pct,SP.URB.TOTL.IN.ZS,CHL,2022,88.6395352768685
urban_population_pct,SP.URB.TOTL.IN.ZS,CHL,2021,88.4660511664452
urban_population_pct,SP.URB.TOTL.IN.ZS,CHL,2020,88.2953490438375
urban_population_pct,SP.URB.TOTL.IN.ZS,CHL,2019,88.1273685623538
urban_population_pct,SP.URB.TOTL.IN.ZS,CHN,2022,65.2176361083984
urban_population_pct,SP.URB.TOTL.IN.ZS,CHN,2021,64.721076965332
urban_population_pct,SP.URB.TOTL.IN.ZS,CHN,2020,63.5234230266258
urban_population_pct,SP.URB.TOTL.IN.ZS,CHN,2019,62.7099151611328
urban_population_pct,SP.URB.TOTL.IN.ZS,COL,2022,78.0464633137335
urban_population_pct,SP.URB.TOTL.IN.ZS,COL,2021,77.8339570326128
urban_population_pct,SP.URB.TOTL.IN.ZS,COL,2020,77.6382533537045
urban_population_pct,SP.URB.TOTL.IN.ZS,COL,2019,77.4595528518377
urban_population_pct,SP.URB.TOTL.IN.ZS,COM,2022,32.7746035528748
urban_population_pct,SP.URB.TOTL.IN.ZS,COM,2021,32.4124444313246
urban_population_pct,SP.URB.TOTL.IN.ZS,COM,2020,32.0638072194881
urban_population_pct,SP.URB.TOTL.IN.ZS,COM,2019,31.7287584068243
urban_population_pct,SP.URB.TOTL.IN.ZS,COD,2022,44.003287663813
urban_population_pct,SP.URB.TOTL.IN.ZS,COD,2021,43.6290681792218
urban_population_pct,SP.URB.TOTL.IN.ZS,COD,2020,43.2528602500115
urban_population_pct,SP.URB.TOTL.IN.ZS,COD,2019,42.8747090907476
urban_population_pct,SP.URB.TOTL.IN.ZS,COG,2022,63.6422003342807
urban_population_pct,SP.URB.TOTL.IN.ZS,COG,2021,63.6179125824196
urban_population_pct,SP.URB.TOTL.IN.ZS,COG,2020,63.5760904494257
urban_population_pct,SP.URB.TOTL.IN.ZS,COG,2019,63.5176376123385
urban_population_pct,SP.URB.TOTL.IN.ZS,CRI,2022,78.4405687613972
urban_population_pct,SP.URB.TOTL.IN.ZS,CRI,2021,77.9868940200009
urban_population_pct,SP.URB.TOTL.IN.ZS,CRI,2020,77.5211537281257
urban_population_pct,SP.URB.TOTL.IN.ZS,CRI,2019,77.0435864735963
urban_population_pct,SP.URB.TOTL.IN.ZS,CIV,2022,52.8492549676673
urban_population_pct,SP.URB.TOTL.IN.ZS,CIV,2021,52.3183461956059
urban_population_pct,SP.URB.TOTL.IN.ZS,CIV,2020,51.8357660823651
urban_population_pct,SP.URB.TOTL.IN.ZS,CIV,2019,51.3514799771241
urban_population_pct,SP.URB.TOTL.IN.ZS,HRV,2022,56.9977571733605
urban_population_pct,SP.URB.TOTL.IN.ZS,HRV,2021,56.7683502560171
urban_population_pct,SP.URB.TOTL.IN.ZS,HRV,2020,56.5284863367411
urban_population_pct,SP.URB.TOTL.IN.ZS,HRV,2019,56.303247958306
urban_population_pct,SP.URB.TOTL.IN.ZS,CUB,2022,77.1056060791016
urban_population_pct,SP.URB.TOTL.IN.ZS,CUB,2021,77.0987701416016
urban_population_pct,SP.URB.TOTL.IN.ZS,CUB,2020,77.1080322265625
urban_population_pct,SP.URB.TOTL.IN.ZS,CUB,2019,77.0728225708008
urban_population_pct,SP.URB.TOTL.IN.ZS,CUW,2022,91.4007684350799
urban_population_pct,SP.URB.TOTL.IN.ZS,CUW,2021,91.391865832772
urban_population_pct,SP.URB.TOTL.IN.ZS,CUW,2020,91.3820881678218
urban_population_pct,SP.URB.TOTL.IN.ZS,CUW,2019,91.3714918191305
urban_population_pct,SP.URB.TOTL.IN.ZS,CYP,2022,66.6694829407584
urban_population_pct,SP.URB.TOTL.IN.ZS,CYP,2021,66.6718365394971
urban_population_pct,SP.URB.TOTL.IN.ZS,CYP,2020,66.7180443478713
urban_population_pct,SP.URB.TOTL.IN.ZS,CYP,2019,66.7677357070518
urban_population_pct,SP.URB.TOTL.IN.ZS,CZE,2022,72.6967638379524
urban_population_pct,SP.URB.TOTL.IN.ZS,CZE,2021,72.6810594374316
urban_population_pct,SP.URB.TOTL.IN.ZS,CZE,2020,72.7254901604208
urban_population_pct,SP.URB.TOTL.IN.ZS,CZE,2019,72.7876426709563
urban_population_pct,SP.URB.TOTL.IN.ZS,DNK,2022,88.3880239837703
urban_population_pct,SP.URB.TOTL.IN.ZS,DNK,2021,88.2616449318149
urban_population_pct,SP.URB.TOTL.IN.ZS,DNK,2020,88.2394485473632
urban_population_pct,SP.URB.TOTL.IN.ZS,DNK,2019,88.2096490810669
urban_population_pct,SP.URB.TOTL.IN.ZS,DJI,2022,72.6109938538856
urban_population_pct,SP.URB.TOTL.IN.ZS,DJI,2021,72.2882954556515
urban_population_pct,SP.URB.TOTL.IN.ZS,DJI,2020,71.9990170519895
urban_population_pct,SP.URB.TOTL.IN.ZS,DJI,2019,71.7418146554518
urban_population_pct,SP.URB.TOTL.IN.ZS,DMA,2022,72.682648635692
urban_population_pct,SP.URB.TOTL.IN.ZS,DMA,2021,72.2613620044042
urban_population_pct,SP.URB.TOTL.IN.ZS,DMA,2020,71.846576780589
urban_population_pct,SP.URB.TOTL.IN.ZS,DMA,2019,71.4382284948964
urban_population_pct,SP.URB.TOTL.IN.ZS,DOM,2022,72.4203155643711
urban_population_pct,SP.URB.TOTL.IN.ZS,DOM,2021,72.9243347395035
urban_population_pct,SP.URB.TOTL.IN.ZS,DOM,2020,73.2643793773663
urban_population_pct,SP.URB.TOTL.IN.ZS,DOM,2019,73.5403464672933
urban_population_pct,SP.URB.TOTL.IN.ZS,ECU,2022,63.0901835932266
urban_population_pct,SP.URB.TOTL.IN.ZS,ECU,2021,63.0871268249117
urban_population_pct,SP.URB.TOTL.IN.ZS,ECU,2020,63.0773897782521
urban_population_pct,SP.URB.TOTL.IN.ZS,ECU,2019,63.0627139714638
urban_population_pct,SP.URB.TOTL.IN.ZS,EGY,2022,42.6325129008032
urban_population_pct,SP.URB.TOTL.IN.ZS,EGY,2021,42.5686062621468
urban_population_pct,SP.URB.TOTL.IN.ZS,EGY,2020,42.5181534630674
urban_population_pct,SP.URB.TOTL.IN.ZS,EGY,2019,42.4812027332648
urban_population_pct,SP.URB.TOTL.IN.ZS,SLV,2022,74.1465021298679
urban_population_pct,SP.URB.TOTL.IN.ZS,SLV,2021,73.6838531494141
urban_population_pct,SP.URB.TOTL.IN.ZS,SLV,2020,73.0570220947266
urban_population_pct,SP.URB.TOTL.IN.ZS,SLV,2019,72.4148941040039
urban_population_pct,SP.URB.TOTL.IN.ZS,GNQ,2022,70.8910029445467
urban_population_pct,SP.URB.TOTL.IN.ZS,GNQ,2021,70.6431215020592
urban_population_pct,SP.URB.TOTL.IN.ZS,GNQ,2020,70.3853314193247
urban_population_pct,SP.URB.TOTL.IN.ZS,GNQ,2019,70.1175419547293
urban_population_pct,SP.URB.TOTL.IN.ZS,ERI,2022,34.8469276428223
urban_population_pct,SP.URB.TOTL.IN.ZS,ERI,2021,34.9871139526367
urban_population_pct,SP.URB.TOTL.IN.ZS,ERI,2020,35.116138458252
urban_population_pct,SP.URB.TOTL.IN.ZS,ERI,2019,35.2352333068848
urban_population_pct,SP.URB.TOTL.IN.ZS,EST,2022,70.4892333736738
urban_population_pct,SP.URB.TOTL.IN.ZS,EST,2021,70.1777274135822
urban_population_pct,SP.URB.TOTL.IN.ZS,EST,2020,69.8815778947665
urban_population_pct,SP.URB.TOTL.IN.ZS,EST,2019,69.5787397662154
urban_population_pct,SP.URB.TOTL.IN.ZS,SWZ,2022,25.396682918542
urban_population_pct,SP.URB.TOTL.IN.ZS,SWZ,2021,25.0156180525173
urban_population_pct,SP.URB.TOTL.IN.ZS,SWZ,2020,24.6652798922192
urban_population_pct,SP.URB.TOTL.IN.ZS,SWZ,2019,24.3459549517751
urban_population_pct,SP.URB.TOTL.IN.ZS,ETH,2022,22.7367687225342
urban_population_pct,SP.URB.TOTL.IN.ZS,ETH,2021,22.1067085266113
urban_population_pct,SP.URB.TOTL.IN.ZS,ETH,2020,21.6260051727295
urban_population_pct,SP.URB.TOTL.IN.ZS,ETH,2019,21.2486705780029
urban_population_pct,SP.URB.TOTL.IN.ZS,FRO,2022,38.9959824546757
urban_population_pct,SP.URB.TOTL.IN.ZS,FRO,2021,38.8083763122559
urban_population_pct,SP.URB.TOTL.IN.ZS,FRO,2020,38.6689987182617
urban_population_pct,SP.URB.TOTL.IN.ZS,FRO,2019,38.3945655822754
urban_population_pct,SP.URB.TOTL.IN.ZS,FJI,2022,58.1352701465266
urban_population_pct,SP.URB.TOTL.IN.ZS,FJI,2021,57.6618364761928
urban_population_pct,SP.URB.TOTL.IN.ZS,FJI,2020,57.186684691874
urban_population_pct,SP.URB.TOTL.IN.ZS,FJI,2019,56.70989552257
urban_population_pct,SP.URB.TOTL.IN.ZS,FIN,2022,73.6967597835949
urban_population_pct,SP.URB.TOTL.IN.ZS,FIN,2021,73.3710215780329
urban_population_pct,SP.URB.TOTL.IN.ZS,FIN,2020,73.0849439791673
urban_population_pct,SP.URB.TOTL.IN.ZS,FIN,2019,72.7431214358314
urban_population_pct,SP.URB.TOTL.IN.ZS,FRA,2022,78.7591921123356
urban_population_pct,SP.URB.TOTL.IN.ZS,FRA,2021,78.7364603392338
urban_population_pct,SP.URB.TOTL.IN.ZS,FRA,2020,78.7119131765249
urban_population_pct,SP.URB.TOTL.IN.ZS,FRA,2019,78.6890784549356
urban_population_pct,SP.URB.TOTL.IN.ZS,PYF,2022,61.6913806937112
urban_population_pct,SP.URB.TOTL.IN.ZS,PYF,2021,61.7399813226008
urban_population_pct,SP.URB.TOTL.IN.ZS,PYF,2020,61.7673100921
urban_population_pct,SP.URB.TOTL.IN.ZS,PYF,2019,61.7824142427508
urban_population_pct,SP.URB.TOTL.IN.ZS,GAB,2022,91.2243355459988
urban_population_pct,SP.URB.TOTL.IN.ZS,GAB,2021,90.7881967286967
urban_population_pct,SP.URB.TOTL.IN.ZS,GAB,2020,90.3480750410147
urban_population_pct,SP.URB.TOTL.IN.ZS,GAB,2019,89.9031850170394
urban_population_pct,SP.URB.TOTL.IN.ZS,GMB,2022,63.2869880996278
urban_population_pct,SP.URB.TOTL.IN.ZS,GMB,2021,62.7550706637859
urban_population_pct,SP.URB.TOTL.IN.ZS,GMB,2020,62.2069251698555
urban_population_pct,SP.URB.TOTL.IN.ZS,GMB,2019,61.643210849607
urban_population_pct,SP.URB.TOTL.IN.ZS,GEO,2022,60.0101622679115
urban_population_pct,SP.URB.TOTL.IN.ZS,GEO,2021,59.4293560618005
urban_population_pct,SP.URB.TOTL.IN.ZS,GEO,2020,58.9990552763878
urban_population_pct,SP.URB.TOTL.IN.ZS,GEO,2019,58.6304091780343
urban_population_pct,SP.URB.TOTL.IN.ZS,DEU,2022,81.7867852780995
urban_population_pct,SP.URB.TOTL.IN.ZS,DEU,2021,81.6325870653934
urban_population_pct,SP.URB.TOTL.IN.ZS,DEU,2020,81.4700055002738
urban_population_pct,SP.URB.TOTL.IN.ZS,DEU,2019,81.3053991689039
urban_population_pct,SP.URB.TOTL.IN.ZS,GHA,2022,57.250609602871
urban_population_pct,SP.URB.TOTL.IN.ZS,GHA,2021,56.6952556826536
urban_population_pct,SP.URB.TOTL.IN.ZS,GHA,2020,56.2171613974837
urban_population_pct,SP.URB.TOTL.IN.ZS,GHA,2019,55.7246279109161
urban_population_pct,SP.URB.TOTL.IN.ZS,GIB,2022,100.0
urban_population_pct,SP.URB.TOTL.IN.ZS,GIB,2021,100.0
urban_population_pct,SP.URB.TOTL.IN.ZS,GIB,2020,100.0
urban_population_pct,SP.URB.TOTL.IN.ZS,GIB,2019,100.0
urban_population_pct,SP.URB.TOTL.IN.ZS,GRC,2022,78.5502190980809
urban_population_pct,SP.URB.TOTL.IN.ZS,GRC,2021,78.3884898647442
urban_population_pct,SP.URB.TOTL.IN.ZS,GRC,2020,78.3066842455552
urban_population_pct,SP.URB.TOTL.IN.ZS,GRC,2019,78.1888100466875
urban_population_pct,SP.URB.TOTL.IN.ZS,GRL,2022,87.8049405256832
urban_population_pct,SP.URB.TOTL.IN.ZS,GRL,2021,87.5452017613678
urban_population_pct,SP.URB.TOTL.IN.ZS,GRL,2020,87.2840881978115
urban_population_pct,SP.URB.TOTL.IN.ZS,GRL,2019,87.0217895507812
urban_population_pct,SP.URB.TOTL.IN.ZS,GRD,2022,36.3688840183487
urban_population_pct,SP.URB.TOTL.IN.ZS,GRD,2021,36.2831603706908
urban_population_pct,SP.URB.TOTL.IN.ZS,GRD,2020,36.2050502515788
urban_population_pct,SP.URB.TOTL.IN.ZS,GRD,2019,36.1346465679904
urban_population_pct,SP.URB.TOTL.IN.ZS,GUM,2022,94.1068261842046
urban_population_pct,SP.URB.TOTL.IN.ZS,GUM,2021,94.0884327694075
urban_population_pct,SP.URB.TOTL.IN.ZS,GUM,2020,94.0804991087801
urban_population_pct,SP.URB.TOTL.IN.ZS,GUM,2019,94.0799802498939
urban_population_pct,SP.URB.TOTL.IN.ZS,GTM,2022,55.2581228215265
urban_population_pct,SP.URB.TOTL.IN.ZS,GTM,2021,54.9047071553758
urban_population_pct,SP.URB.TOTL.IN.ZS,GTM,2020,54.5483167911628
urban_population_pct,SP.URB.TOTL.IN.ZS,GTM,2019,54.1882267267974
urban_population_pct,SP.URB.TOTL.IN.ZS,GIN,2022,37.2384967469106
urban_population_pct,SP.URB.TOTL.IN.ZS,GIN,2021,36.8502178436256
urban_population_pct,SP.URB.TOTL.IN.ZS,GIN,2020,36.4802208060551
urban_population_pct,SP.URB.TOTL.IN.ZS,GIN,2019,36.1281547546387
urban_population_pct,SP.URB.TOTL.IN.ZS,GNB,2022,45.1627159118652
urban_population_pct,SP.URB.TOTL.IN.ZS,GNB,2021,44.7334136962891
urban_population_pct,SP.URB.TOTL.IN.ZS,GNB,2020,44.3038330078125
urban_population_pct,SP.URB.TOTL.IN.ZS,GNB,2019,43.8745574951172
urban_population_pct,SP.URB.TOTL.IN.ZS,GUY,2022,26.4536735068183
urban_population_pct,SP.URB.TOTL.IN.ZS,GUY,2021,26.443303961947
urban_population_pct,SP.URB.TOTL.IN.ZS,GUY,2020,26.4340397353676
urban_population_pct,SP.URB.TOTL.IN.ZS,GUY,2019,26.4258834773058
urban_population_pct,SP.URB.TOTL.IN.ZS,HTI,2022,53.8524949966907
urban_population_pct,SP.URB.TOTL.IN.ZS,HTI,2021,53.2460637918026
urban_population_pct,SP.URB.TOTL.IN.ZS,HTI,2020,52.6307476732151
urban_population_pct,SP.URB.TOTL.IN.ZS,HTI,2019,52.0069059952475
urban_population_pct,SP.URB.TOTL.IN.ZS,HND,2022,57.8364689017254
urban_population_pct,SP.URB.TOTL.IN.ZS,HND,2021,57.3550236357547
urban_population_pct,SP.URB.TOTL.IN.ZS,HND,2020,56.8691654042685
urban_population_pct,SP.URB.TOTL.IN.ZS,HND,2019,56.3791561389766
urban_population_pct,SP.URB.TOTL.IN.ZS,HKG,2022,100.0
urban_population_pct,SP.URB.TOTL.IN.ZS,HKG,2021,100.0
urban_population_pct,SP.URB.TOTL.IN.ZS,HKG,2020,100.0
urban_population_pct,SP.URB.TOTL.IN.ZS,HKG,2019,100.0
urban_population_pct,SP.URB.TOTL.IN.ZS,HUN,2022,70.1585064243445
urban_population_pct,SP.URB.TOTL.IN.ZS,HUN,2021,70.2059275331413
urban_population_pct,SP.URB.TOTL.IN.ZS,HUN,2020,70.2917327880859
urban_population_pct,SP.URB.TOTL.IN.ZS,HUN,2019,70.4565277099609
urban_population_pct,SP.URB.TOTL.IN.ZS,ISL,2022,94.1787071228028
urban_population_pct,SP.URB.TOTL.IN.ZS,ISL,2021,94.2108206403841
urban_population_pct,SP.URB.TOTL.IN.ZS,ISL,2020,94.1367102874722
urban_population_pct,SP.URB.TOTL.IN.ZS,ISL,2019,93.9770847416131
urban_population_pct,SP.URB.TOTL.IN.ZS,IND,2022,34.7555673994206
urban_population_pct,SP.URB.TOTL.IN.ZS,IND,2021,34.4425517181304
urban_population_pct,SP.URB.TOTL.IN.ZS,IND,2020,34.1286726088333
urban_population_pct,SP.URB.TOTL.IN.ZS,IND,2019,33.8139578818147
urban_population_pct,SP.URB.TOTL.IN.ZS,IDN,2022,57.4934704226599
urban_population_pct,SP.URB.TOTL.IN.ZS,IDN,2021,56.8761702464027
urban_population_pct,SP.URB.TOTL.IN.ZS,IDN,2020,56.2785287648768
urban_population_pct,SP.URB.TOTL.IN.ZS,IDN,2019,55.7382049560547
urban_population_pct,SP.URB.TOTL.IN.ZS,IRN,2022,76.3342208862305
urban_population_pct,SP.URB.TOTL.IN.ZS,IRN,2021,75.9926376342773
urban_population_pct,SP.URB.TOTL.IN.ZS,IRN,2020,75.5986404418945
urban_population_pct,SP.URB.TOTL.IN.ZS,IRN,2019,75.2038879394531
urban_population_pct,SP.URB.TOTL.IN.ZS,IRQ,2022,69.8682861328125
urban_population_pct,SP.URB.TOTL.IN.ZS,IRQ,2021,69.8682708740234
urban_population_pct,SP.URB.TOTL.IN.ZS,IRQ,2020,69.8683166503906
urban_population_pct,SP.URB.TOTL.IN.ZS,IRQ,2019,69.8683395385742
urban_population_pct,SP.URB.TOTL.IN.ZS,IRL,2022,63.8920250215059
urban_population_pct,SP.URB.TOTL.IN.ZS,IRL,2021,63.6774229356985
urban_population_pct,SP.URB.TOTL.IN.ZS,IRL,2020,63.4713366724915
urban_population_pct,SP.URB.TOTL.IN.ZS,IRL,2019,63.2737009154127
urban_population_pct,SP.URB.TOTL.IN.ZS,IMN,2022,52.1955609162662
urban_population_pct,SP.URB.TOTL.IN.ZS,IMN,2021,52.1999559660634
urban_population_pct,SP.URB.TOTL.IN.ZS,IMN,2020,52.1909519786866
urban_population_pct,SP.URB.TOTL.IN.ZS,IMN,2019,52.1789898247578
urban_population_pct,SP.URB.TOTL.IN.ZS,ISR,2022,91.4979834273327
urban_population_pct,SP.URB.TOTL.IN.ZS,ISR,2021,91.5353517549466
urban_population_pct,SP.URB.TOTL.IN.ZS,ISR,2020,91.5788453228939
urban_population_pct,SP.URB.TOTL.IN.ZS,ISR,2019,91.6154002002652
urban_population_pct,SP.URB.TOTL.IN.ZS,ITA,2022,69.4839779766539
urban_population_pct,SP.URB.TOTL.IN.ZS,ITA,2021,69.4812507629394
urban_population_pct,SP.URB.TOTL.IN.ZS,ITA,2020,69.5187492370606
urban_population_pct,SP.URB.TOTL.IN.ZS,ITA,2019,69.5050010681153
urban_population_pct,SP.URB.TOTL.IN.ZS,JAM,2022,57.9879906034775
urban_population_pct,SP.URB.TOTL.IN.ZS,JAM,2021,57.5411017937226
urban_population_pct,SP.URB.TOTL.IN.ZS,JAM,2020,57.1103647563627
urban_population_pct,SP.URB.TOTL.IN.ZS,JAM,2019,56.6957957395074
urban_population_pct,SP.URB.TOTL.IN.ZS,JPN,2022,91.9776532428406
urban_population_pct,SP.URB.TOTL.IN.ZS,JPN,2021,91.8741049279527
urban_population_pct,SP.URB.TOTL.IN.ZS,JPN,2020,91.7809926267889
urban_population_pct,SP.URB.TOTL.IN.ZS,JPN,2019,91.7164207898107
urban_population_pct,SP.URB.TOTL.IN.ZS,JOR,2022,92.4048379066163
urban_population_pct,SP.URB.TOTL.IN.ZS,JOR,2021,92.117972910453
urban_population_pct,SP.URB.TOTL.IN.ZS,JOR,2020,91.8216722992319
urban_population_pct,SP.URB.TOTL.IN.ZS,JOR,2019,91.515966492507
urban_population_pct,SP.URB.TOTL.IN.ZS,KAZ,2022,61.444157327248
urban_population_pct,SP.URB.TOTL.IN.ZS,KAZ,2021,61.030254280267
urban_population_pct,SP.URB.TOTL.IN.ZS,KAZ,2020,59.9871193541692
urban_population_pct,SP.URB.TOTL.IN.ZS,KAZ,2019,59.0832474269546
urban_population_pct,SP.URB.TOTL.IN.ZS,KEN,2022,31.4307820066946
urban_population_pct,SP.URB.TOTL.IN.ZS,KEN,2021,31.2879334021971
urban_population_pct,SP.URB.TOTL.IN.ZS,KEN,2020,31.2063494632616
urban_population_pct,SP.URB.TOTL.IN.ZS,KEN,2019,31.1895566421135
urban_population_pct,SP.URB.TOTL.IN.ZS,KIR,2022,60.5739126559419
urban_population_pct,SP.URB.TOTL.IN.ZS,KIR,2021,59.6364645301985
urban_population_pct,SP.URB.TOTL.IN.ZS,KIR,2020,58.4123714112748
urban_population_pct,SP.URB.TOTL.IN.ZS,KIR,2019,56.2846727145489
urban_population_pct,SP.URB.TOTL.IN.ZS,PRK,2022,63.2274365906829
urban_population_pct,SP.URB.TOTL.IN.ZS,PRK,2021,62.926560562457
urban_population_pct,SP.URB.TOTL.IN.ZS,PRK,2020,62.6355140538495
urban_population_pct,SP.URB.TOTL.IN.ZS,PRK,2019,62.3542226611578
urban_population_pct,SP.URB.TOTL.IN.ZS,KOR,2022,81.1624941626873
urban_population_pct,SP.URB.TOTL.IN.ZS,KOR,2021,81.1616526507785
urban_population_pct,SP.URB.TOTL.IN.ZS,KOR,2020,81.1759595622913
urban_population_pct,SP.URB.TOTL.IN.ZS,KOR,2019,81.2901063535619
urban_population_pct,SP.URB.TOTL.IN.ZS,XKX,2022,47.8001996538455
urban_population_pct,SP.URB.TOTL.IN.ZS,XKX,2021,46.4995789423362
urban_population_pct,SP.URB.TOTL.IN.ZS,XKX,2020,45.2268625263391
urban_population_pct,SP.URB.TOTL.IN.ZS,XKX,2019,44.0002171565695
urban_population_pct,SP.URB.TOTL.IN.ZS,KWT,2022,100.0
urban_population_pct,SP.URB.TOTL.IN.ZS,KWT,2021,100.0
urban_population_pct,SP.URB.TOTL.IN.ZS,KWT,2020,100.0
urban_population_pct,SP.URB.TOTL.IN.ZS,KWT,2019,100.0
urban_population_pct,SP.URB.TOTL.IN.ZS,KGZ,2022,34.7003053497743
urban_population_pct,SP.URB.TOTL.IN.ZS,KGZ,2021,34.7521210171204
urban_population_pct,SP.URB.TOTL.IN.ZS,KGZ,2020,34.8174315392111
urban_population_pct,SP.URB.TOTL.IN.ZS,KGZ,2019,34.8805205758044
urban_population_pct,SP.URB.TOTL.IN.ZS,LAO,2022,38.0682382805397
urban_population_pct,SP.URB.TOTL.IN.ZS,LAO,2021,37.338778268357
urban_population_pct,SP.URB.TOTL.IN.ZS,LAO,2020,36.6185033569111
urban_population_pct,SP.URB.TOTL.IN.ZS,LAO,2019,35.9072880879451
urban_population_pct,SP.URB.TOTL.IN.ZS,LVA,2022,68.2570218109034
urban_population_pct,SP.URB.TOTL.IN.ZS,LVA,2021,68.1808791463693
urban_population_pct,SP.URB.TOTL.IN.ZS,LVA,2020,68.1211222872228
urban_population_pct,SP.URB.TOTL.IN.ZS,LVA,2019,68.066323694246
urban_population_pct,SP.URB.TOTL.IN.ZS,LBN,2022,90.206313713022
urban_population_pct,SP.URB.TOTL.IN.ZS,LBN,2021,89.965362045441
urban_population_pct,SP.URB.TOTL.IN.ZS,LBN,2020,89.729499798117
urban_population_pct,SP.URB.TOTL.IN.ZS,LBN,2019,89.4986743521503
urban_population_pct,SP.URB.TOTL.IN.ZS,LSO,2022,41.6703965165322
urban_population_pct,SP.URB.TOTL.IN.ZS,LSO,2021,40.6551760851997
urban_population_pct,SP.URB.TOTL.IN.ZS,LSO,2020,39.6329305425532
urban_population_pct,SP.URB.TOTL.IN.ZS,LSO,2019,38.6040920446259
urban_population_pct,SP.URB.TOTL.IN.ZS,LBR,2022,54.4591057083
urban_population_pct,SP.URB.TOTL.IN.ZS,LBR,2021,53.9224618859098
urban_population_pct,SP.URB.TOTL.IN.ZS,LBR,2020,53.3878685572381
urban_population_pct,SP.URB.TOTL.IN.ZS,LBR,2019,52.85526226447
urban_population_pct,SP.URB.TOTL.IN.ZS,LBY,2022,87.8486088593786
urban_population_pct,SP.URB.TOTL.IN.ZS,LBY,2021,87.8365018271835
urban_population_pct,SP.URB.TOTL.IN.ZS,LBY,2020,87.8278267096263
urban_population_pct,SP.URB.TOTL.IN.ZS,LBY,2019,87.8220115209342
urban_population_pct,SP.URB.TOTL.IN.ZS,LIE,2022,14.6923070071538
urban_population_pct,SP.URB.TOTL.IN.ZS,LIE,2021,14.6989159370696
urban_population_pct,SP.URB.TOTL.IN.ZS,LIE,2020,14.6666622853765
urban_population_pct,SP.URB.TOTL.IN.ZS,LIE,2019,14.6070830005951
urban_population_pct,SP.URB.TOTL.IN.ZS,LTU,2022,68.2866452426813
urban_population_pct,SP.URB.TOTL.IN.ZS,LTU,2021,68.1912117004395
urban_population_pct,SP.URB.TOTL.IN.ZS,LTU,2020,67.4254608154297
urban_population_pct,SP.URB.TOTL.IN.ZS,LTU,2019,67.245735168457
urban_population_pct,SP.URB.TOTL.IN.ZS,LUX,2022,94.7605400940185
urban_population_pct,SP.URB.TOTL.IN.ZS,LUX,2021,94.5861743396533
urban_population_pct,SP.URB.TOTL.IN.ZS,LUX,2020,93.8600689970981
urban_population_pct,SP.URB.TOTL.IN.ZS,LUX,2019,93.2589839734767
urban_population_pct,SP.URB.TOTL.IN.ZS,MAC,2022,100.0
urban_population_pct,SP.URB.TOTL.IN.ZS,MAC,2021,100.0
urban_population_pct,SP.URB.TOTL.IN.ZS,MAC,2020,100.0
urban_population_pct,SP.URB.TOTL.IN.ZS,MAC,2019,100.0
urban_population_pct,SP.URB.TOTL.IN.ZS,MDG,2022,31.5397813465886
urban_population_pct,SP.URB.TOTL.IN.ZS,MDG,2021,31.1137123216036
urban_population_pct,SP.URB.TOTL.IN.ZS,MDG,2020,30.7019474167548
urban_population_pct,SP.URB.TOTL.IN.ZS,MDG,2019,30.3046972370204
urban_population_pct,SP.URB.TOTL.IN.ZS,MWI,2022,16.7146031979436
urban_population_pct,SP.URB.TOTL.IN.ZS,MWI,2021,16.4881925800694
urban_population_pct,SP.URB.TOTL.IN.ZS,MWI,2020,16.2961471756409
urban_population_pct,SP.URB.TOTL.IN.ZS,MWI,2019,16.1383746619001
urban_population_pct,SP.URB.TOTL.IN.ZS,MYS,2022,75.9741357073003
urban_population_pct,SP.URB.TOTL.IN.ZS,MYS,2021,75.5088628191907
urban_population_pct,SP.URB.TOTL.IN.ZS,MYS,2020,75.0511895575672
urban_population_pct,SP.URB.TOTL.IN.ZS,MYS,2019,74.8377707734042
urban_population_pct,SP.URB.TOTL.IN.ZS,MDV,2022,41.0641769690663
urban_population_pct,SP.URB.TOTL.IN.ZS,MDV,2021,40.7398648710483
urban_population_pct,SP.URB.TOTL.IN.ZS,MDV,2020,40.3985147902839
urban_population_pct,SP.URB.TOTL.IN.ZS,MDV,2019,40.0492764783282
urban_population_pct,SP.URB.TOTL.IN.ZS,MLI,2022,30.4015705681899
urban_population_pct,SP.URB.TOTL.IN.ZS,MLI,2021,29.7049638253978
urban_population_pct,SP.URB.TOTL.IN.ZS,MLI,2020,29.0205972994693
urban_population_pct,SP.URB.TOTL.IN.ZS,MLI,2019,28.3520715749509
urban_population_pct,SP.URB.TOTL.IN.ZS,MLT,2022,95.6003155132879
urban_population_pct,SP.URB.TOTL.IN.ZS,MLT,2021,95.5145343617045
urban_population_pct,SP.URB.TOTL.IN.ZS,MLT,2020,95.1841082280263
urban_population_pct,SP.URB.TOTL.IN.ZS,MLT,2019,94.9332032524644
urban_population_pct,SP.URB.TOTL.IN.ZS,MHL,2022,77.9855966195187
urban_population_pct,SP.URB.TOTL.IN.ZS,MHL,2021,77.6163157431143
urban_population_pct,SP.URB.TOTL.IN.ZS,MHL,2020,77.285864607515
urban_population_pct,SP.URB.TOTL.IN.ZS,MHL,2019,76.9422712042154
urban_population_pct,SP.URB.TOTL.IN.ZS,MRT,2022,58.8120996197226
urban_population_pct,SP.URB.TOTL.IN.ZS,MRT,2021,57.901535141641
urban_population_pct,SP.URB.TOTL.IN.ZS,MRT,2020,56.9836701058893
urban_population_pct,SP.URB.TOTL.IN.ZS,MRT,2019,56.0596215779146
urban_population_pct,SP.URB.TOTL.IN.ZS,MUS,2022,39.0000125885784
urban_population_pct,SP.URB.TOTL.IN.ZS,MUS,2021,39.077147315722
urban_population_pct,SP.URB.TOTL.IN.ZS,MUS,2020,39.1607039074325
urban_population_pct,SP.URB.TOTL.IN.ZS,MUS,2019,39.2509492806955
urban_population_pct,SP.URB.TOTL.IN.ZS,MEX,2022,79.199683215791
urban_population_pct,SP.URB.TOTL.IN.ZS,MEX,2021,78.9324007418057
urban_population_pct,SP.URB.TOTL.IN.ZS,MEX,2020,78.677960602824
urban_population_pct,SP.URB.TOTL.IN.ZS,MEX,2019,78.355984332992
urban_population_pct,SP.URB.TOTL.IN.ZS,FSM,2022,22.4122701819053
urban_population_pct,SP.URB.TOTL.IN.ZS,FSM,2021,22.3928762855411
urban_population_pct,SP.URB.TOTL.IN.ZS,FSM,2020,22.3752060036598
urban_population_pct,SP.URB.TOTL.IN.ZS,FSM,2019,22.359245777081
urban_population_pct,SP.URB.TOTL.IN.ZS,MDA,2022,42.4048843383789
urban_population_pct,SP.URB.TOTL.IN.ZS,MDA,2021,41.8115425109863
urban_population_pct,SP.URB.TOTL.IN.ZS,MDA,2020,41.3368530273438
urban_population_pct,SP.URB.TOTL.IN.ZS,MDA,2019,40.772289276123
urban_population_pct,SP.URB.TOTL.IN.ZS,MCO,2022,100.0
urban_population_pct,SP.URB.TOTL.IN.ZS,MCO,2021,100.0
urban_population_pct,SP.URB.TOTL.IN.ZS,MCO,2020,100.0
urban_population_pct,SP.URB.TOTL.IN.ZS,MCO,2019,100.0
urban_population_pct,SP.URB.TOTL.IN.ZS,MNG,2022,69.783805847168
urban_population_pct,SP.URB.TOTL.IN.ZS,MNG,2021,69.2153244018555
urban_population_pct,SP.URB.TOTL.IN.ZS,MNG,2020,68.0894771770775
urban_population_pct,SP.URB.TOTL.IN.ZS,MNG,2019,67.8277299551557
urban_population_pct,SP.URB.TOTL.IN.ZS,MNE,2022,65.4012965440866
urban_population_pct,SP.URB.TOTL.IN.ZS,MNE,2021,65.3266031317675
urban_population_pct,SP.URB.TOTL.IN.ZS,MNE,2020,65.2490688418027
urban_population_pct,SP.URB.TOTL.IN.ZS,MNE,2019,65.1686759904159
urban_population_pct,SP.URB.TOTL.IN.ZS,MAR,2022,62.5118468550703
urban_population_pct,SP.URB.TOTL.IN.ZS,MAR,2021,62.3173276600289
urban_population_pct,SP.URB.TOTL.IN.ZS,MAR,2020,62.0933436005366
urban_population_pct,SP.URB.TOTL.IN.ZS,MAR,2019,61.8430450233765
urban_population_pct,SP.URB.TOTL.IN.ZS,MOZ,2022,35.0536638047945
urban_population_pct,SP.URB.TOTL.IN.ZS,MOZ,2021,34.4499259401554
urban_population_pct,SP.URB.TOTL.IN.ZS,MOZ,2020,33.9044006416285
urban_population_pct,SP.URB.TOTL.IN.ZS,MOZ,2019,33.4177241517032
urban_population_pct,SP.URB.TOTL.IN.ZS,MMR,2022,30.311095757938
urban_population_pct,SP.URB.TOTL.IN.ZS,MMR,2021,30.2368812529698
urban_population_pct,SP.URB.TOTL.IN.ZS,MMR,2020,30.1593049968842
urban_population_pct,SP.URB.TOTL.IN.ZS,MMR,2019,30.0782436945232
urban_population_pct,SP.URB.TOTL.IN.ZS,NAM,2022,49.5291037671807
urban_population_pct,SP.URB.TOTL.IN.ZS,NAM,2021,49.0571881483796
urban_population_pct,SP.URB.TOTL.IN.ZS,NAM,2020,48.547381745659
urban_population_pct,SP.URB.TOTL.IN.ZS,NAM,2019,48.0019807724839
urban_population_pct,SP.URB.TOTL.IN.ZS,NRU,2022,100.0
urban_population_pct,SP.URB.TOTL.IN.ZS,NRU,2021,100.0
urban_population_pct,SP.URB.TOTL.IN.ZS,NRU,2020,100.0
urban_population_pct,SP.URB.TOTL.IN.ZS,NRU,2019,100.0
urban_population_pct,SP.URB.TOTL.IN.ZS,NPL,2022,66.2992968721053
urban_population_pct,SP.URB.TOTL.IN.ZS,NPL,2021,66.144235274522
urban_population_pct,SP.URB.TOTL.IN.ZS,NPL,2020,66.1050886088505
urban_population_pct,SP.URB.TOTL.IN.ZS,NPL,2019,65.9873929484157
urban_population_pct,SP.URB.TOTL.IN.ZS,NLD,2022,94.9856177734136
urban_population_pct,SP.URB.TOTL.IN.ZS,NLD,2021,94.6294783220315
urban_population_pct,SP.URB.TOTL.IN.ZS,NLD,2020,94.2532277765935
urban_population_pct,SP.URB.TOTL.IN.ZS,NLD,2019,93.8898028856479
urban_population_pct,SP.URB.TOTL.IN.ZS,NCL,2022,67.5720305021282
urban_population_pct,SP.URB.TOTL.IN.ZS,NCL,2021,67.4130776539646
urban_population_pct,SP.URB.TOTL.IN.ZS,NCL,2020,67.2747261065933
urban_population_pct,SP.URB.TOTL.IN.ZS,NCL,2019,67.1574673707832
urban_population_pct,SP.URB.TOTL.IN.ZS,NZL,2022,83.8547305017812
urban_population_pct,SP.URB.TOTL.IN.ZS,NZL,2021,83.8299382585905
urban_population_pct,SP.URB.TOTL.IN.ZS,NZL,2020,83.8138977095908
urban_population_pct,SP.URB.TOTL.IN.ZS,NZL,2019,83.804965871667
urban_population_pct,SP.URB.TOTL.IN.ZS,NIC,2022,58.9954376220703
urban_population_pct,SP.URB.TOTL.IN.ZS,NIC,2021,58.8592529296875
urban_population_pct,SP.URB.TOTL.IN.ZS,NIC,2020,58.7045922689128
urban_population_pct,SP.URB.TOTL.IN.ZS,NIC,2019,58.5405671448072
urban_population_pct,SP.URB.TOTL.IN.ZS,NER,2022,17.477207007512
urban_population_pct,SP.URB.TOTL.IN.ZS,NER,2021,17.2295936666686
urban_population_pct,SP.URB.TOTL.IN.ZS,NER,2020,17.0081420003794
urban_population_pct,SP.URB.TOTL.IN.ZS,NER,2019,16.813146499685
urban_population_pct,SP.URB.TOTL.IN.ZS,NGA,2022,61.3727650622225
urban_population_pct,SP.URB.TOTL.IN.ZS,NGA,2021,60.5698545383604
urban_population_pct,SP.URB.TOTL.IN.ZS,NGA,2020,59.7659654848781
urban_population_pct,SP.URB.TOTL.IN.ZS,NGA,2019,58.9611186427056
urban_population_pct,SP.URB.TOTL.IN.ZS,MKD,2022,61.9530566607267
urban_population_pct,SP.URB.TOTL.IN.ZS,MKD,2021,61.6841975628139
urban_population_pct,SP.URB.TOTL.IN.ZS,MKD,2020,61.1593302746435
urban_population_pct,SP.URB.TOTL.IN.ZS,MKD,2019,60.6286848102132
urban_population_pct,SP.URB.TOTL.IN.ZS,MNP,2022,91.8785788645608
urban_population_pct,SP.URB.TOTL.IN.ZS,MNP,2021,91.7842137303802
urban_population_pct,SP.URB.TOTL.IN.ZS,MNP,2020,91.6908367362908
urban_population_pct,SP.URB.TOTL.IN.ZS,MNP,2019,91.6162852134162
urban_population_pct,SP.URB.TOTL.IN.ZS,NOR,2022,82.9563661816034
urban_population_pct,SP.URB.TOTL.IN.ZS,NOR,2021,82.8612877226956
urban_population_pct,SP.URB.TOTL.IN.ZS,NOR,2020,82.7029885700532
urban_population_pct,SP.URB.TOTL.IN.ZS,NOR,2019,82.4935894878281
urban_population_pct,SP.URB.TOTL.IN.ZS,OMN,2022,80.0117053152301
urban_population_pct,SP.URB.TOTL.IN.ZS,OMN,2021,80.1239942103569
urban_population_pct,SP.URB.TOTL.IN.ZS,OMN,2020,80.0176378922722
urban_population_pct,SP.URB.TOTL.IN.ZS,OMN,2019,79.5780017545962
urban_population_pct,SP.URB.TOTL.IN.ZS,PAK,2022,38.3740439760816
urban_population_pct,SP.URB.TOTL.IN.ZS,PAK,2021,37.9333395514173
urban_population_pct,SP.URB.TOTL.IN.ZS,PAK,2020,37.5080192948099
urban_population_pct,SP.URB.TOTL.IN.ZS,PAK,2019,37.1091631735769
urban_population_pct,SP.URB.TOTL.IN.ZS,PLW,2022,79.1134831712956
urban_population_pct,SP.URB.TOTL.IN.ZS,PLW,2021,79.0890798782416
urban_population_pct,SP.URB.TOTL.IN.ZS,PLW,2020,79.0796884006264
urban_population_pct,SP.URB.TOTL.IN.ZS,PLW,2019,79.2803814152827
urban_population_pct,SP.URB.TOTL.IN.ZS,PAN,2022,65.8211343914956
urban_population_pct,SP.URB.TOTL.IN.ZS,PAN,2021,65.8092302689169
urban_population_pct,SP.URB.TOTL.IN.ZS,PAN,2020,65.7862999591993
urban_population_pct,SP.URB.TOTL.IN.ZS,PAN,2019,65.752985396379
urban_population_pct,SP.URB.TOTL.IN.ZS,PNG,2022,14.7358658260841
urban_population_pct,SP.URB.TOTL.IN.ZS,PNG,2021,14.4398342822353
urban_population_pct,SP.URB.TOTL.IN.ZS,PNG,2020,14.1703677185729
urban_population_pct,SP.URB.TOTL.IN.ZS,PNG,2019,13.9278267446947
urban_population_pct,SP.URB.TOTL.IN.ZS,PRY,2022,68.6396537819458
urban_population_pct,SP.URB.TOTL.IN.ZS,PRY,2021,67.3058612772421
urban_population_pct,SP.URB.TOTL.IN.ZS,PRY,2020,66.116520986009
urban_population_pct,SP.URB.TOTL.IN.ZS,PRY,2019,64.9845298299929
urban_population_pct,SP.URB.TOTL.IN.ZS,PER,2022,84.3663554951194
urban_population_pct,SP.URB.TOTL.IN.ZS,PER,2021,83.9480118272361
urban_population_pct,SP.URB.TOTL.IN.ZS,PER,2020,83.5267437189637
urban_population_pct,SP.URB.TOTL.IN.ZS,PER,2019,83.1033003087105
urban_population_pct,SP.URB.TOTL.IN.ZS,PHL,2022,54.7902343568327
urban_population_pct,SP.URB.TOTL.IN.ZS,PHL,2021,54.4504102510776
urban_population_pct,SP.URB.TOTL.IN.ZS,PHL,2020,54.1077719895977
urban_population_pct,SP.URB.TOTL.IN.ZS,PHL,2019,53.7157859948017
urban_population_pct,SP.URB.TOTL.IN.ZS,POL,2022,59.8315488048321
urban_population_pct,SP.URB.TOTL.IN.ZS,POL,2021,59.8096513205543
urban_population_pct,SP.URB.TOTL.IN.ZS,POL,2020,59.8738141138092
urban_population_pct,SP.URB.TOTL.IN.ZS,POL,2019,59.9626184068963
urban_population_pct,SP.URB.TOTL.IN.ZS,PRT,2022,61.1259255772782
urban_population_pct,SP.URB.TOTL.IN.ZS,PRT,2021,61.0951249296597
urban_population_pct,SP.URB.TOTL.IN.ZS,PRT,2020,61.1042566768691
urban_population_pct,SP.URB.TOTL.IN.ZS,PRT,2019,61.114927250613
urban_population_pct,SP.URB.TOTL.IN.ZS,PRI,2022,94.1110923054937
urban_population_pct,SP.URB.TOTL.IN.ZS,PRI,2021,94.0550712597302
urban_population_pct,SP.URB.TOTL.IN.ZS,PRI,2020,94.0116144995587
urban_population_pct,SP.URB.TOTL.IN.ZS,PRI,2019,93.9519912222253
urban_population_pct,SP.URB.TOTL.IN.ZS,QAT,2022,99.243997525719
urban_population_pct,SP.URB.TOTL.IN.ZS,QAT,2021,99.203408908243
urban_population_pct,SP.URB.TOTL.IN.ZS,QAT,2020,99.1617913833034
urban_population_pct,SP.URB.TOTL.IN.ZS,QAT,2019,99.1191696672067
urban_population_pct,SP.URB.TOTL.IN.ZS,ROU,2022,52.1634832477272
urban_population_pct,SP.URB.TOTL.IN.ZS,ROU,2021,52.2321512130811
urban_population_pct,SP.URB.TOTL.IN.ZS,ROU,2020,52.611947245178
urban_population_pct,SP.URB.TOTL.IN.ZS,ROU,2019,52.8931835224862
urban_population_pct,SP.URB.TOTL.IN.ZS,RUS,2022,74.8544893625017
urban_population_pct,SP.URB.TOTL.IN.ZS,RUS,2021,74.7516840220252
urban_population_pct,SP.URB.TOTL.IN.ZS,RUS,2020,74.6932216791674
urban_population_pct,SP.URB.TOTL.IN.ZS,RUS,2019,74.6222859951926
urban_population_pct,SP.URB.TOTL.IN.ZS,RWA,2022,27.7806702737761
urban_population_pct,SP.URB.TOTL.IN.ZS,RWA,2021,26.1049092762833
urban_population_pct,SP.URB.TOTL.IN.ZS,RWA,2020,24.5029761132966
urban_population_pct,SP.URB.TOTL.IN.ZS,RWA,2019,22.9711026997362
urban_population_pct,SP.URB.TOTL.IN.ZS,WSM,2022,17.5007949951039
urban_population_pct,SP.URB.TOTL.IN.ZS,WSM,2021,17.5672426452007
urban_population_pct,SP.URB.TOTL.IN.ZS,WSM,2020,18.0516608994722
urban_population_pct,SP.URB.TOTL.IN.ZS,WSM,2019,18.4147344481283
urban_population_pct,SP.URB.TOTL.IN.ZS,SMR,2022,97.1141889380465
urban_population_pct,SP.URB.TOTL.IN.ZS,SMR,2021,97.1035668453272
urban_population_pct,SP.URB.TOTL.IN.ZS,SMR,2020,97.0999984741211
urban_population_pct,SP.URB.TOTL.IN.ZS,SMR,2019,97.0999984741211
urban_population_pct,SP.URB.TOTL.IN.ZS,STP,2022,68.3720919798341
urban_population_pct,SP.URB.TOTL.IN.ZS,STP,2021,68.1738967895508
urban_population_pct,SP.URB.TOTL.IN.ZS,STP,2020,68.0436706542969
urban_population_pct,SP.URB.TOTL.IN.ZS,STP,2019,67.9129943847656
urban_population_pct,SP.URB.TOTL.IN.ZS,SAU,2022,84.1349430023993
urban_population_pct,SP.URB.TOTL.IN.ZS,SAU,2021,83.9716349986538
urban_population_pct,SP.URB.TOTL.IN.ZS,SAU,2020,83.8064352851942
urban_population_pct,SP.URB.TOTL.IN.ZS,SAU,2019,83.6394643268678
urban_population_pct,SP.URB.TOTL.IN.ZS,SEN,2022,53.4435061024348
urban_population_pct,SP.URB.TOTL.IN.ZS,SEN,2021,52.2260292191155
urban_population_pct,SP.URB.TOTL.IN.ZS,SEN,2020,51.0562950093282
urban_population_pct,SP.URB.TOTL.IN.ZS,SEN,2019,49.9443321273477
urban_population_pct,SP.URB.TOTL.IN.ZS,SRB,2022,61.9013813540396
urban_population_pct,SP.URB.TOTL.IN.ZS,SRB,2021,61.363899230957
urban_population_pct,SP.URB.TOTL.IN.ZS,SRB,2020,61.223201751709
urban_population_pct,SP.URB.TOTL.IN.ZS,SRB,2019,61.0492248535156
urban_population_pct,SP.URB.TOTL.IN.ZS,SYC,2022,44.9108209981157
urban_population_pct,SP.URB.TOTL.IN.ZS,SYC,2021,44.6026796065539
urban_population_pct,SP.URB.TOTL.IN.ZS,SYC,2020,44.2936147152263
urban_population_pct,SP.URB.TOTL.IN.ZS,SYC,2019,44.0049304031754
urban_population_pct,SP.URB.TOTL.IN.ZS,SLE,2022,44.2666343543487
urban_population_pct,SP.URB.TOTL.IN.ZS,SLE,2021,43.7345385973699
urban_population_pct,SP.URB.TOTL.IN.ZS,SLE,2020,43.2129659123546
urban_population_pct,SP.URB.TOTL.IN.ZS,SLE,2019,42.7018444914441
urban_population_pct,SP.URB.TOTL.IN.ZS,SGP,2022,100.0
urban_population_pct,SP.URB.TOTL.IN.ZS,SGP,2021,100.0
urban_population_pct,SP.URB.TOTL.IN.ZS,SGP,2020,100.0
urban_population_pct,SP.URB.TOTL.IN.ZS,SGP,2019,100.0
urban_population_pct,SP.URB.TOTL.IN.ZS,SXM,2022,100.0
urban_population_pct,SP.URB.TOTL.IN.ZS,SXM,2021,100.0
urban_population_pct,SP.URB.TOTL.IN.ZS,SXM,2020,100.0
urban_population_pct,SP.URB.TOTL.IN.ZS,SXM,2019,100.0
urban_population_pct,SP.URB.TOTL.IN.ZS,SVK,2022,53.1902831072528
urban_population_pct,SP.URB.TOTL.IN.ZS,SVK,2021,53.1901479870605
urban_population_pct,SP.URB.TOTL.IN.ZS,SVK,2020,53.2481998906526
urban_population_pct,SP.URB.TOTL.IN.ZS,SVK,2019,53.3666558664583
urban_population_pct,SP.URB.TOTL.IN.ZS,SVN,2022,55.3377817873563
urban_population_pct,SP.URB.TOTL.IN.ZS,SVN,2021,55.3046289429588
urban_population_pct,SP.URB.TOTL.IN.ZS,SVN,2020,55.384391784668
urban_population_pct,SP.URB.TOTL.IN.ZS,SVN,2019,55.4523277282715
urban_population_pct,SP.URB.TOTL.IN.ZS,SLB,2022,29.3511689856806
urban_population_pct,SP.URB.TOTL.IN.ZS,SLB,2021,28.6889396820578
urban_population_pct,SP.URB.TOTL.IN.ZS,SLB,2020,28.0327555150022
urban_population_pct,SP.URB.TOTL.IN.ZS,SLB,2019,27.275106750276
urban_population_pct,SP.URB.TOTL.IN.ZS,SOM,2022,53.5010115886789
urban_population_pct,SP.URB.TOTL.IN.ZS,SOM,2021,52.9060649733324
urban_population_pct,SP.URB.TOTL.IN.ZS,SOM,2020,52.286318011754
urban_population_pct,SP.URB.TOTL.IN.ZS,SOM,2019,51.6421170703225
urban_population_pct,SP.URB.TOTL.IN.ZS,ZAF,2022,63.4766699210327
urban_population_pct,SP.URB.TOTL.IN.ZS,ZAF,2021,63.4503925883909
urban_population_pct,SP.URB.TOTL.IN.ZS,ZAF,2020,63.4373088310982
urban_population_pct,SP.URB.TOTL.IN.ZS,ZAF,2019,63.4127255007908
urban_population_pct,SP.URB.TOTL.IN.ZS,SSD,2022,20.7752121046616
urban_population_pct,SP.URB.TOTL.IN.ZS,SSD,2021,20.4811115270532
urban_population_pct,SP.URB.TOTL.IN.ZS,SSD,2020,20.1914565476286
urban_population_pct,SP.URB.TOTL.IN.ZS,SSD,2019,19.9062299188719
urban_population_pct,SP.URB.TOTL.IN.ZS,ESP,2022,79.9548794567814
urban_population_pct,SP.URB.TOTL.IN.ZS,ESP,2021,79.7846242983598
urban_population_pct,SP.URB.TOTL.IN.ZS,ESP,2020,79.6955674617799
urban_population_pct,SP.URB.TOTL.IN.ZS,ESP,2019,79.6349761108307
urban_population_pct,SP.URB.TOTL.IN.ZS,LKA,2022,19.9877933196367
urban_population_pct,SP.URB.TOTL.IN.ZS,LKA,2021,19.8266275195269
urban_population_pct,SP.URB.TOTL.IN.ZS,LKA,2020,19.6621898312161
urban_population_pct,SP.URB.TOTL.IN.ZS,LKA,2019,19.4946326418437
urban_population_pct,SP.URB.TOTL.IN.ZS,KNA,2022,31.6156404983167
urban_population_pct,SP.URB.TOTL.IN.ZS,KNA,2021,31.5393525093972
urban_population_pct,SP.URB.TOTL.IN.ZS,KNA,2020,31.4716289738952
urban_population_pct,SP.URB.TOTL.IN.ZS,KNA,2019,31.4121818392285
urban_population_pct,SP.URB.TOTL.IN.ZS,LCA,2022,29.097678526676
urban_population_pct,SP.URB.TOTL.IN.ZS,LCA,2021,27.4443458949551
urban_population_pct,SP.URB.TOTL.IN.ZS,LCA,2020,25.7524386560998
urban_population_pct,SP.URB.TOTL.IN.ZS,LCA,2019,24.2476974658382
urban_population_pct,SP.URB.TOTL.IN.ZS,MAF,2022,100.0
urban_population_pct,SP.URB.TOTL.IN.ZS,MAF,2021,100.0
urban_population_pct,SP.URB.TOTL.IN.ZS,MAF,2020,100.0
urban_population_pct,SP.URB.TOTL.IN.ZS,MAF,2019,100.0
urban_population_pct,SP.URB.TOTL.IN.ZS,VCT,2022,47.585897833353
urban_population_pct,SP.URB.TOTL.IN.ZS,VCT,2021,47.4554100739049
urban_population_pct,SP.URB.TOTL.IN.ZS,VCT,2020,47.3255171858432
urban_population_pct,SP.URB.TOTL.IN.ZS,VCT,2019,47.1962073993512
urban_population_pct,SP.URB.TOTL.IN.ZS,SDN,2022,34.7209852053086
urban_population_pct,SP.URB.TOTL.IN.ZS,SDN,2021,34.6421563427994
urban_population_pct,SP.URB.TOTL.IN.ZS,SDN,2020,34.5594433789246
urban_population_pct,SP.URB.TOTL.IN.ZS,SDN,2019,34.4727685824236
urban_population_pct,SP.URB.TOTL.IN.ZS,SUR,2022,65.8985443115234
urban_population_pct,SP.URB.TOTL.IN.ZS,SUR,2021,65.9853973388672
urban_population_pct,SP.URB.TOTL.IN.ZS,SUR,2020,66.00830078125
urban_population_pct,SP.URB.TOTL.IN.ZS,SUR,2019,66.0370492311305
urban_population_pct,SP.URB.TOTL.IN.ZS,SWE,2022,88.4038576504809
urban_population_pct,SP.URB.TOTL.IN.ZS,SWE,2021,88.1741651958315
urban_population_pct,SP.URB.TOTL.IN.ZS,SWE,2020,87.9424046895699
urban_population_pct,SP.URB.TOTL.IN.ZS,SWE,2019,87.7088420242759
urban_population_pct,SP.URB.TOTL.IN.ZS,CHE,2022,84.9206266284521
urban_population_pct,SP.URB.TOTL.IN.ZS,CHE,2021,84.2006477608879
urban_population_pct,SP.URB.TOTL.IN.ZS,CHE,2020,82.3416838515457
urban_population_pct,SP.URB.TOTL.IN.ZS,CHE,2019,80.7792907322229
urban_population_pct,SP.URB.TOTL.IN.ZS,SYR,2022,72.6124992370605
urban_population_pct,SP.URB.TOTL.IN.ZS,SYR,2021,73.0125007629395
urban_population_pct,SP.URB.TOTL.IN.ZS,SYR,2020,73.4125031102512
urban_population_pct,SP.URB.TOTL.IN.ZS,SYR,2019,73.8248788261986
urban_population_pct,SP.URB.TOTL.IN.ZS,TJK,2022,26.1957126615618
urban_population_pct,SP.URB.TOTL.IN.ZS,TJK,2021,26.1991525151375
urban_population_pct,SP.URB.TOTL.IN.ZS,TJK,2020,26.1925442328719
urban_population_pct,SP.URB.TOTL.IN.ZS,TJK,2019,26.1300735473633
urban_population_pct,SP.URB.TOTL.IN.ZS,TZA,2022,34.8234736377147
urban_population_pct,SP.URB.TOTL.IN.ZS,TZA,2021,34.3500111758619
urban_population_pct,SP.URB.TOTL.IN.ZS,TZA,2020,33.8547246036273
urban_population_pct,SP.URB.TOTL.IN.ZS,TZA,2019,33.3475258518752
urban_population_pct,SP.URB.TOTL.IN.ZS,THA,2022,59.742374420166
urban_population_pct,SP.URB.TOTL.IN.ZS,THA,2021,58.5087776184082
urban_population_pct,SP.URB.TOTL.IN.ZS,THA,2020,57.2358779907227
urban_population_pct,SP.URB.TOTL.IN.ZS,THA,2019,55.9266166687012
urban_population_pct,SP.URB.TOTL.IN.ZS,TLS,2022,28.5857292288968
urban_population_pct,SP.URB.TOTL.IN.ZS,TLS,2021,28.7927371734472
urban_population_pct,SP.URB.TOTL.IN.ZS,TLS,2020,28.9619049897647
urban_population_pct,SP.URB.TOTL.IN.ZS,TLS,2019,29.1148755245217
urban_population_pct,SP.URB.TOTL.IN.ZS,TGO,2022,42.7332327975627
urban_population_pct,SP.URB.TOTL.IN.ZS,TGO,2021,42.3105904515122
urban_population_pct,SP.URB.TOTL.IN.ZS,TGO,2020,41.8781527268075
urban_population_pct,SP.URB.TOTL.IN.ZS,TGO,2019,41.445731197295
urban_population_pct,SP.URB.TOTL.IN.ZS,TON,2022,21.147219451842
urban_population_pct,SP.URB.TOTL.IN.ZS,TON,2021,21.258003897665
urban_population_pct,SP.URB.TOTL.IN.ZS,TON,2020,21.8766206823411
urban_population_pct,SP.URB.TOTL.IN.ZS,TON,2019,22.3288155626206
urban_population_pct,SP.URB.TOTL.IN.ZS,TTO,2022,53.9474037904998
urban_population_pct,SP.URB.TOTL.IN.ZS,TTO,2021,53.9421278853848
urban_population_pct,SP.URB.TOTL.IN.ZS,TTO,2020,53.9377689584806
urban_population_pct,SP.URB.TOTL.IN.ZS,TTO,2019,53.9342394732739
urban_population_pct,SP.URB.TOTL.IN.ZS,TUN,2022,69.707138648303
urban_population_pct,SP.URB.TOTL.IN.ZS,TUN,2021,69.3997523770568
urban_population_pct,SP.URB.TOTL.IN.ZS,TUN,2020,69.1043166438476
urban_population_pct,SP.URB.TOTL.IN.ZS,TUN,2019,68.8206382576031
urban_population_pct,SP.URB.TOTL.IN.ZS,TUR,2022,89.0381164550781
urban_population_pct,SP.URB.TOTL.IN.ZS,TUR,2021,89.1762048153239
urban_population_pct,SP.URB.TOTL.IN.ZS,TUR,2020,88.9303114965222
urban_population_pct,SP.URB.TOTL.IN.ZS,TUR,2019,88.6618152857124
urban_population_pct,SP.URB.TOTL.IN.ZS,TKM,2022,47.0592103414926
urban_population_pct,SP.URB.TOTL.IN.ZS,TKM,2021,47.0581410301711
urban_population_pct,SP.URB.TOTL.IN.ZS,TKM,2020,47.0546961907259
urban_population_pct,SP.URB.TOTL.IN.ZS,TKM,2019,47.0494562466485
urban_population_pct,SP.URB.TOTL.IN.ZS,TCA,2022,93.6922471653237
urban_population_pct,SP.URB.TOTL.IN.ZS,TCA,2021,93.4467025398547
urban_population_pct,SP.URB.TOTL.IN.ZS,TCA,2020,93.1960408439605
urban_population_pct,SP.URB.TOTL.IN.ZS,TCA,2019,92.9404854322845
urban_population_pct,SP.URB.TOTL.IN.ZS,TUV,2022,63.3065768081154
urban_population_pct,SP.URB.TOTL.IN.ZS,TUV,2021,62.6098296425994
urban_population_pct,SP.URB.TOTL.IN.ZS,TUV,2020,61.9212610534937
urban_population_pct,SP.URB.TOTL.IN.ZS,TUV,2019,61.2406529218636
urban_population_pct,SP.URB.TOTL.IN.ZS,UGA,2022,29.9251969709665
urban_population_pct,SP.URB.TOTL.IN.ZS,UGA,2021,29.2362957789022
urban_population_pct,SP.URB.TOTL.IN.ZS,UGA,2020,28.5399752271502
urban_population_pct,SP.URB.TOTL.IN.ZS,UGA,2019,27.8369781799403
urban_population_pct,SP.URB.TOTL.IN.ZS,UKR,2022,69.42345912103
urban_population_pct,SP.URB.TOTL.IN.ZS,UKR,2021,69.4027032653896
urban_population_pct,SP.URB.TOTL.IN.ZS,UKR,2020,69.3839100516745
urban_population_pct,SP.URB.TOTL.IN.ZS,UKR,2019,69.3527648708735
urban_population_pct,SP.URB.TOTL.IN.ZS,ARE,2022,85.5147347682487
urban_population_pct,SP.URB.TOTL.IN.ZS,ARE,2021,85.3571908511355
urban_population_pct,SP.URB.TOTL.IN.ZS,ARE,2020,85.1955255681984
urban_population_pct,SP.URB.TOTL.IN.ZS,ARE,2019,85.0298263388195
urban_population_pct,SP.URB.TOTL.IN.ZS,GBR,2022,83.0753982997505
urban_population_pct,SP.URB.TOTL.IN.ZS,GBR,2021,82.9886431523641
urban_population_pct,SP.URB.TOTL.IN.ZS,GBR,2020,82.9000015258789
urban_population_pct,SP.URB.TOTL.IN.ZS,GBR,2019,82.6699420738913
urban_population_pct,SP.URB.TOTL.IN.ZS,USA,2022,80.0324978239707
urban_population_pct,SP.URB.TOTL.IN.ZS,USA,2021,80.0074765140272
urban_population_pct,SP.URB.TOTL.IN.ZS,USA,2020,79.997451762548
urban_population_pct,SP.URB.TOTL.IN.ZS,USA,2019,80.1304793353594
urban_population_pct,SP.URB.TOTL.IN.ZS,URY,2022,95.4977416992188
urban_population_pct,SP.URB.TOTL.IN.ZS,URY,2021,95.4497146606445
urban_population_pct,SP.URB.TOTL.IN.ZS,URY,2020,95.3997650146484
urban_population_pct,SP.URB.TOTL.IN.ZS,URY,2019,95.3479309082031
urban_population_pct,SP.URB.TOTL.IN.ZS,UZB,2022,50.9847412109375
urban_population_pct,SP.URB.TOTL.IN.ZS,UZB,2021,50.9269905090332
urban_population_pct,SP.URB.TOTL.IN.ZS,UZB,2020,50.7670402526855
urban_population_pct,SP.URB.TOTL.IN.ZS,UZB,2019,50.5920104980469
urban_population_pct,SP.URB.TOTL.IN.ZS,VUT,2022,22.2541249733107
urban_population_pct,SP.URB.TOTL.IN.ZS,VUT,2021,22.2501822422475
urban_population_pct,SP.URB.TOTL.IN.ZS,VUT,2020,22.4186852094794
urban_population_pct,SP.URB.TOTL.IN.ZS,VUT,2019,23.5024668917075
urban_population_pct,SP.URB.TOTL.IN.ZS,VEN,2022,89.2132204732836
urban_population_pct,SP.URB.TOTL.IN.ZS,VEN,2021,89.1766444746891
urban_population_pct,SP.URB.TOTL.IN.ZS,VEN,2020,89.1399056567545
urban_population_pct,SP.URB.TOTL.IN.ZS,VEN,2019,89.1030100517924
urban_population_pct,SP.URB.TOTL.IN.ZS,VNM,2022,37.5478515625
urban_population_pct,SP.URB.TOTL.IN.ZS,VNM,2021,36.6540656426603
urban_population_pct,SP.URB.TOTL.IN.ZS,VNM,2020,35.5706676299742
urban_population_pct,SP.URB.TOTL.IN.ZS,VNM,2019,34.6239134999511
urban_population_pct,SP.URB.TOTL.IN.ZS,VIR,2022,95.2171514724412
urban_population_pct,SP.URB.TOTL.IN.ZS,VIR,2021,95.1604310610968
urban_population_pct,SP.URB.TOTL.IN.ZS,VIR,2020,95.0974024521293
urban_population_pct,SP.URB.TOTL.IN.ZS,VIR,2019,95.0857481413049
urban_population_pct,SP.URB.TOTL.IN.ZS,PSE,2022,86.5961423216016
urban_population_pct,SP.URB.TOTL.IN.ZS,PSE,2021,86.334956387337
urban_population_pct,SP.URB.TOTL.IN.ZS,PSE,2020,86.0741183743925
urban_population_pct,SP.URB.TOTL.IN.ZS,PSE,2019,85.8136174183656
urban_population_pct,SP.URB.TOTL.IN.ZS,YEM,2022,36.3226310308295
urban_population_pct,SP.URB.TOTL.IN.ZS,YEM,2021,36.0704951256305
urban_population_pct,SP.URB.TOTL.IN.ZS,YEM,2020,35.7025604580302
urban_population_pct,SP.URB.TOTL.IN.ZS,YEM,2019,34.9067561732024
urban_population_pct,SP.URB.TOTL.IN.ZS,ZMB,2022,44.5988511178469
urban_population_pct,SP.URB.TOTL.IN.ZS,ZMB,2021,44.2353731410926
urban_population_pct,SP.URB.TOTL.IN.ZS,ZMB,2020,43.8644489410157
urban_population_pct,SP.URB.TOTL.IN.ZS,ZMB,2019,43.4897864547552
urban_population_pct,SP.URB.TOTL.IN.ZS,ZWE,2022,38.7055207169041
urban_population_pct,SP.URB.TOTL.IN.ZS,ZWE,2021,37.8692058859373
urban_population_pct,SP.URB.TOTL.IN.ZS,ZWE,2020,37.0097671560802
urban_population_pct,SP.URB.TOTL.IN.ZS,ZWE,2019,36.1837638266364
trade_pct_gdp,NE.TRD.GNFS.ZS,AFE,2022,57.1173763714306
trade_pct_gdp,NE.TRD.GNFS.ZS,AFE,2021,54.5513323505808
trade_pct_gdp,NE.TRD.GNFS.ZS,AFE,2020,49.343584646059
trade_pct_gdp,NE.TRD.GNFS.ZS,AFE,2019,53.2143102862768
trade_pct_gdp,NE.TRD.GNFS.ZS,ARB,2022,86.5555785491757
trade_pct_gdp,NE.TRD.GNFS.ZS,ARB,2021,79.4427227325945
trade_pct_gdp,NE.TRD.GNFS.ZS,ARB,2020,74.6177547295619
trade_pct_gdp,NE.TRD.GNFS.ZS,ARB,2019,78.9788655191864
trade_pct_gdp,NE.TRD.GNFS.ZS,CEB,2022,139.865222966994
trade_pct_gdp,NE.TRD.GNFS.ZS,CEB,2021,125.549790020179
trade_pct_gdp,NE.TRD.GNFS.ZS,CEB,2020,114.658290296243
trade_pct_gdp,NE.TRD.GNFS.ZS,CEB,2019,121.363027524657
trade_pct_gdp,NE.TRD.GNFS.ZS,EAR,2022,58.8508086269123
trade_pct_gdp,NE.TRD.GNFS.ZS,EAR,2021,53.2736946311421
trade_pct_gdp,NE.TRD.GNFS.ZS,EAR,2020,47.2001890217132
trade_pct_gdp,NE.TRD.GNFS.ZS,EAR,2019,52.0274235296136
trade_pct_gdp,NE.TRD.GNFS.ZS,EAS,2022,59.6939018282108
trade_pct_gdp,NE.TRD.GNFS.ZS,EAS,2021,54.8600151200911
trade_pct_gdp,NE.TRD.GNFS.ZS,EAS,2020,50.0180622255219
trade_pct_gdp,NE.TRD.GNFS.ZS,EAS,2019,52.9754541230876
trade_pct_gdp,NE.TRD.GNFS.ZS,EAP,2022,46.8418898134075
trade_pct_gdp,NE.TRD.GNFS.ZS,EAP,2021,44.766996321658
trade_pct_gdp,NE.TRD.GNFS.ZS,EAP,2020,40.8339837931559
trade_pct_gdp,NE.TRD.GNFS.ZS,EAP,2019,42.9152669023519
trade_pct_gdp,NE.TRD.GNFS.ZS,TEA,2022,46.8441335658356
trade_pct_gdp,NE.TRD.GNFS.ZS,TEA,2021,44.7686717712859
trade_pct_gdp,NE.TRD.GNFS.ZS,TEA,2020,40.8363715971787
trade_pct_gdp,NE.TRD.GNFS.ZS,TEA,2019,42.918052350245
trade_pct_gdp,NE.TRD.GNFS.ZS,EMU,2022,100.761322940431
trade_pct_gdp,NE.TRD.GNFS.ZS,EMU,2021,88.5555185521565
trade_pct_gdp,NE.TRD.GNFS.ZS,EMU,2020,81.3265191323919
trade_pct_gdp,NE.TRD.GNFS.ZS,EMU,2019,88.1241601253515
trade_pct_gdp,NE.TRD.GNFS.ZS,ECS,2022,93.4423112505241
trade_pct_gdp,NE.TRD.GNFS.ZS,ECS,2021,83.185632647397
trade_pct_gdp,NE.TRD.GNFS.ZS,ECS,2020,77.0551056464571
trade_pct_gdp,NE.TRD.GNFS.ZS,ECS,2019,83.1535716756117
trade_pct_gdp,NE.TRD.GNFS.ZS,ECA,2022,82.1952392128498
trade_pct_gdp,NE.TRD.GNFS.ZS,ECA,2021,73.197085076504
trade_pct_gdp,NE.TRD.GNFS.ZS,ECA,2020,65.2674804509648
trade_pct_gdp,NE.TRD.GNFS.ZS,ECA,2019,71.0255690842484
trade_pct_gdp,NE.TRD.GNFS.ZS,TEC,2022,72.6918504065243
trade_pct_gdp,NE.TRD.GNFS.ZS,TEC,2021,70.0495786932915
trade_pct_gdp,NE.TRD.GNFS.ZS,TEC,2020,62.9043943187098
trade_pct_gdp,NE.TRD.GNFS.ZS,TEC,2019,67.4494050119772
trade_pct_gdp,NE.TRD.GNFS.ZS,EUU,2022,103.704297824246
trade_pct_gdp,NE.TRD.GNFS.ZS,EUU,2021,91.2027987709932
trade_pct_gdp,NE.TRD.GNFS.ZS,EUU,2020,83.8178435756324
trade_pct_gdp,NE.TRD.GNFS.ZS,EUU,2019,90.5535167755498
trade_pct_gdp,NE.TRD.GNFS.ZS,HPC,2022,55.5523209026046
trade_pct_gdp,NE.TRD.GNFS.ZS,HPC,2021,51.0652963892432
trade_pct_gdp,NE.TRD.GNFS.ZS,HPC,2020,47.2342916899179
trade_pct_gdp,NE.TRD.GNFS.ZS,HPC,2019,53.1389262447371
trade_pct_gdp,NE.TRD.GNFS.ZS,IBD,2022,53.751444616711
trade_pct_gdp,NE.TRD.GNFS.ZS,IBD,2021,50.7074421878126
trade_pct_gdp,NE.TRD.GNFS.ZS,IBD,2020,45.4695172579891
trade_pct_gdp,NE.TRD.GNFS.ZS,IBD,2019,48.1676862711543
trade_pct_gdp,NE.TRD.GNFS.ZS,IBT,2022,53.6126039380313
trade_pct_gdp,NE.TRD.GNFS.ZS,IBT,2021,50.5268193017185
trade_pct_gdp,NE.TRD.GNFS.ZS,IBT,2020,45.3752250141849
trade_pct_gdp,NE.TRD.GNFS.ZS,IBT,2019,48.1943922259065
trade_pct_gdp,NE.TRD.GNFS.ZS,IDX,2022,54.7122721955176
trade_pct_gdp,NE.TRD.GNFS.ZS,IDX,2021,52.2120688058905
trade_pct_gdp,NE.TRD.GNFS.ZS,IDX,2020,47.9015176024508
trade_pct_gdp,NE.TRD.GNFS.ZS,IDX,2019,53.2117386493399
trade_pct_gdp,NE.TRD.GNFS.ZS,IDA,2022,51.0580808931251
trade_pct_gdp,NE.TRD.GNFS.ZS,IDA,2021,47.2302506408838
trade_pct_gdp,NE.TRD.GNFS.ZS,IDA,2020,43.6542866402809
trade_pct_gdp,NE.TRD.GNFS.ZS,IDA,2019,48.6888132254431
trade_pct_gdp,NE.TRD.GNFS.ZS,LTE,2022,57.7448694959449
trade_pct_gdp,NE.TRD.GNFS.ZS,LTE,2021,55.463392645272
trade_pct_gdp,NE.TRD.GNFS.ZS,LTE,2020,51.3902275348393
trade_pct_gdp,NE.TRD.GNFS.ZS,LTE,2019,52.7358799610063
trade_pct_gdp,NE.TRD.GNFS.ZS,LCN,2022,56.0021722062466
trade_pct_gdp,NE.TRD.GNFS.ZS,LCN,2021,52.5995209680724
trade_pct_gdp,NE.TRD.GNFS.ZS,LCN,2020,45.9729489898563
trade_pct_gdp,NE.TRD.GNFS.ZS,LCN,2019,47.7094272418949
trade_pct_gdp,NE.TRD.GNFS.ZS,LAC,2022,53.6356242101676
trade_pct_gdp,NE.TRD.GNFS.ZS,LAC,2021,50.7322215415369
trade_pct_gdp,NE.TRD.GNFS.ZS,LAC,2020,44.08622590916
trade_pct_gdp,NE.TRD.GNFS.ZS,LAC,2019,45.6898614931401
trade_pct_gdp,NE.TRD.GNFS.ZS,TLA,2022,54.712654058513
trade_pct_gdp,NE.TRD.GNFS.ZS,TLA,2021,51.480809635132
trade_pct_gdp,NE.TRD.GNFS.ZS,TLA,2020,45.584991563533
trade_pct_gdp,NE.TRD.GNFS.ZS,TLA,2019,47.1463833583721
trade_pct_gdp,NE.TRD.GNFS.ZS,LDC,2022,51.037908122287
trade_pct_gdp,NE.TRD.GNFS.ZS,LDC,2021,50.8303393232299
trade_pct_gdp,NE.TRD.GNFS.ZS,LDC,2020,46.4206022472537
trade_pct_gdp,NE.TRD.GNFS.ZS,LDC,2019,50.4527081523106
trade_pct_gdp,NE.TRD.GNFS.ZS,LMY,2022,52.0932710272132
trade_pct_gdp,NE.TRD.GNFS.ZS,LMY,2021,48.6099949167732
trade_pct_gdp,NE.TRD.GNFS.ZS,LMY,2020,43.4647217872405
trade_pct_gdp,NE.TRD.GNFS.ZS,LMY,2019,46.2116657620281
trade_pct_gdp,NE.TRD.GNFS.ZS,MEA,2022,78.0406746623736
trade_pct_gdp,NE.TRD.GNFS.ZS,MEA,2021,70.9546601141757
trade_pct_gdp,NE.TRD.GNFS.ZS,MEA,2020,67.1468231229496
trade_pct_gdp,NE.TRD.GNFS.ZS,MEA,2019,71.365230706302
trade_pct_gdp,NE.TRD.GNFS.ZS,MNA,2022,57.6424669457763
trade_pct_gdp,NE.TRD.GNFS.ZS,MNA,2021,49.3831362501559
trade_pct_gdp,NE.TRD.GNFS.ZS,MNA,2020,44.4596178295708
trade_pct_gdp,NE.TRD.GNFS.ZS,MNA,2019,51.6201392609727
trade_pct_gdp,NE.TRD.GNFS.ZS,TMN,2022,57.410925835179
trade_pct_gdp,NE.TRD.GNFS.ZS,TMN,2021,49.1614362771883
trade_pct_gdp,NE.TRD.GNFS.ZS,TMN,2020,44.2460732794613
trade_pct_gdp,NE.TRD.GNFS.ZS,TMN,2019,51.4556020560939
trade_pct_gdp,NE.TRD.GNFS.ZS,MIC,2022,52.1324902381454
trade_pct_gdp,NE.TRD.GNFS.ZS,MIC,2021,48.5808482414615
trade_pct_gdp,NE.TRD.GNFS.ZS,MIC,2020,43.4244387758133
trade_pct_gdp,NE.TRD.GNFS.ZS,MIC,2019,46.1634221530883
trade_pct_gdp,NE.TRD.GNFS.ZS,NAC,2022,30.3426534884109
trade_pct_gdp,NE.TRD.GNFS.ZS,NAC,2021,28.40765855321
trade_pct_gdp,NE.TRD.GNFS.ZS,NAC,2020,26.4003671798299
trade_pct_gdp,NE.TRD.GNFS.ZS,NAC,2019,29.6820125642233
trade_pct_gdp,NE.TRD.GNFS.ZS,OED,2022,62.7210761175953
trade_pct_gdp,NE.TRD.GNFS.ZS,OED,2021,55.391612459278
trade_pct_gdp,NE.TRD.GNFS.ZS,OED,2020,51.2170212483167
trade_pct_gdp,NE.TRD.GNFS.ZS,OED,2019,55.6720668830735
trade_pct_gdp,NE.TRD.GNFS.ZS,OSS,2022,164.282417815032
trade_pct_gdp,NE.TRD.GNFS.ZS,OSS,2021,148.020858407982
trade_pct_gdp,NE.TRD.GNFS.ZS,OSS,2020,132.264679163186
trade_pct_gdp,NE.TRD.GNFS.ZS,OSS,2019,136.482720392668
trade_pct_gdp,NE.TRD.GNFS.ZS,PSS,2022,100.616717744541
trade_pct_gdp,NE.TRD.GNFS.ZS,PSS,2021,79.8740108393576
trade_pct_gdp,NE.TRD.GNFS.ZS,PSS,2020,77.822496086836
trade_pct_gdp,NE.TRD.GNFS.ZS,PSS,2019,102.576795339028
trade_pct_gdp,NE.TRD.GNFS.ZS,PST,2022,64.0136764662262
trade_pct_gdp,NE.TRD.GNFS.ZS,PST,2021,56.99335205027
trade_pct_gdp,NE.TRD.GNFS.ZS,PST,2020,52.5392087365205
trade_pct_gdp,NE.TRD.GNFS.ZS,PST,2019,57.1581640584494
trade_pct_gdp,NE.TRD.GNFS.ZS,SST,2022,153.293868856844
trade_pct_gdp,NE.TRD.GNFS.ZS,SST,2021,137.26856660282
trade_pct_gdp,NE.TRD.GNFS.ZS,SST,2020,122.619796574394
trade_pct_gdp,NE.TRD.GNFS.ZS,SST,2019,129.340648955305
trade_pct_gdp,NE.TRD.GNFS.ZS,SAS,2022,49.3870182903706
trade_pct_gdp,NE.TRD.GNFS.ZS,SAS,2021,44.0145414114752
trade_pct_gdp,NE.TRD.GNFS.ZS,SAS,2020,36.9884537737575
trade_pct_gdp,NE.TRD.GNFS.ZS,SAS,2019,39.8164418526697
trade_pct_gdp,NE.TRD.GNFS.ZS,TSA,2022,49.3870182903706
trade_pct_gdp,NE.TRD.GNFS.ZS,TSA,2021,44.0145414114752
trade_pct_gdp,NE.TRD.GNFS.ZS,TSA,2020,36.9884537737575
trade_pct_gdp,NE.TRD.GNFS.ZS,TSA,2019,39.8164418526697
trade_pct_gdp,NE.TRD.GNFS.ZS,SSF,2022,58.9994035836065
trade_pct_gdp,NE.TRD.GNFS.ZS,SSF,2021,55.7521813274626
trade_pct_gdp,NE.TRD.GNFS.ZS,SSF,2020,51.0745605520284
trade_pct_gdp,NE.TRD.GNFS.ZS,SSF,2019,55.5340525464606
trade_pct_gdp,NE.TRD.GNFS.ZS,SSA,2022,58.8521146696301
trade_pct_gdp,NE.TRD.GNFS.ZS,SSA,2021,55.6113533048507
trade_pct_gdp,NE.TRD.GNFS.ZS,SSA,2020,50.961904883829
trade_pct_gdp,NE.TRD.GNFS.ZS,SSA,2019,55.4043844435003
trade_pct_gdp,NE.TRD.GNFS.ZS,TSS,2022,58.9994035836065
trade_pct_gdp,NE.TRD.GNFS.ZS,TSS,2021,55.7521813274626
trade_pct_gdp,NE.TRD.GNFS.ZS,TSS,2020,51.0745605520284
trade_pct_gdp,NE.TRD.GNFS.ZS,TSS,2019,55.5340525464606
trade_pct_gdp,NE.TRD.GNFS.ZS,WLD,2022,62.1470721214396
trade_pct_gdp,NE.TRD.GNFS.ZS,WLD,2021,56.498994335193
trade_pct_gdp,NE.TRD.GNFS.ZS,WLD,2020,51.8676146705359
trade_pct_gdp,NE.TRD.GNFS.ZS,WLD,2019,55.8007220789098
trade_pct_gdp,NE.TRD.GNFS.ZS,AFG,2022,72.8854696086536
trade_pct_gdp,NE.TRD.GNFS.ZS,AFG,2021,51.4117163747271
trade_pct_gdp,NE.TRD.GNFS.ZS,AFG,2020,46.7098945514103
trade_pct_gdp,NE.TRD.GNFS.ZS,ALB,2022,84.6980435944865
trade_pct_gdp,NE.TRD.GNFS.ZS,ALB,2021,75.5904040905009
trade_pct_gdp,NE.TRD.GNFS.ZS,ALB,2020,59.5206994391875
trade_pct_gdp,NE.TRD.GNFS.ZS,ALB,2019,75.382128932689
trade_pct_gdp,NE.TRD.GNFS.ZS,DZA,2022,51.1900893683897
trade_pct_gdp,NE.TRD.GNFS.ZS,DZA,2021,46.8370592599607
trade_pct_gdp,NE.TRD.GNFS.ZS,DZA,2020,40.3897565625388
trade_pct_gdp,NE.TRD.GNFS.ZS,DZA,2019,46.5068426081672
trade_pct_gdp,NE.TRD.GNFS.ZS,ASM,2022,124.684270952928
trade_pct_gdp,NE.TRD.GNFS.ZS,ASM,2021,136.8
trade_pct_gdp,NE.TRD.GNFS.ZS,ASM,2020,154.368932038835
trade_pct_gdp,NE.TRD.GNFS.ZS,ASM,2019,156.568778979907
trade_pct_gdp,NE.TRD.GNFS.ZS,AGO,2022,56.5380722280743
trade_pct_gdp,NE.TRD.GNFS.ZS,AGO,2021,62.5287705320674
trade_pct_gdp,NE.TRD.GNFS.ZS,AGO,2020,54.6604030683749
trade_pct_gdp,NE.TRD.GNFS.ZS,AGO,2019,60.3713068739603
trade_pct_gdp,NE.TRD.GNFS.ZS,ATG,2022,118.302584056113
trade_pct_gdp,NE.TRD.GNFS.ZS,ATG,2021,101.074960584779
trade_pct_gdp,NE.TRD.GNFS.ZS,ATG,2020,94.289529886499
trade_pct_gdp,NE.TRD.GNFS.ZS,ATG,2019,137.537783631991
trade_pct_gdp,NE.TRD.GNFS.ZS,ARG,2022,31.5801792606256
trade_pct_gdp,NE.TRD.GNFS.ZS,ARG,2021,33.078689567466
trade_pct_gdp,NE.TRD.GNFS.ZS,ARG,2020,30.203698807416
trade_pct_gdp,NE.TRD.GNFS.ZS,ARG,2019,32.6306150458499
trade_pct_gdp,NE.TRD.GNFS.ZS,ARM,2022,103.878629213508
trade_pct_gdp,NE.TRD.GNFS.ZS,ARM,2021,79.2489057647112
trade_pct_gdp,NE.TRD.GNFS.ZS,ARM,2020,70.1213571368789
trade_pct_gdp,NE.TRD.GNFS.ZS,ARM,2019,97.847004865327
trade_pct_gdp,NE.TRD.GNFS.ZS,ABW,2022,160.558140997897
trade_pct_gdp,NE.TRD.GNFS.ZS,ABW,2021,139.510902584073
trade_pct_gdp,NE.TRD.GNFS.ZS,ABW,2020,123.24050373078
trade_pct_gdp,NE.TRD.GNFS.ZS,ABW,2019,137.923249273411
trade_pct_gdp,NE.TRD.GNFS.ZS,AUS,2022,45.6946418805752
trade_pct_gdp,NE.TRD.GNFS.ZS,AUS,2021,40.2022359390595
trade_pct_gdp,NE.TRD.GNFS.ZS,AUS,2020,44.499564103879
trade_pct_gdp,NE.TRD.GNFS.ZS,AUS,2019,46.0016827052171
trade_pct_gdp,NE.TRD.GNFS.ZS,AUT,2022,123.579578652902
trade_pct_gdp,NE.TRD.GNFS.ZS,AUT,2021,111.032932124165
trade_pct_gdp,NE.TRD.GNFS.ZS,AUT,2020,99.9482141095975
trade_pct_gdp,NE.TRD.GNFS.ZS,AUT,2019,108.207284904426
trade_pct_gdp,NE.TRD.GNFS.ZS,AZE,2022,86.9822732541779
trade_pct_gdp,NE.TRD.GNFS.ZS,AZE,2021,76.286865687015
trade_pct_gdp,NE.TRD.GNFS.ZS,AZE,2020,72.0178676487811
trade_pct_gdp,NE.TRD.GNFS.ZS,AZE,2019,85.8181454084561
trade_pct_gdp,NE.TRD.GNFS.ZS,BHS,2022,75.9829601059237
trade_pct_gdp,NE.TRD.GNFS.ZS,BHS,2021,65.9325413308964
trade_pct_gdp,NE.TRD.GNFS.ZS,BHS,2020,53.4207580670063
trade_pct_gdp,NE.TRD.GNFS.ZS,BHS,2019,68.7866234842208
trade_pct_gdp,NE.TRD.GNFS.ZS,BHR,2022,167.141241152535
trade_pct_gdp,NE.TRD.GNFS.ZS,BHR,2021,153.799316485108
trade_pct_gdp,NE.TRD.GNFS.ZS,BHR,2020,135.460985012931
trade_pct_gdp,NE.TRD.GNFS.ZS,BHR,2019,135.417543398211
trade_pct_gdp,NE.TRD.GNFS.ZS,BGD,2022,33.7799672705735
trade_pct_gdp,NE.TRD.GNFS.ZS,BGD,2021,27.7240047036631
trade_pct_gdp,NE.TRD.GNFS.ZS,BGD,2020,26.271447376215
trade_pct_gdp,NE.TRD.GNFS.ZS,BGD,2019,31.5780544912404
trade_pct_gdp,NE.TRD.GNFS.ZS,BLR,2022,120.024207576094
trade_pct_gdp,NE.TRD.GNFS.ZS,BLR,2021,136.014167877476
trade_pct_gdp,NE.TRD.GNFS.ZS,BLR,2020,118.934176146534
trade_pct_gdp,NE.TRD.GNFS.ZS,BLR,2019,130.850406102184
trade_pct_gdp,NE.TRD.GNFS.ZS,BEL,2022,191.053418131592
trade_pct_gdp,NE.TRD.GNFS.ZS,BEL,2021,177.381912201075
trade_pct_gdp,NE.TRD.GNFS.ZS,BEL,2020,156.950121282783
trade_pct_gdp,NE.TRD.GNFS.ZS,BEL,2019,165.46547893199
trade_pct_gdp,NE.TRD.GNFS.ZS,BLZ,2022,107.840250086037
trade_pct_gdp,NE.TRD.GNFS.ZS,BLZ,2021,98.9824369429997
trade_pct_gdp,NE.TRD.GNFS.ZS,BLZ,2020,81.6431433128545
trade_pct_gdp,NE.TRD.GNFS.ZS,BLZ,2019,102.441856907677
trade_pct_gdp,NE.TRD.GNFS.ZS,BEN,2022,44.3815928877424
trade_pct_gdp,NE.TRD.GNFS.ZS,BEN,2021,48.0548608324409
trade_pct_gdp,NE.TRD.GNFS.ZS,BEN,2020,44.8332333768726
trade_pct_gdp,NE.TRD.GNFS.ZS,BEN,2019,63.68133231423
trade_pct_gdp,NE.TRD.GNFS.ZS,BMU,2022,77.9770526954316
trade_pct_gdp,NE.TRD.GNFS.ZS,BMU,2021,72.9270921395872
trade_pct_gdp,NE.TRD.GNFS.ZS,BMU,2020,70.5898221728952
trade_pct_gdp,NE.TRD.GNFS.ZS,BMU,2019,77.5601016506443
trade_pct_gdp,NE.TRD.GNFS.ZS,BTN,2022,85.5712165226139
trade_pct_gdp,NE.TRD.GNFS.ZS,BTN,2021,77.5824482709826
trade_pct_gdp,NE.TRD.GNFS.ZS,BTN,2020,71.8303510394637
trade_pct_gdp,NE.TRD.GNFS.ZS,BTN,2019,76.1235167041505
trade_pct_gdp,NE.TRD.GNFS.ZS,BOL,2022,57.5249335789631
trade_pct_gdp,NE.TRD.GNFS.ZS,BOL,2021,47.6670843158984
trade_pct_gdp,NE.TRD.GNFS.ZS,BOL,2020,37.5164342446486
trade_pct_gdp,NE.TRD.GNFS.ZS,BOL,2019,45.8209732749024
trade_pct_gdp,NE.TRD.GNFS.ZS,BIH,2022,110.205283719751
trade_pct_gdp,NE.TRD.GNFS.ZS,BIH,2021,96.7391144408744
trade_pct_gdp,NE.TRD.GNFS.ZS,BIH,2020,82.5216467994007
trade_pct_gdp,NE.TRD.GNFS.ZS,BIH,2019,94.516125154246
trade_pct_gdp,NE.TRD.GNFS.ZS,BWA,2022,86.0696039867252
trade_pct_gdp,NE.TRD.GNFS.ZS,BWA,2021,91.0478497403998
trade_pct_gdp,NE.TRD.GNFS.ZS,BWA,2020,80.3250344865506
trade_pct_gdp,NE.TRD.GNFS.ZS,BWA,2019,83.0929813601175
trade_pct_gdp,NE.TRD.GNFS.ZS,BRA,2022,38.8160659763397
trade_pct_gdp,NE.TRD.GNFS.ZS,BRA,2021,37.6563307598082
trade_pct_gdp,NE.TRD.GNFS.ZS,BRA,2020,32.3020785437939
trade_pct_gdp,NE.TRD.GNFS.ZS,BRA,2019,28.8902578698964
trade_pct_gdp,NE.TRD.GNFS.ZS,BRN,2022,146.973965879597
trade_pct_gdp,NE.TRD.GNFS.ZS,BRN,2021,147.123112375318
trade_pct_gdp,NE.TRD.GNFS.ZS,BRN,2020,110.291003658452
trade_pct_gdp,NE.TRD.GNFS.ZS,BRN,2019,108.509658357959
trade_pct_gdp,NE.TRD.GNFS.ZS,BGR,2022,138.844872770267
trade_pct_gdp,NE.TRD.GNFS.ZS,BGR,2021,121.214091012604
trade_pct_gdp,NE.TRD.GNFS.ZS,BGR,2020,110.423903082333
trade_pct_gdp,NE.TRD.GNFS.ZS,BGR,2019,125.260415075086
trade_pct_gdp,NE.TRD.GNFS.ZS,BFA,2022,67.5202901331655
trade_pct_gdp,NE.TRD.GNFS.ZS,BFA,2021,62.4203586607795
trade_pct_gdp,NE.TRD.GNFS.ZS,BFA,2020,60.7397786403239
trade_pct_gdp,NE.TRD.GNFS.ZS,BFA,2019,60.4086928753226
trade_pct_gdp,NE.TRD.GNFS.ZS,CPV,2022,96.9941368513357
trade_pct_gdp,NE.TRD.GNFS.ZS,CPV,2021,77.4550586265341
trade_pct_gdp,NE.TRD.GNFS.ZS,CPV,2020,78.3934545931901
trade_pct_gdp,NE.TRD.GNFS.ZS,CPV,2019,103.602656463726
trade_pct_gdp,NE.TRD.GNFS.ZS,KHM,2022,145.873632761406
trade_pct_gdp,NE.TRD.GNFS.ZS,KHM,2021,146.179846509715
trade_pct_gdp,NE.TRD.GNFS.ZS,KHM,2020,122.105396346568
trade_pct_gdp,NE.TRD.GNFS.ZS,KHM,2019,115.736679072448
trade_pct_gdp,NE.TRD.GNFS.ZS,CMR,2022,41.2866025594679
trade_pct_gdp,NE.TRD.GNFS.ZS,CMR,2021,36.7308347188558
trade_pct_gdp,NE.TRD.GNFS.ZS,CMR,2020,33.7388313623871
trade_pct_gdp,NE.TRD.GNFS.ZS,CMR,2019,43.3785132480415
trade_pct_gdp,NE.TRD.GNFS.ZS,CAN,2022,66.9531620692051
trade_pct_gdp,NE.TRD.GNFS.ZS,CAN,2021,62.2468612630348
trade_pct_gdp,NE.TRD.GNFS.ZS,CAN,2020,61.1566883386797
trade_pct_gdp,NE.TRD.GNFS.ZS,CAN,2019,66.1713422730605
trade_pct_gdp,NE.TRD.GNFS.ZS,CYM,2020,105.472790158919
trade_pct_gdp,NE.TRD.GNFS.ZS,CYM,2019,114.838539695171
trade_pct_gdp,NE.TRD.GNFS.ZS,CAF,2022,45.23357000162
trade_pct_gdp,NE.TRD.GNFS.ZS,CAF,2021,44.159119995104
trade_pct_gdp,NE.TRD.GNFS.ZS,CAF,2020,49.5210200011921
trade_pct_gdp,NE.TRD.GNFS.ZS,CAF,2019,50.0658000014868
trade_pct_gdp,NE.TRD.GNFS.ZS,TCD,2022,47.9883784319429
trade_pct_gdp,NE.TRD.GNFS.ZS,TCD,2021,43.9465041015895
trade_pct_gdp,NE.TRD.GNFS.ZS,TCD,2020,40.6428170621932
trade_pct_gdp,NE.TRD.GNFS.ZS,TCD,2019,46.6777247152768
trade_pct_gdp,NE.TRD.GNFS.ZS,CHL,2022,75.2334197533759
trade_pct_gdp,NE.TRD.GNFS.ZS,CHL,2021,64.8399924791736
trade_pct_gdp,NE.TRD.GNFS.ZS,CHL,2020,58.1687693933374
trade_pct_gdp,NE.TRD.GNFS.ZS,CHL,2019,57.6069157856537
trade_pct_gdp,NE.TRD.GNFS.ZS,CHN,2022,37.512555678171
trade_pct_gdp,NE.TRD.GNFS.ZS,CHN,2021,36.6428789643754
trade_pct_gdp,NE.TRD.GNFS.ZS,CHN,2020,34.337778473884
trade_pct_gdp,NE.TRD.GNFS.ZS,CHN,2019,35.4544350281407
trade_pct_gdp,NE.TRD.GNFS.ZS,COL,2022,48.2826551123359
trade_pct_gdp,NE.TRD.GNFS.ZS,COL,2021,40.0591463936128
trade_pct_gdp,NE.TRD.GNFS.ZS,COL,2020,34.0555709680101
trade_pct_gdp,NE.TRD.GNFS.ZS,COL,2019,37.558533980839
trade_pct_gdp,NE.TRD.GNFS.ZS,COM,2022,50.3887704882382
trade_pct_gdp,NE.TRD.GNFS.ZS,COM,2021,42.0677236496077
trade_pct_gdp,NE.TRD.GNFS.ZS,COM,2020,33.7299346157491
trade_pct_gdp,NE.TRD.GNFS.ZS,COM,2019,42.2680785350184
trade_pct_gdp,NE.TRD.GNFS.ZS,COD,2022,85.8221691879958
trade_pct_gdp,NE.TRD.GNFS.ZS,COD,2021,75.3870523860732
trade_pct_gdp,NE.TRD.GNFS.ZS,COD,2020,61.0284707727916
trade_pct_gdp,NE.TRD.GNFS.ZS,COD,2019,60.9143523742792
trade_pct_gdp,NE.TRD.GNFS.ZS,COG,2022,98.1613366922001
trade_pct_gdp,NE.TRD.GNFS.ZS,COG,2021,85.5462031552188
trade_pct_gdp,NE.TRD.GNFS.ZS,COG,2020,69.3066247188397
trade_pct_gdp,NE.TRD.GNFS.ZS,COG,2019,91.5757547930374
trade_pct_gdp,NE.TRD.GNFS.ZS,CRI,2022,79.0523903153884
trade_pct_gdp,NE.TRD.GNFS.ZS,CRI,2021,70.103693305909
trade_pct_gdp,NE.TRD.GNFS.ZS,CRI,2020,59.7463550719484
trade_pct_gdp,NE.TRD.GNFS.ZS,CRI,2019,65.4194732486775
trade_pct_gdp,NE.TRD.GNFS.ZS,CIV,2022,52.8663910413483
trade_pct_gdp,NE.TRD.GNFS.ZS,CIV,2021,45.1140327762435
trade_pct_gdp,NE.TRD.GNFS.ZS,CIV,2020,41.9426318190526
trade_pct_gdp,NE.TRD.GNFS.ZS,CIV,2019,44.6604105830795
trade_pct_gdp,NE.TRD.GNFS.ZS,HRV,2022,125.410793782261
trade_pct_gdp,NE.TRD.GNFS.ZS,HRV,2021,102.327614281062
trade_pct_gdp,NE.TRD.GNFS.ZS,HRV,2020,89.5475327132272
trade_pct_gdp,NE.TRD.GNFS.ZS,HRV,2019,101.395111645358
trade_pct_gdp,NE.TRD.GNFS.ZS,CUB,2022,93.8607755890525
trade_pct_gdp,NE.TRD.GNFS.ZS,CUB,2021,80.0237703083904
trade_pct_gdp,NE.TRD.GNFS.ZS,CUB,2020,15.6829868097474
trade_pct_gdp,NE.TRD.GNFS.ZS,CUB,2019,22.8208911354416
trade_pct_gdp,NE.TRD.GNFS.ZS,CYP,2022,205.753530252705
trade_pct_gdp,NE.TRD.GNFS.ZS,CYP,2021,176.82773681987
trade_pct_gdp,NE.TRD.GNFS.ZS,CYP,2020,160.66871645997
trade_pct_gdp,NE.TRD.GNFS.ZS,CYP,2019,150.50616312951
trade_pct_gdp,NE.TRD.GNFS.ZS,CZE,2022,144.011494109397
trade_pct_gdp,NE.TRD.GNFS.ZS,CZE,2021,137.378116302868
trade_pct_gdp,NE.TRD.GNFS.ZS,CZE,2020,128.780430305965
trade_pct_gdp,NE.TRD.GNFS.ZS,CZE,2019,138.154609993871
trade_pct_gdp,NE.TRD.GNFS.ZS,DNK,2022,131.995824909071
trade_pct_gdp,NE.TRD.GNFS.ZS,DNK,2021,112.321472697291
trade_pct_gdp,NE.TRD.GNFS.ZS,DNK,2020,104.433432671151
trade_pct_gdp,NE.TRD.GNFS.ZS,DNK,2019,111.891475065653
trade_pct_gdp,NE.TRD.GNFS.ZS,DJI,2022,302.285409231545
trade_pct_gdp,NE.TRD.GNFS.ZS,DJI,2021,263.477728733891
trade_pct_gdp,NE.TRD.GNFS.ZS,DJI,2020,225.744871323723
trade_pct_gdp,NE.TRD.GNFS.ZS,DJI,2019,320.93923036418
trade_pct_gdp,NE.TRD.GNFS.ZS,DOM,2022,54.3781976712844
trade_pct_gdp,NE.TRD.GNFS.ZS,DOM,2021,51.9500227303115
trade_pct_gdp,NE.TRD.GNFS.ZS,DOM,2020,44.7331613466756
trade_pct_gdp,NE.TRD.GNFS.ZS,DOM,2019,50.912982200697
trade_pct_gdp,NE.TRD.GNFS.ZS,ECU,2022,61.880792818786
trade_pct_gdp,NE.TRD.GNFS.ZS,ECU,2021,53.261275610573
trade_pct_gdp,NE.TRD.GNFS.ZS,ECU,2020,43.9893109378389
trade_pct_gdp,NE.TRD.GNFS.ZS,ECU,2019,48.0828494933307
trade_pct_gdp,NE.TRD.GNFS.ZS,EGY,2022,36.9831048772713
trade_pct_gdp,NE.TRD.GNFS.ZS,EGY,2021,29.8569734808122
trade_pct_gdp,NE.TRD.GNFS.ZS,EGY,2020,32.1262555667523
trade_pct_gdp,NE.TRD.GNFS.ZS,EGY,2019,41.1240171551108
trade_pct_gdp,NE.TRD.GNFS.ZS,SLV,2022,88.7011372097555
trade_pct_gdp,NE.TRD.GNFS.ZS,SLV,2021,81.8450759800765
trade_pct_gdp,NE.TRD.GNFS.ZS,SLV,2020,66.4595069497083
trade_pct_gdp,NE.TRD.GNFS.ZS,SLV,2019,76.0420130991468
trade_pct_gdp,NE.TRD.GNFS.ZS,GNQ,2022,81.8130161368099
trade_pct_gdp,NE.TRD.GNFS.ZS,GNQ,2021,76.9666485998527
trade_pct_gdp,NE.TRD.GNFS.ZS,GNQ,2020,77.9278846441807
trade_pct_gdp,NE.TRD.GNFS.ZS,GNQ,2019,94.8787924253545
trade_pct_gdp,NE.TRD.GNFS.ZS,EST,2022,175.68711950524
trade_pct_gdp,NE.TRD.GNFS.ZS,EST,2021,160.471922305927
trade_pct_gdp,NE.TRD.GNFS.ZS,EST,2020,137.392641283846
trade_pct_gdp,NE.TRD.GNFS.ZS,EST,2019,140.352147998549
trade_pct_gdp,NE.TRD.GNFS.ZS,SWZ,2022,92.5715871298334
trade_pct_gdp,NE.TRD.GNFS.ZS,SWZ,2021,89.9313874866569
trade_pct_gdp,NE.TRD.GNFS.ZS,SWZ,2020,84.0140188426878
trade_pct_gdp,NE.TRD.GNFS.ZS,SWZ,2019,86.6407948477595
trade_pct_gdp,NE.TRD.GNFS.ZS,ETH,2022,26.5954996964257
trade_pct_gdp,NE.TRD.GNFS.ZS,ETH,2021,24.3450574655662
trade_pct_gdp,NE.TRD.GNFS.ZS,ETH,2020,24.0061143414049
trade_pct_gdp,NE.TRD.GNFS.ZS,ETH,2019,28.8152939292608
trade_pct_gdp,NE.TRD.GNFS.ZS,FRO,2022,122.86334141193
trade_pct_gdp,NE.TRD.GNFS.ZS,FRO,2021,103.488037146112
trade_pct_gdp,NE.TRD.GNFS.ZS,FRO,2020,96.2241937518396
trade_pct_gdp,NE.TRD.GNFS.ZS,FRO,2019,108.623245950251
trade_pct_gdp,NE.TRD.GNFS.ZS,FJI,2022,119.213746657784
trade_pct_gdp,NE.TRD.GNFS.ZS,FJI,2021,87.2159321837078
trade_pct_gdp,NE.TRD.GNFS.ZS,FJI,2020,78.0763651830605
trade_pct_gdp,NE.TRD.GNFS.ZS,FJI,2019,110.696192117501
trade_pct_gdp,NE.TRD.GNFS.ZS,FIN,2022,94.5625340522667
trade_pct_gdp,NE.TRD.GNFS.ZS,FIN,2021,79.7892781913782
trade_pct_gdp,NE.TRD.GNFS.ZS,FIN,2020,72.1845955995888
trade_pct_gdp,NE.TRD.GNFS.ZS,FIN,2019,80.5641502947367
trade_pct_gdp,NE.TRD.GNFS.ZS,FRA,2022,75.9630077981996
trade_pct_gdp,NE.TRD.GNFS.ZS,FRA,2021,63.788482630872
trade_pct_gdp,NE.TRD.GNFS.ZS,FRA,2020,58.8388907240647
trade_pct_gdp,NE.TRD.GNFS.ZS,FRA,2019,66.4289607281749
trade_pct_gdp,NE.TRD.GNFS.ZS,PYF,2022,69.5264023221442
trade_pct_gdp,NE.TRD.GNFS.ZS,PYF,2021,52.9788183937695
trade_pct_gdp,NE.TRD.GNFS.ZS,PYF,2020,45.8331834386023
trade_pct_gdp,NE.TRD.GNFS.ZS,PYF,2019,63.3061124024003
trade_pct_gdp,NE.TRD.GNFS.ZS,GAB,2022,92.0630888496921
trade_pct_gdp,NE.TRD.GNFS.ZS,GAB,2021,85.3483122054787
trade_pct_gdp,NE.TRD.GNFS.ZS,GAB,2020,70.1140546463796
trade_pct_gdp,NE.TRD.GNFS.ZS,GAB,2019,73.4280894486644
trade_pct_gdp,NE.TRD.GNFS.ZS,GMB,2022,44.7219215369466
trade_pct_gdp,NE.TRD.GNFS.ZS,GMB,2021,42.0979827971754
trade_pct_gdp,NE.TRD.GNFS.ZS,GMB,2020,47.3955201736291
trade_pct_gdp,NE.TRD.GNFS.ZS,GMB,2019,55.9979116186993
trade_pct_gdp,NE.TRD.GNFS.ZS,GEO,2022,114.695437688718
trade_pct_gdp,NE.TRD.GNFS.ZS,GEO,2021,101.60090754891
trade_pct_gdp,NE.TRD.GNFS.ZS,GEO,2020,92.8910841752194
trade_pct_gdp,NE.TRD.GNFS.ZS,GEO,2019,117.810080239714
trade_pct_gdp,NE.TRD.GNFS.ZS,DEU,2022,88.7857542130501
trade_pct_gdp,NE.TRD.GNFS.ZS,DEU,2021,79.9195348609851
trade_pct_gdp,NE.TRD.GNFS.ZS,DEU,2020,72.9335327120137
trade_pct_gdp,NE.TRD.GNFS.ZS,DEU,2019,79.0732427175683
trade_pct_gdp,NE.TRD.GNFS.ZS,GHA,2022,70.1154557937915
trade_pct_gdp,NE.TRD.GNFS.ZS,GHA,2021,62.7078309128346
trade_pct_gdp,NE.TRD.GNFS.ZS,GHA,2020,66.5754987162431
trade_pct_gdp,NE.TRD.GNFS.ZS,GHA,2019,76.824802732152
trade_pct_gdp,NE.TRD.GNFS.ZS,GRC,2022,108.121843229922
trade_pct_gdp,NE.TRD.GNFS.ZS,GRC,2021,88.0126654490379
trade_pct_gdp,NE.TRD.GNFS.ZS,GRC,2020,70.2937464580745
trade_pct_gdp,NE.TRD.GNFS.ZS,GRC,2019,80.5900949510457
trade_pct_gdp,NE.TRD.GNFS.ZS,GRL,2022,93.3651328766632
trade_pct_gdp,NE.TRD.GNFS.ZS,GRL,2021,83.6838572277142
trade_pct_gdp,NE.TRD.GNFS.ZS,GRL,2020,82.6595028892583
trade_pct_gdp,NE.TRD.GNFS.ZS,GRL,2019,92.1907515607492
trade_pct_gdp,NE.TRD.GNFS.ZS,GUM,2022,71.8668596237337
trade_pct_gdp,NE.TRD.GNFS.ZS,GUM,2021,61.8383060635226
trade_pct_gdp,NE.TRD.GNFS.ZS,GUM,2020,63.6747802569304
trade_pct_gdp,NE.TRD.GNFS.ZS,GUM,2019,78.0645161290323
trade_pct_gdp,NE.TRD.GNFS.ZS,GTM,2022,54.4490964612191
trade_pct_gdp,NE.TRD.GNFS.ZS,GTM,2021,49.261149442668
trade_pct_gdp,NE.TRD.GNFS.ZS,GTM,2020,41.1407594007818
trade_pct_gdp,NE.TRD.GNFS.ZS,GTM,2019,45.5167341849579
trade_pct_gdp,NE.TRD.GNFS.ZS,GIN,2022,94.1652726931221
trade_pct_gdp,NE.TRD.GNFS.ZS,GIN,2021,115.195532789356
trade_pct_gdp,NE.TRD.GNFS.ZS,GIN,2020,115.765259518929
trade_pct_gdp,NE.TRD.GNFS.ZS,GIN,2019,78.4153132285974
trade_pct_gdp,NE.TRD.GNFS.ZS,GNB,2022,45.9934723683125
trade_pct_gdp,NE.TRD.GNFS.ZS,GNB,2021,44.8202242773261
trade_pct_gdp,NE.TRD.GNFS.ZS,GNB,2020,42.8852704163601
trade_pct_gdp,NE.TRD.GNFS.ZS,GNB,2019,49.943905496502
trade_pct_gdp,NE.TRD.GNFS.ZS,HTI,2022,29.7746074753724
trade_pct_gdp,NE.TRD.GNFS.ZS,HTI,2021,33.4120026772124
trade_pct_gdp,NE.TRD.GNFS.ZS,HTI,2020,37.4138801252638
trade_pct_gdp,NE.TRD.GNFS.ZS,HTI,2019,44.5687187758294
trade_pct_gdp,NE.TRD.GNFS.ZS,HND,2022,112.698524913966
trade_pct_gdp,NE.TRD.GNFS.ZS,HND,2021,103.372643459918
trade_pct_gdp,NE.TRD.GNFS.ZS,HND,2020,88.0008563836292
trade_pct_gdp,NE.TRD.GNFS.ZS,HND,2019,99.4595352452417
trade_pct_gdp,NE.TRD.GNFS.ZS,HKG,2022,384.885909968308
trade_pct_gdp,NE.TRD.GNFS.ZS,HKG,2021,402.459681454463
trade_pct_gdp,NE.TRD.GNFS.ZS,HKG,2020,350.679705044448
trade_pct_gdp,NE.TRD.GNFS.ZS,HKG,2019,353.743521139731
trade_pct_gdp,NE.TRD.GNFS.ZS,HUN,2022,184.969952581351
trade_pct_gdp,NE.TRD.GNFS.ZS,HUN,2021,159.187527332834
trade_pct_gdp,NE.TRD.GNFS.ZS,HUN,2020,154.527002936377
trade_pct_gdp,NE.TRD.GNFS.ZS,HUN,2019,159.925556464831
trade_pct_gdp,NE.TRD.GNFS.ZS,ISL,2022,93.0164295134303
trade_pct_gdp,NE.TRD.GNFS.ZS,ISL,2021,76.2317249850944
trade_pct_gdp,NE.TRD.GNFS.ZS,ISL,2020,68.6550233460548
trade_pct_gdp,NE.TRD.GNFS.ZS,ISL,2019,83.7923659518443
trade_pct_gdp,NE.TRD.GNFS.ZS,IND,2022,50.6979382758042
trade_pct_gdp,NE.TRD.GNFS.ZS,IND,2021,45.4230887840446
trade_pct_gdp,NE.TRD.GNFS.ZS,IND,2020,37.7581053292768
trade_pct_gdp,NE.TRD.GNFS.ZS,IND,2019,39.9054035306442
trade_pct_gdp,NE.TRD.GNFS.ZS,IDN,2022,45.4646701959453
trade_pct_gdp,NE.TRD.GNFS.ZS,IDN,2021,40.2047582749671
trade_pct_gdp,NE.TRD.GNFS.ZS,IDN,2020,32.9721754002427
trade_pct_gdp,NE.TRD.GNFS.ZS,IDN,2019,37.6277775357108
trade_pct_gdp,NE.TRD.GNFS.ZS,IRN,2022,48.9183508223052
trade_pct_gdp,NE.TRD.GNFS.ZS,IRN,2021,42.672379536261
trade_pct_gdp,NE.TRD.GNFS.ZS,IRN,2020,43.8844674905013
trade_pct_gdp,NE.TRD.GNFS.ZS,IRN,2019,48.5917712137038
trade_pct_gdp,NE.TRD.GNFS.ZS,IRQ,2022,68.75879409409
trade_pct_gdp,NE.TRD.GNFS.ZS,IRQ,2021,61.5032683117218
trade_pct_gdp,NE.TRD.GNFS.ZS,IRQ,2020,57.742316395146
trade_pct_gdp,NE.TRD.GNFS.ZS,IRQ,2019,68.9899384202806
trade_pct_gdp,NE.TRD.GNFS.ZS,IRL,2022,237.755419559378
trade_pct_gdp,NE.TRD.GNFS.ZS,IRL,2021,231.032350863586
trade_pct_gdp,NE.TRD.GNFS.ZS,IRL,2020,258.780437026252
trade_pct_gdp,NE.TRD.GNFS.ZS,IRL,2019,257.652772910421
trade_pct_gdp,NE.TRD.GNFS.ZS,ISR,2022,60.6358428266501
trade_pct_gdp,NE.TRD.GNFS.ZS,ISR,2021,54.8184036562688
trade_pct_gdp,NE.TRD.GNFS.ZS,ISR,2020,51.1403984551453
trade_pct_gdp,NE.TRD.GNFS.ZS,ISR,2019,56.5281618447823
trade_pct_gdp,NE.TRD.GNFS.ZS,ITA,2022,72.0165023032697
trade_pct_gdp,NE.TRD.GNFS.ZS,ITA,2021,60.3019776202798
trade_pct_gdp,NE.TRD.GNFS.ZS,ITA,2020,53.9394839042764
trade_pct_gdp,NE.TRD.GNFS.ZS,ITA,2019,58.6941902594738
trade_pct_gdp,NE.TRD.GNFS.ZS,JPN,2022,44.86063102004
trade_pct_gdp,NE.TRD.GNFS.ZS,JPN,2021,35.4253927340539
trade_pct_gdp,NE.TRD.GNFS.ZS,JPN,2020,30.5192226892273
trade_pct_gdp,NE.TRD.GNFS.ZS,JPN,2019,34.3582972799989
trade_pct_gdp,NE.TRD.GNFS.ZS,KAZ,2022,68.3343147415612
trade_pct_gdp,NE.TRD.GNFS.ZS,KAZ,2021,58.6686085779207
trade_pct_gdp,NE.TRD.GNFS.ZS,KAZ,2020,57.0264423660931
trade_pct_gdp,NE.TRD.GNFS.ZS,KAZ,2019,64.8586165517565
trade_pct_gdp,NE.TRD.GNFS.ZS,KEN,2022,40.2753238373561
trade_pct_gdp,NE.TRD.GNFS.ZS,KEN,2021,35.0020477795269
trade_pct_gdp,NE.TRD.GNFS.ZS,KEN,2020,30.3991387830411
trade_pct_gdp,NE.TRD.GNFS.ZS,KEN,2019,31.759461841481
trade_pct_gdp,NE.TRD.GNFS.ZS,KIR,2022,107.219771673316
trade_pct_gdp,NE.TRD.GNFS.ZS,KIR,2021,74.450510015529
trade_pct_gdp,NE.TRD.GNFS.ZS,KIR,2020,78.4012076801363
trade_pct_gdp,NE.TRD.GNFS.ZS,KIR,2019,98.3565819131955
trade_pct_gdp,NE.TRD.GNFS.ZS,KOR,2022,90.5851475278549
trade_pct_gdp,NE.TRD.GNFS.ZS,KOR,2021,75.3063047610912
trade_pct_gdp,NE.TRD.GNFS.ZS,KOR,2020,65.544957860621
trade_pct_gdp,NE.TRD.GNFS.ZS,KOR,2019,71.4470632403511
trade_pct_gdp,NE.TRD.GNFS.ZS,XKX,2022,110.012031619226
trade_pct_gdp,NE.TRD.GNFS.ZS,XKX,2021,98.6384304855253
trade_pct_gdp,NE.TRD.GNFS.ZS,XKX,2020,75.6080171280001
trade_pct_gdp,NE.TRD.GNFS.ZS,XKX,2019,85.7534085053482
trade_pct_gdp,NE.TRD.GNFS.ZS,KWT,2022,90.9188102023425
trade_pct_gdp,NE.TRD.GNFS.ZS,KWT,2021,82.0003751775886
trade_pct_gdp,NE.TRD.GNFS.ZS,KWT,2020,82.0125101293052
trade_pct_gdp,NE.TRD.GNFS.ZS,KWT,2019,91.6857123895953
trade_pct_gdp,NE.TRD.GNFS.ZS,KGZ,2022,133.786718048766
trade_pct_gdp,NE.TRD.GNFS.ZS,KGZ,2021,100.261376861569
trade_pct_gdp,NE.TRD.GNFS.ZS,KGZ,2020,78.9922784304738
trade_pct_gdp,NE.TRD.GNFS.ZS,KGZ,2019,94.4302823542939
trade_pct_gdp,NE.TRD.GNFS.ZS,LVA,2022,159.892778190649
trade_pct_gdp,NE.TRD.GNFS.ZS,LVA,2021,136.796615414819
trade_pct_gdp,NE.TRD.GNFS.ZS,LVA,2020,123.88319804656
trade_pct_gdp,NE.TRD.GNFS.ZS,LVA,2019,125.29163170793
trade_pct_gdp,NE.TRD.GNFS.ZS,LBN,2022,114.888278265666
trade_pct_gdp,NE.TRD.GNFS.ZS,LBN,2021,78.8286204025241
trade_pct_gdp,NE.TRD.GNFS.ZS,LBN,2020,50.1298042879627
trade_pct_gdp,NE.TRD.GNFS.ZS,LBN,2019,62.98091601016
trade_pct_gdp,NE.TRD.GNFS.ZS,LSO,2022,142.373981074229
trade_pct_gdp,NE.TRD.GNFS.ZS,LSO,2021,139.186479465407
trade_pct_gdp,NE.TRD.GNFS.ZS,LSO,2020,141.096605062998
trade_pct_gdp,NE.TRD.GNFS.ZS,LSO,2019,140.51663349168
trade_pct_gdp,NE.TRD.GNFS.ZS,LBY,2022,156.321684682347
trade_pct_gdp,NE.TRD.GNFS.ZS,LBY,2021,164.284069967105
trade_pct_gdp,NE.TRD.GNFS.ZS,LBY,2020,50.9757934373319
trade_pct_gdp,NE.TRD.GNFS.ZS,LBY,2019,78.9939691850138
trade_pct_gdp,NE.TRD.GNFS.ZS,LTU,2022,176.631817072239
trade_pct_gdp,NE.TRD.GNFS.ZS,LTU,2021,154.726303914099
trade_pct_gdp,NE.TRD.GNFS.ZS,LTU,2020,135.796565563519
trade_pct_gdp,NE.TRD.GNFS.ZS,LTU,2019,148.374996011818
trade_pct_gdp,NE.TRD.GNFS.ZS,LUX,2022,412.177169924175
trade_pct_gdp,NE.TRD.GNFS.ZS,LUX,2021,397.506180867971
trade_pct_gdp,NE.TRD.GNFS.ZS,LUX,2020,375.581394826026
trade_pct_gdp,NE.TRD.GNFS.ZS,LUX,2019,382.66078058442
trade_pct_gdp,NE.TRD.GNFS.ZS,MAC,2022,170.368049338506
trade_pct_gdp,NE.TRD.GNFS.ZS,MAC,2021,171.31597082054
trade_pct_gdp,NE.TRD.GNFS.ZS,MAC,2020,123.43437444297
trade_pct_gdp,NE.TRD.GNFS.ZS,MAC,2019,115.23129893555
trade_pct_gdp,NE.TRD.GNFS.ZS,MDG,2022,70.4708546790091
trade_pct_gdp,NE.TRD.GNFS.ZS,MDG,2021,55.2158585927485
trade_pct_gdp,NE.TRD.GNFS.ZS,MDG,2020,49.0107073650291
trade_pct_gdp,NE.TRD.GNFS.ZS,MDG,2019,62.6013230457128
trade_pct_gdp,NE.TRD.GNFS.ZS,MWI,2022,43.616624856781
trade_pct_gdp,NE.TRD.GNFS.ZS,MWI,2021,44.5957618170542
trade_pct_gdp,NE.TRD.GNFS.ZS,MWI,2020,41.0323429397328
trade_pct_gdp,NE.TRD.GNFS.ZS,MWI,2019,44.1954524635798
trade_pct_gdp,NE.TRD.GNFS.ZS,MYS,2022,146.424604753908
trade_pct_gdp,NE.TRD.GNFS.ZS,MYS,2021,134.035994690727
trade_pct_gdp,NE.TRD.GNFS.ZS,MYS,2020,116.788182437638
trade_pct_gdp,NE.TRD.GNFS.ZS,MYS,2019,123.028562027943
trade_pct_gdp,NE.TRD.GNFS.ZS,MDV,2022,162.243432933656
trade_pct_gdp,NE.TRD.GNFS.ZS,MDV,2021,142.607296696261
trade_pct_gdp,NE.TRD.GNFS.ZS,MDV,2020,114.361902904327
trade_pct_gdp,NE.TRD.GNFS.ZS,MDV,2019,137.125230875185
trade_pct_gdp,NE.TRD.GNFS.ZS,MLI,2022,61.5613274861987
trade_pct_gdp,NE.TRD.GNFS.ZS,MLI,2021,56.7150525565465
trade_pct_gdp,NE.TRD.GNFS.ZS,MLI,2020,56.0415474422019
trade_pct_gdp,NE.TRD.GNFS.ZS,MLI,2019,53.9987132798636
trade_pct_gdp,NE.TRD.GNFS.ZS,MLT,2022,244.581535518883
trade_pct_gdp,NE.TRD.GNFS.ZS,MLT,2021,220.072294790099
trade_pct_gdp,NE.TRD.GNFS.ZS,MLT,2020,242.361190373928
trade_pct_gdp,NE.TRD.GNFS.ZS,MLT,2019,233.070440941958
trade_pct_gdp,NE.TRD.GNFS.ZS,MHL,2022,128.337974710453
trade_pct_gdp,NE.TRD.GNFS.ZS,MHL,2021,120.056192355466
trade_pct_gdp,NE.TRD.GNFS.ZS,MHL,2020,107.825971877585
trade_pct_gdp,NE.TRD.GNFS.ZS,MHL,2019,153.007728638901
trade_pct_gdp,NE.TRD.GNFS.ZS,MRT,2022,102.025899125696
trade_pct_gdp,NE.TRD.GNFS.ZS,MRT,2021,88.3068737571235
trade_pct_gdp,NE.TRD.GNFS.ZS,MRT,2020,86.7761681322741
trade_pct_gdp,NE.TRD.GNFS.ZS,MRT,2019,93.4866941351317
trade_pct_gdp,NE.TRD.GNFS.ZS,MUS,2022,147.663795034012
trade_pct_gdp,NE.TRD.GNFS.ZS,MUS,2021,135.19300461461
trade_pct_gdp,NE.TRD.GNFS.ZS,MUS,2020,121.12522550435
trade_pct_gdp,NE.TRD.GNFS.ZS,MUS,2019,127.940899064133
trade_pct_gdp,NE.TRD.GNFS.ZS,MEX,2022,88.7984855897261
trade_pct_gdp,NE.TRD.GNFS.ZS,MEX,2021,83.0692976264524
trade_pct_gdp,NE.TRD.GNFS.ZS,MEX,2020,76.8545557151738
trade_pct_gdp,NE.TRD.GNFS.ZS,MEX,2019,77.4619722509459
trade_pct_gdp,NE.TRD.GNFS.ZS,FSM,2022,104.760485019371
trade_pct_gdp,NE.TRD.GNFS.ZS,FSM,2021,90.3979270784948
trade_pct_gdp,NE.TRD.GNFS.ZS,FSM,2020,93.858263831289
trade_pct_gdp,NE.TRD.GNFS.ZS,FSM,2019,106.582278481013
trade_pct_gdp,NE.TRD.GNFS.ZS,MDA,2022,112.117671579766
trade_pct_gdp,NE.TRD.GNFS.ZS,MDA,2021,88.4708865399267
trade_pct_gdp,NE.TRD.GNFS.ZS,MDA,2020,79.265722119158
trade_pct_gdp,NE.TRD.GNFS.ZS,MDA,2019,87.6322371148906
trade_pct_gdp,NE.TRD.GNFS.ZS,MNG,2022,136.327929944516
trade_pct_gdp,NE.TRD.GNFS.ZS,MNG,2021,119.098078437771
trade_pct_gdp,NE.TRD.GNFS.ZS,MNG,2020,112.838647629317
trade_pct_gdp,NE.TRD.GNFS.ZS,MNG,2019,124.396514621165
trade_pct_gdp,NE.TRD.GNFS.ZS,MNE,2022,125.455937754994
trade_pct_gdp,NE.TRD.GNFS.ZS,MNE,2021,105.719249175045
trade_pct_gdp,NE.TRD.GNFS.ZS,MNE,2020,87.8612027134909
trade_pct_gdp,NE.TRD.GNFS.ZS,MNE,2019,110.0161238696
trade_pct_gdp,NE.TRD.GNFS.ZS,MAR,2022,100.906310201651
trade_pct_gdp,NE.TRD.GNFS.ZS,MAR,2021,75.5234171756506
trade_pct_gdp,NE.TRD.GNFS.ZS,MAR,2020,68.8438033904364
trade_pct_gdp,NE.TRD.GNFS.ZS,MAR,2019,75.9981158798422
trade_pct_gdp,NE.TRD.GNFS.ZS,MOZ,2022,135.274535098995
trade_pct_gdp,NE.TRD.GNFS.ZS,MOZ,2021,112.078964458333
trade_pct_gdp,NE.TRD.GNFS.ZS,MOZ,2020,99.906146051979
trade_pct_gdp,NE.TRD.GNFS.ZS,MOZ,2019,105.591171401921
trade_pct_gdp,NE.TRD.GNFS.ZS,NAM,2022,99.2625547814064
trade_pct_gdp,NE.TRD.GNFS.ZS,NAM,2021,83.5443030923624
trade_pct_gdp,NE.TRD.GNFS.ZS,NAM,2020,76.9252424036465
trade_pct_gdp,NE.TRD.GNFS.ZS,NAM,2019,82.9011507426355
trade_pct_gdp,NE.TRD.GNFS.ZS,NRU,2022,141.129076305221
trade_pct_gdp,NE.TRD.GNFS.ZS,NRU,2021,130.1856
trade_pct_gdp,NE.TRD.GNFS.ZS,NRU,2020,134.980107526882
trade_pct_gdp,NE.TRD.GNFS.ZS,NRU,2019,155.906685714286
trade_pct_gdp,NE.TRD.GNFS.ZS,NPL,2022,48.9734014800201
trade_pct_gdp,NE.TRD.GNFS.ZS,NPL,2021,43.0538047912219
trade_pct_gdp,NE.TRD.GNFS.ZS,NPL,2020,40.9188741248444
trade_pct_gdp,NE.TRD.GNFS.ZS,NPL,2019,49.2495265869012
trade_pct_gdp,NE.TRD.GNFS.ZS,NLD,2022,184.107484252682
trade_pct_gdp,NE.TRD.GNFS.ZS,NLD,2021,163.154842689698
trade_pct_gdp,NE.TRD.GNFS.ZS,NLD,2020,152.233230409706
trade_pct_gdp,NE.TRD.GNFS.ZS,NLD,2019,160.676671884999
trade_pct_gdp,NE.TRD.GNFS.ZS,NCL,2022,50.4727487454212
trade_pct_gdp,NE.TRD.GNFS.ZS,NCL,2021,49.0442343110236
trade_pct_gdp,NE.TRD.GNFS.ZS,NCL,2020,54.5818048383838
trade_pct_gdp,NE.TRD.GNFS.ZS,NCL,2019,58.2103670990099
trade_pct_gdp,NE.TRD.GNFS.ZS,NZL,2022,53.2091433736439
trade_pct_gdp,NE.TRD.GNFS.ZS,NZL,2021,48.4315370741539
trade_pct_gdp,NE.TRD.GNFS.ZS,NZL,2020,43.8262466218168
trade_pct_gdp,NE.TRD.GNFS.ZS,NZL,2019,54.4612464097007
trade_pct_gdp,NE.TRD.GNFS.ZS,NIC,2022,115.454670931919
trade_pct_gdp,NE.TRD.GNFS.ZS,NIC,2021,106.20739806697
trade_pct_gdp,NE.TRD.GNFS.ZS,NIC,2020,88.6381231228968
trade_pct_gdp,NE.TRD.GNFS.ZS,NIC,2019,94.0422159246213
trade_pct_gdp,NE.TRD.GNFS.ZS,NER,2022,37.1460454100715
trade_pct_gdp,NE.TRD.GNFS.ZS,NER,2021,38.0460948786617
trade_pct_gdp,NE.TRD.GNFS.ZS,NER,2020,36.3388196908038
trade_pct_gdp,NE.TRD.GNFS.ZS,NER,2019,39.289303673296
trade_pct_gdp,NE.TRD.GNFS.ZS,MKD,2022,166.147357379878
trade_pct_gdp,NE.TRD.GNFS.ZS,MKD,2021,146.721411484074
trade_pct_gdp,NE.TRD.GNFS.ZS,MKD,2020,128.241244322257
trade_pct_gdp,NE.TRD.GNFS.ZS,MKD,2019,138.576231840539
trade_pct_gdp,NE.TRD.GNFS.ZS,MNP,2022,93.1569343065693
trade_pct_gdp,NE.TRD.GNFS.ZS,MNP,2021,78.8840262582057
trade_pct_gdp,NE.TRD.GNFS.ZS,MNP,2020,78.9838337182448
trade_pct_gdp,NE.TRD.GNFS.ZS,MNP,2019,104.749787955895
trade_pct_gdp,NE.TRD.GNFS.ZS,NOR,2022,79.9216011363033
trade_pct_gdp,NE.TRD.GNFS.ZS,NOR,2021,69.1060572345311
trade_pct_gdp,NE.TRD.GNFS.ZS,NOR,2020,63.3673184179043
trade_pct_gdp,NE.TRD.GNFS.ZS,NOR,2019,68.880243105732
trade_pct_gdp,NE.TRD.GNFS.ZS,OMN,2022,105.745009280655
trade_pct_gdp,NE.TRD.GNFS.ZS,OMN,2021,95.9494877293305
trade_pct_gdp,NE.TRD.GNFS.ZS,OMN,2020,91.8758908014472
trade_pct_gdp,NE.TRD.GNFS.ZS,OMN,2019,86.4782010313236
trade_pct_gdp,NE.TRD.GNFS.ZS,PAK,2022,33.031353478032
trade_pct_gdp,NE.TRD.GNFS.ZS,PAK,2021,27.0304204125548
trade_pct_gdp,NE.TRD.GNFS.ZS,PAK,2020,26.7162807328814
trade_pct_gdp,NE.TRD.GNFS.ZS,PAK,2019,28.9055769867032
trade_pct_gdp,NE.TRD.GNFS.ZS,PLW,2022,103.651854764975
trade_pct_gdp,NE.TRD.GNFS.ZS,PLW,2021,79.5791429216543
trade_pct_gdp,NE.TRD.GNFS.ZS,PLW,2020,104.430720909895
trade_pct_gdp,NE.TRD.GNFS.ZS,PLW,2019,115.497705299446
trade_pct_gdp,NE.TRD.GNFS.ZS,PAN,2022,93.4752688552496
trade_pct_gdp,NE.TRD.GNFS.ZS,PAN,2021,80.1334635232887
trade_pct_gdp,NE.TRD.GNFS.ZS,PAN,2020,68.700423510603
trade_pct_gdp,NE.TRD.GNFS.ZS,PAN,2019,80.4286505649569
trade_pct_gdp,NE.TRD.GNFS.ZS,PRY,2022,73.8736311444119
trade_pct_gdp,NE.TRD.GNFS.ZS,PRY,2021,69.7320126827159
trade_pct_gdp,NE.TRD.GNFS.ZS,PRY,2020,62.7602174748561
trade_pct_gdp,NE.TRD.GNFS.ZS,PRY,2019,71.2221617342433
trade_pct_gdp,NE.TRD.GNFS.ZS,PER,2022,57.2727003111939
trade_pct_gdp,NE.TRD.GNFS.ZS,PER,2021,55.4083231938774
trade_pct_gdp,NE.TRD.GNFS.ZS,PER,2020,44.245967197744
trade_pct_gdp,NE.TRD.GNFS.ZS,PER,2019,46.9435053754409
trade_pct_gdp,NE.TRD.GNFS.ZS,PHL,2022,72.4296836107599
trade_pct_gdp,NE.TRD.GNFS.ZS,PHL,2021,63.4846098136712
trade_pct_gdp,NE.TRD.GNFS.ZS,PHL,2020,58.1695603022281
trade_pct_gdp,NE.TRD.GNFS.ZS,PHL,2019,68.8418422595678
trade_pct_gdp,NE.TRD.GNFS.ZS,POL,2022,123.021332860345
trade_pct_gdp,NE.TRD.GNFS.ZS,POL,2021,110.874283021945
trade_pct_gdp,NE.TRD.GNFS.ZS,POL,2020,99.2590912303436
trade_pct_gdp,NE.TRD.GNFS.ZS,POL,2019,101.581033817373
trade_pct_gdp,NE.TRD.GNFS.ZS,PRT,2022,101.364146479435
trade_pct_gdp,NE.TRD.GNFS.ZS,PRT,2021,85.8735452148975
trade_pct_gdp,NE.TRD.GNFS.ZS,PRT,2020,76.5086407209215
trade_pct_gdp,NE.TRD.GNFS.ZS,PRT,2019,86.7709889083586
trade_pct_gdp,NE.TRD.GNFS.ZS,PRI,2022,98.2564691765992
trade_pct_gdp,NE.TRD.GNFS.ZS,PRI,2021,96.7453625315476
trade_pct_gdp,NE.TRD.GNFS.ZS,PRI,2020,103.509811317462
trade_pct_gdp,NE.TRD.GNFS.ZS,PRI,2019,107.571456836722
trade_pct_gdp,NE.TRD.GNFS.ZS,QAT,2022,100.213647199618
trade_pct_gdp,NE.TRD.GNFS.ZS,QAT,2021,92.7791585715125
trade_pct_gdp,NE.TRD.GNFS.ZS,QAT,2020,90.0190948833102
trade_pct_gdp,NE.TRD.GNFS.ZS,QAT,2019,90.0463755485388
trade_pct_gdp,NE.TRD.GNFS.ZS,ROU,2022,93.9496509383447
trade_pct_gdp,NE.TRD.GNFS.ZS,ROU,2021,87.0711965460145
trade_pct_gdp,NE.TRD.GNFS.ZS,ROU,2020,78.3616463562709
trade_pct_gdp,NE.TRD.GNFS.ZS,ROU,2019,84.9063630584793
trade_pct_gdp,NE.TRD.GNFS.ZS,RUS,2022,42.7663082313349
trade_pct_gdp,NE.TRD.GNFS.ZS,RUS,2021,50.5861954621752
trade_pct_gdp,NE.TRD.GNFS.ZS,RUS,2020,45.9669082029127
trade_pct_gdp,NE.TRD.GNFS.ZS,RUS,2019,49.2287536619033
trade_pct_gdp,NE.TRD.GNFS.ZS,RWA,2022,60.9591709408266
trade_pct_gdp,NE.TRD.GNFS.ZS,RWA,2021,59.8007993935018
trade_pct_gdp,NE.TRD.GNFS.ZS,RWA,2020,44.3511840604967
trade_pct_gdp,NE.TRD.GNFS.ZS,RWA,2019,48.892715033759
trade_pct_gdp,NE.TRD.GNFS.ZS,WSM,2022,60.8477789845035
trade_pct_gdp,NE.TRD.GNFS.ZS,WSM,2021,59.7697795919357
trade_pct_gdp,NE.TRD.GNFS.ZS,WSM,2020,77.4847998856019
trade_pct_gdp,NE.TRD.GNFS.ZS,WSM,2019,83.3310795816457
trade_pct_gdp,NE.TRD.GNFS.ZS,SMR,2022,370.43607698812
trade_pct_gdp,NE.TRD.GNFS.ZS,SMR,2021,342.470171021559
trade_pct_gdp,NE.TRD.GNFS.ZS,SMR,2020,304.903169667588
trade_pct_gdp,NE.TRD.GNFS.ZS,SMR,2019,307.264770546858
trade_pct_gdp,NE.TRD.GNFS.ZS,STP,2022,64.9920379103896
trade_pct_gdp,NE.TRD.GNFS.ZS,STP,2021,57.9403473155232
trade_pct_gdp,NE.TRD.GNFS.ZS,STP,2020,48.6640079711896
trade_pct_gdp,NE.TRD.GNFS.ZS,STP,2019,67.5747989988655
trade_pct_gdp,NE.TRD.GNFS.ZS,SAU,2022,56.8241647749332
trade_pct_gdp,NE.TRD.GNFS.ZS,SAU,2021,50.8839263398787
trade_pct_gdp,NE.TRD.GNFS.ZS,SAU,2020,47.533159225048
trade_pct_gdp,NE.TRD.GNFS.ZS,SAU,2019,56.7938204886513
trade_pct_gdp,NE.TRD.GNFS.ZS,SEN,2022,79.3974220189679
trade_pct_gdp,NE.TRD.GNFS.ZS,SEN,2021,69.3759939883832
trade_pct_gdp,NE.TRD.GNFS.ZS,SEN,2020,60.0468716137065
trade_pct_gdp,NE.TRD.GNFS.ZS,SEN,2019,64.2362506061005
trade_pct_gdp,NE.TRD.GNFS.ZS,SRB,2022,131.913292283516
trade_pct_gdp,NE.TRD.GNFS.ZS,SRB,2021,112.342298324945
trade_pct_gdp,NE.TRD.GNFS.ZS,SRB,2020,100.324460810129
trade_pct_gdp,NE.TRD.GNFS.ZS,SRB,2019,107.577309546092
trade_pct_gdp,NE.TRD.GNFS.ZS,SYC,2022,191.578843890135
trade_pct_gdp,NE.TRD.GNFS.ZS,SYC,2021,183.77081501466
trade_pct_gdp,NE.TRD.GNFS.ZS,SYC,2020,153.48333156592
trade_pct_gdp,NE.TRD.GNFS.ZS,SYC,2019,173.407846880196
trade_pct_gdp,NE.TRD.GNFS.ZS,SLE,2022,45.054212809586
trade_pct_gdp,NE.TRD.GNFS.ZS,SLE,2021,42.1435161621354
trade_pct_gdp,NE.TRD.GNFS.ZS,SLE,2020,30.613100943757
trade_pct_gdp,NE.TRD.GNFS.ZS,SLE,2019,37.5619529967261
trade_pct_gdp,NE.TRD.GNFS.ZS,SGP,2022,330.246917062891
trade_pct_gdp,NE.TRD.GNFS.ZS,SGP,2021,326.53325458764
trade_pct_gdp,NE.TRD.GNFS.ZS,SGP,2020,331.080556828077
trade_pct_gdp,NE.TRD.GNFS.ZS,SGP,2019,324.270088576625
trade_pct_gdp,NE.TRD.GNFS.ZS,SVK,2022,204.056318531151
trade_pct_gdp,NE.TRD.GNFS.ZS,SVK,2021,181.97948448512
trade_pct_gdp,NE.TRD.GNFS.ZS,SVK,2020,167.534173320366
trade_pct_gdp,NE.TRD.GNFS.ZS,SVK,2019,183.722608631236
trade_pct_gdp,NE.TRD.GNFS.ZS,SVN,2022,186.647076274632
trade_pct_gdp,NE.TRD.GNFS.ZS,SVN,2021,161.788727511439
trade_pct_gdp,NE.TRD.GNFS.ZS,SVN,2020,147.549008584942
trade_pct_gdp,NE.TRD.GNFS.ZS,SVN,2019,160.044275685249
trade_pct_gdp,NE.TRD.GNFS.ZS,SLB,2022,74.8355405899571
trade_pct_gdp,NE.TRD.GNFS.ZS,SLB,2021,67.4200567620007
trade_pct_gdp,NE.TRD.GNFS.ZS,SLB,2020,60.2204367377792
trade_pct_gdp,NE.TRD.GNFS.ZS,SLB,2019,82.9985659020552
trade_pct_gdp,NE.TRD.GNFS.ZS,SOM,2022,90.7576203077526
trade_pct_gdp,NE.TRD.GNFS.ZS,SOM,2021,79.0994411051355
trade_pct_gdp,NE.TRD.GNFS.ZS,SOM,2020,75.6954102920723
trade_pct_gdp,NE.TRD.GNFS.ZS,SOM,2019,70.2980591497227
trade_pct_gdp,NE.TRD.GNFS.ZS,ZAF,2022,64.94713440234
trade_pct_gdp,NE.TRD.GNFS.ZS,ZAF,2021,56.1647136277546
trade_pct_gdp,NE.TRD.GNFS.ZS,ZAF,2020,50.7596590804177
trade_pct_gdp,NE.TRD.GNFS.ZS,ZAF,2019,53.8979964081406
trade_pct_gdp,NE.TRD.GNFS.ZS,ESP,2022,78.4657338703054
trade_pct_gdp,NE.TRD.GNFS.ZS,ESP,2021,66.524588943191
trade_pct_gdp,NE.TRD.GNFS.ZS,ESP,2020,59.4461280147076
trade_pct_gdp,NE.TRD.GNFS.ZS,ESP,2019,66.3662250440692
trade_pct_gdp,NE.TRD.GNFS.ZS,LKA,2022,46.6826080179359
trade_pct_gdp,NE.TRD.GNFS.ZS,LKA,2021,41.2288463294978
trade_pct_gdp,NE.TRD.GNFS.ZS,LKA,2020,37.0891188568192
trade_pct_gdp,NE.TRD.GNFS.ZS,LKA,2019,49.4255238852768
trade_pct_gdp,NE.TRD.GNFS.ZS,SDN,2022,2.69883443585856
trade_pct_gdp,NE.TRD.GNFS.ZS,SDN,2021,4.12754863828426
trade_pct_gdp,NE.TRD.GNFS.ZS,SDN,2020,9.95514507626151
trade_pct_gdp,NE.TRD.GNFS.ZS,SDN,2019,26.1196204552625
trade_pct_gdp,NE.TRD.GNFS.ZS,SWE,2022,107.111751826512
trade_pct_gdp,NE.TRD.GNFS.ZS,SWE,2021,91.1102374413042
trade_pct_gdp,NE.TRD.GNFS.ZS,SWE,2020,84.4745958141618
trade_pct_gdp,NE.TRD.GNFS.ZS,SWE,2019,92.7511390290561
trade_pct_gdp,NE.TRD.GNFS.ZS,CHE,2022,136.235871048363
trade_pct_gdp,NE.TRD.GNFS.ZS,CHE,2021,128.004119652561
trade_pct_gdp,NE.TRD.GNFS.ZS,CHE,2020,121.451100609762
trade_pct_gdp,NE.TRD.GNFS.ZS,CHE,2019,123.022509832864
trade_pct_gdp,NE.TRD.GNFS.ZS,SYR,2022,35.4372421451582
trade_pct_gdp,NE.TRD.GNFS.ZS,SYR,2021,59.002012246256
trade_pct_gdp,NE.TRD.GNFS.ZS,SYR,2020,43.1916195452227
trade_pct_gdp,NE.TRD.GNFS.ZS,SYR,2019,41.9994681765976
trade_pct_gdp,NE.TRD.GNFS.ZS,TJK,2022,65.4355115893577
trade_pct_gdp,NE.TRD.GNFS.ZS,TJK,2021,71.825937435383
trade_pct_gdp,NE.TRD.GNFS.ZS,TJK,2020,55.7491040194954
trade_pct_gdp,NE.TRD.GNFS.ZS,TJK,2019,56.0450159145896
trade_pct_gdp,NE.TRD.GNFS.ZS,TZA,2022,35.0034517101994
trade_pct_gdp,NE.TRD.GNFS.ZS,TZA,2021,29.9151840074048
trade_pct_gdp,NE.TRD.GNFS.ZS,TZA,2020,27.9630151969884
trade_pct_gdp,NE.TRD.GNFS.ZS,TZA,2019,33.0185892502311
trade_pct_gdp,NE.TRD.GNFS.ZS,THA,2022,132.813458288082
trade_pct_gdp,NE.TRD.GNFS.ZS,THA,2021,117.131472183199
trade_pct_gdp,NE.TRD.GNFS.ZS,THA,2020,97.6624419371158
trade_pct_gdp,NE.TRD.GNFS.ZS,THA,2019,109.689514715166
trade_pct_gdp,NE.TRD.GNFS.ZS,TLS,2022,97.621108820704
trade_pct_gdp,NE.TRD.GNFS.ZS,TLS,2021,99.8600009384765
trade_pct_gdp,NE.TRD.GNFS.ZS,TLS,2020,84.7503111042388
trade_pct_gdp,NE.TRD.GNFS.ZS,TLS,2019,70.6142440551536
trade_pct_gdp,NE.TRD.GNFS.ZS,TGO,2022,61.575092396894
trade_pct_gdp,NE.TRD.GNFS.ZS,TGO,2021,56.3775580757321
trade_pct_gdp,NE.TRD.GNFS.ZS,TGO,2020,55.0659513954403
trade_pct_gdp,NE.TRD.GNFS.ZS,TGO,2019,56.3398500747576
trade_pct_gdp,NE.TRD.GNFS.ZS,TON,2022,70.1272718284375
trade_pct_gdp,NE.TRD.GNFS.ZS,TON,2021,68.5461517477239
trade_pct_gdp,NE.TRD.GNFS.ZS,TON,2020,81.849496682175
trade_pct_gdp,NE.TRD.GNFS.ZS,TON,2019,88.045385533046
trade_pct_gdp,NE.TRD.GNFS.ZS,TUN,2022,116.095794384146
trade_pct_gdp,NE.TRD.GNFS.ZS,TUN,2021,93.6334140664079
trade_pct_gdp,NE.TRD.GNFS.ZS,TUN,2020,84.3333297071767
trade_pct_gdp,NE.TRD.GNFS.ZS,TUN,2019,102.332614725789
trade_pct_gdp,NE.TRD.GNFS.ZS,TUR,2022,79.8982722314341
trade_pct_gdp,NE.TRD.GNFS.ZS,TUR,2021,69.6088976086437
trade_pct_gdp,NE.TRD.GNFS.ZS,TUR,2020,60.389853117297
trade_pct_gdp,NE.TRD.GNFS.ZS,TUR,2019,62.5784589326239
trade_pct_gdp,NE.TRD.GNFS.ZS,TKM,2022,37.8107225896924
trade_pct_gdp,NE.TRD.GNFS.ZS,TKM,2021,33.4124528498008
trade_pct_gdp,NE.TRD.GNFS.ZS,TKM,2020,29.9541700399769
trade_pct_gdp,NE.TRD.GNFS.ZS,TKM,2019,37.6560517756178
trade_pct_gdp,NE.TRD.GNFS.ZS,UGA,2022,34.5053019270937
trade_pct_gdp,NE.TRD.GNFS.ZS,UGA,2021,41.7136307424781
trade_pct_gdp,NE.TRD.GNFS.ZS,UGA,2020,37.0006923916369
trade_pct_gdp,NE.TRD.GNFS.ZS,UGA,2019,39.3610539647435
trade_pct_gdp,NE.TRD.GNFS.ZS,UKR,2022,87.3965139907244
trade_pct_gdp,NE.TRD.GNFS.ZS,UKR,2021,82.69796136345
trade_pct_gdp,NE.TRD.GNFS.ZS,UKR,2020,79.1564523761815
trade_pct_gdp,NE.TRD.GNFS.ZS,UKR,2019,90.5112342910763
trade_pct_gdp,NE.TRD.GNFS.ZS,ARE,2022,185.741660631894
trade_pct_gdp,NE.TRD.GNFS.ZS,ARE,2021,182.909401076776
trade_pct_gdp,NE.TRD.GNFS.ZS,ARE,2020,181.291940227998
trade_pct_gdp,NE.TRD.GNFS.ZS,ARE,2019,163.822149025614
trade_pct_gdp,NE.TRD.GNFS.ZS,GBR,2022,69.1989264413981
trade_pct_gdp,NE.TRD.GNFS.ZS,GBR,2021,58.53838629291
trade_pct_gdp,NE.TRD.GNFS.ZS,GBR,2020,59.1598893030611
trade_pct_gdp,NE.TRD.GNFS.ZS,GBR,2019,65.0035664177054
trade_pct_gdp,NE.TRD.GNFS.ZS,USA,2022,26.9078981557739
trade_pct_gdp,NE.TRD.GNFS.ZS,USA,2021,25.2327260228331
trade_pct_gdp,NE.TRD.GNFS.ZS,USA,2020,23.1399437509149
trade_pct_gdp,NE.TRD.GNFS.ZS,USA,2019,26.2584806245428
trade_pct_gdp,NE.TRD.GNFS.ZS,URY,2022,60.2026828336525
trade_pct_gdp,NE.TRD.GNFS.ZS,URY,2021,58.3150555063308
trade_pct_gdp,NE.TRD.GNFS.ZS,URY,2020,47.7318331202564
trade_pct_gdp,NE.TRD.GNFS.ZS,URY,2019,49.7448660724665
trade_pct_gdp,NE.TRD.GNFS.ZS,UZB,2022,60.0483582576289
trade_pct_gdp,NE.TRD.GNFS.ZS,UZB,2021,54.7477822134912
trade_pct_gdp,NE.TRD.GNFS.ZS,UZB,2020,53.1070769988551
trade_pct_gdp,NE.TRD.GNFS.ZS,UZB,2019,62.3003782302878
trade_pct_gdp,NE.TRD.GNFS.ZS,VUT,2022,70.4738394846168
trade_pct_gdp,NE.TRD.GNFS.ZS,VUT,2021,60.1426638378911
trade_pct_gdp,NE.TRD.GNFS.ZS,VUT,2020,65.4819913449416
trade_pct_gdp,NE.TRD.GNFS.ZS,VUT,2019,85.2923789349229
trade_pct_gdp,NE.TRD.GNFS.ZS,VEN,2022,27.8980542310307
trade_pct_gdp,NE.TRD.GNFS.ZS,VEN,2021,29.2263872682484
trade_pct_gdp,NE.TRD.GNFS.ZS,VEN,2020,26.0905679013051
trade_pct_gdp,NE.TRD.GNFS.ZS,VEN,2019,58.1288399985284
trade_pct_gdp,NE.TRD.GNFS.ZS,VNM,2022,183.153619147836
trade_pct_gdp,NE.TRD.GNFS.ZS,VNM,2021,186.675832836814
trade_pct_gdp,NE.TRD.GNFS.ZS,VNM,2020,163.245862814935
trade_pct_gdp,NE.TRD.GNFS.ZS,VNM,2019,164.704215031408
trade_pct_gdp,NE.TRD.GNFS.ZS,VIR,2022,205.629280821918
trade_pct_gdp,NE.TRD.GNFS.ZS,VIR,2021,180.297315287331
trade_pct_gdp,NE.TRD.GNFS.ZS,VIR,2020,113.596594939702
trade_pct_gdp,NE.TRD.GNFS.ZS,VIR,2019,155.4234409124
trade_pct_gdp,NE.TRD.GNFS.ZS,PSE,2022,82.3949283869453
trade_pct_gdp,NE.TRD.GNFS.ZS,PSE,2021,73.0835496162129
trade_pct_gdp,NE.TRD.GNFS.ZS,PSE,2020,67.2881912475775
trade_pct_gdp,NE.TRD.GNFS.ZS,PSE,2019,68.9934922812035
trade_pct_gdp,NE.TRD.GNFS.ZS,ZMB,2022,69.2973154193203
trade_pct_gdp,NE.TRD.GNFS.ZS,ZMB,2021,86.2085111934645
trade_pct_gdp,NE.TRD.GNFS.ZS,ZMB,2020,79.2068494095955
trade_pct_gdp,NE.TRD.GNFS.ZS,ZMB,2019,68.791204936096
trade_pct_gdp,NE.TRD.GNFS.ZS,ZWE,2022,43.6150764298492
trade_pct_gdp,NE.TRD.GNFS.ZS,ZWE,2021,34.9401169482991
trade_pct_gdp,NE.TRD.GNFS.ZS,ZWE,2020,31.8225698755474
trade_pct_gdp,NE.TRD.GNFS.ZS,ZWE,2019,36.5178684980287
tourism_arrivals,ST.INT.ARVL,AFE,2019,39826701.4025488
tourism_arrivals,ST.INT.ARVL,ARB,2019,142447574.174804
tourism_arrivals,ST.INT.ARVL,CSS,2019,19819087.2645395
tourism_arrivals,ST.INT.ARVL,CEB,2019,314638365.070248
tourism_arrivals,ST.INT.ARVL,EAR,2019,369336988.869679
tourism_arrivals,ST.INT.ARVL,EAS,2019,490804002.09165
tourism_arrivals,ST.INT.ARVL,EAP,2019,292842169.375777
tourism_arrivals,ST.INT.ARVL,TEA,2019,289300101.805405
tourism_arrivals,ST.INT.ARVL,EMU,2019,655573447.522239
tourism_arrivals,ST.INT.ARVL,ECS,2019,1199188498.74821
tourism_arrivals,ST.INT.ARVL,ECA,2019,180880471.54687
tourism_arrivals,ST.INT.ARVL,TEC,2019,331546366.211299
tourism_arrivals,ST.INT.ARVL,EUU,2019,968873375.260994
tourism_arrivals,ST.INT.ARVL,HPC,2019,29134874.0028677
tourism_arrivals,ST.INT.ARVL,IBD,2019,852166955.667661
tourism_arrivals,ST.INT.ARVL,IBT,2019,974462802.208958
tourism_arrivals,ST.INT.ARVL,IDX,2019,63144062.5081978
tourism_arrivals,ST.INT.ARVL,IDA,2019,100914423.764227
tourism_arrivals,ST.INT.ARVL,LTE,2019,549832276.924528
tourism_arrivals,ST.INT.ARVL,LCN,2019,201856013.686497
tourism_arrivals,ST.INT.ARVL,LAC,2019,165233236.99443
tourism_arrivals,ST.INT.ARVL,TLA,2019,172908916.919959
tourism_arrivals,ST.INT.ARVL,LDC,2019,40176417.3590637
tourism_arrivals,ST.INT.ARVL,LMY,2019,814041186.104538
tourism_arrivals,ST.INT.ARVL,MEA,2019,152571279.95283
tourism_arrivals,ST.INT.ARVL,MNA,2019,65756226.1253439
tourism_arrivals,ST.INT.ARVL,TMN,2019,65078454.6035971
tourism_arrivals,ST.INT.ARVL,MIC,2019,790163362.933784
tourism_arrivals,ST.INT.ARVL,NAC,2019,198713000.0
tourism_arrivals,ST.INT.ARVL,OED,2019,1364524985.83971
tourism_arrivals,ST.INT.ARVL,OSS,2019,51930012.4665974
tourism_arrivals,ST.INT.ARVL,PSS,2019,1752269.77187474
tourism_arrivals,ST.INT.ARVL,PST,2019,1275198369.71218
tourism_arrivals,ST.INT.ARVL,SST,2019,79086475.9232005
tourism_arrivals,ST.INT.ARVL,SAS,2019,27102764.1528023
tourism_arrivals,ST.INT.ARVL,TSA,2019,26260132.181425
tourism_arrivals,ST.INT.ARVL,SSF,2019,56014499.1539477
tourism_arrivals,ST.INT.ARVL,SSA,2019,55555231.2954125
tourism_arrivals,ST.INT.ARVL,TSS,2019,56014499.1539477
tourism_arrivals,ST.INT.ARVL,WLD,2019,2403074088.46029
tourism_arrivals,ST.INT.ARVL,ALB,2020,2658000.0
tourism_arrivals,ST.INT.ARVL,ALB,2019,6406000.0
tourism_arrivals,ST.INT.ARVL,DZA,2020,591000.0
tourism_arrivals,ST.INT.ARVL,DZA,2019,2371000.0
tourism_arrivals,ST.INT.ARVL,ASM,2020,899.999976158142
tourism_arrivals,ST.INT.ARVL,ASM,2019,19200.0007629395
tourism_arrivals,ST.INT.ARVL,AND,2020,5207000.0
tourism_arrivals,ST.INT.ARVL,AND,2019,8235000.0
tourism_arrivals,ST.INT.ARVL,AGO,2019,218000.0
tourism_arrivals,ST.INT.ARVL,ATG,2020,384500.0
tourism_arrivals,ST.INT.ARVL,ATG,2019,1035000.0
tourism_arrivals,ST.INT.ARVL,ARG,2019,7399000.0
tourism_arrivals,ST.INT.ARVL,ARM,2020,375000.0
tourism_arrivals,ST.INT.ARVL,ARM,2019,1894000.0
tourism_arrivals,ST.INT.ARVL,ABW,2019,1951000.0
tourism_arrivals,ST.INT.ARVL,AUS,2020,1828000.0
tourism_arrivals,ST.INT.ARVL,AUS,2019,9466000.0
tourism_arrivals,ST.INT.ARVL,AUT,2020,15091000.0
tourism_arrivals,ST.INT.ARVL,AUT,2019,31884000.0
tourism_arrivals,ST.INT.ARVL,AZE,2020,796000.0
tourism_arrivals,ST.INT.ARVL,AZE,2019,3170000.0
tourism_arrivals,ST.INT.ARVL,BHS,2020,1794500.0
tourism_arrivals,ST.INT.ARVL,BHS,2019,7250000.0
tourism_arrivals,ST.INT.ARVL,BHR,2020,1909000.0
tourism_arrivals,ST.INT.ARVL,BHR,2019,11061000.0
tourism_arrivals,ST.INT.ARVL,BGD,2019,323000.0
tourism_arrivals,ST.INT.ARVL,BRB,2019,966000.0
tourism_arrivals,ST.INT.ARVL,BLR,2020,3598000.0
tourism_arrivals,ST.INT.ARVL,BLR,2019,11832000.0
tourism_arrivals,ST.INT.ARVL,BEL,2020,2584000.0
tourism_arrivals,ST.INT.ARVL,BEL,2019,9343000.0
tourism_arrivals,ST.INT.ARVL,BLZ,2020,487000.0
tourism_arrivals,ST.INT.ARVL,BLZ,2019,1674000.0
tourism_arrivals,ST.INT.ARVL,BEN,2019,337000.0
tourism_arrivals,ST.INT.ARVL,BMU,2020,51400.0015258789
tourism_arrivals,ST.INT.ARVL,BMU,2019,805000.0
tourism_arrivals,ST.INT.ARVL,BTN,2020,29799.9992370605
tourism_arrivals,ST.INT.ARVL,BTN,2019,316000.0
tourism_arrivals,ST.INT.ARVL,BOL,2020,323299.987792969
tourism_arrivals,ST.INT.ARVL,BOL,2019,1239000.0
tourism_arrivals,ST.INT.ARVL,BIH,2020,197000.0
tourism_arrivals,ST.INT.ARVL,BIH,2019,1198000.0
tourism_arrivals,ST.INT.ARVL,BRA,2019,6353000.0
tourism_arrivals,ST.INT.ARVL,VGB,2020,83000.0
tourism_arrivals,ST.INT.ARVL,VGB,2019,302399.993896484
tourism_arrivals,ST.INT.ARVL,BRN,2020,1071000.0
tourism_arrivals,ST.INT.ARVL,BRN,2019,4449000.0
tourism_arrivals,ST.INT.ARVL,BGR,2020,4973000.0
tourism_arrivals,ST.INT.ARVL,BGR,2019,12552000.0
tourism_arrivals,ST.INT.ARVL,BFA,2020,67000.0
tourism_arrivals,ST.INT.ARVL,BFA,2019,143000.0
tourism_arrivals,ST.INT.ARVL,CPV,2020,180000.0
tourism_arrivals,ST.INT.ARVL,CPV,2019,758000.0
tourism_arrivals,ST.INT.ARVL,KHM,2020,1306000.0
tourism_arrivals,ST.INT.ARVL,KHM,2019,6611000.0
tourism_arrivals,ST.INT.ARVL,CMR,2019,1021000.0
tourism_arrivals,ST.INT.ARVL,CAN,2019,32430000.0
tourism_arrivals,ST.INT.ARVL,CYM,2020,660000.0
tourism_arrivals,ST.INT.ARVL,CYM,2019,2334000.0
tourism_arrivals,ST.INT.ARVL,CAF,2019,87000.0
tourism_arrivals,ST.INT.ARVL,TCD,2020,10399.9996185303
tourism_arrivals,ST.INT.ARVL,TCD,2019,81000.0
tourism_arrivals,ST.INT.ARVL,CHL,2019,5431000.0
tourism_arrivals,ST.INT.ARVL,CHN,2020,30402000.0
tourism_arrivals,ST.INT.ARVL,CHN,2019,162538000.0
tourism_arrivals,ST.INT.ARVL,COL,2020,1396000.0
tourism_arrivals,ST.INT.ARVL,COL,2019,4531000.0
tourism_arrivals,ST.INT.ARVL,COM,2020,7000.0
tourism_arrivals,ST.INT.ARVL,COM,2019,45099.9984741211
tourism_arrivals,ST.INT.ARVL,CRI,2020,1146500.0
tourism_arrivals,ST.INT.ARVL,CRI,2019,3366000.0
tourism_arrivals,ST.INT.ARVL,CIV,2020,668000.0
tourism_arrivals,ST.INT.ARVL,CIV,2019,2070000.0
tourism_arrivals,ST.INT.ARVL,HRV,2020,21608000.0
tourism_arrivals,ST.INT.ARVL,HRV,2019,60021000.0
tourism_arrivals,ST.INT.ARVL,CUB,2020,1086000.0
tourism_arrivals,ST.INT.ARVL,CUB,2019,4276000.0
tourism_arrivals,ST.INT.ARVL,CUW,2019,1293000.0
tourism_arrivals,ST.INT.ARVL,CYP,2019,4117000.0
tourism_arrivals,ST.INT.ARVL,CZE,2019,37202000.0
tourism_arrivals,ST.INT.ARVL,DNK,2020,15595000.0
tourism_arrivals,ST.INT.ARVL,DNK,2019,33093000.0
tourism_arrivals,ST.INT.ARVL,DMA,2020,140000.0
tourism_arrivals,ST.INT.ARVL,DMA,2019,322000.0
tourism_arrivals,ST.INT.ARVL,DOM,2020,2748000.0
tourism_arrivals,ST.INT.ARVL,DOM,2019,7550000.0
tourism_arrivals,ST.INT.ARVL,ECU,2019,2108000.0
tourism_arrivals,ST.INT.ARVL,EGY,2019,13026000.0
tourism_arrivals,ST.INT.ARVL,SLV,2020,707000.0
tourism_arrivals,ST.INT.ARVL,SLV,2019,2639000.0
tourism_arrivals,ST.INT.ARVL,EST,2020,1695000.0
tourism_arrivals,ST.INT.ARVL,EST,2019,6103000.0
tourism_arrivals,ST.INT.ARVL,SWZ,2020,345299.987792969
tourism_arrivals,ST.INT.ARVL,SWZ,2019,1226000.0
tourism_arrivals,ST.INT.ARVL,ETH,2020,518000.0
tourism_arrivals,ST.INT.ARVL,ETH,2019,812000.0
tourism_arrivals,ST.INT.ARVL,FJI,2020,168000.0
tourism_arrivals,ST.INT.ARVL,FJI,2019,969000.0
tourism_arrivals,ST.INT.ARVL,FIN,2020,896000.0
tourism_arrivals,ST.INT.ARVL,FIN,2019,3290000.0
tourism_arrivals,ST.INT.ARVL,FRA,2020,117109000.0
tourism_arrivals,ST.INT.ARVL,FRA,2019,217877000.0
tourism_arrivals,ST.INT.ARVL,PYF,2020,89400.0015258789
tourism_arrivals,ST.INT.ARVL,PYF,2019,300000.0
tourism_arrivals,ST.INT.ARVL,GMB,2020,246000.0
tourism_arrivals,ST.INT.ARVL,GMB,2019,620000.0
tourism_arrivals,ST.INT.ARVL,GEO,2020,1513000.0
tourism_arrivals,ST.INT.ARVL,GEO,2019,7726000.0
tourism_arrivals,ST.INT.ARVL,DEU,2020,12449000.0
tourism_arrivals,ST.INT.ARVL,DEU,2019,39563000.0
tourism_arrivals,ST.INT.ARVL,GRC,2020,7406000.0
tourism_arrivals,ST.INT.ARVL,GRC,2019,34005000.0
tourism_arrivals,ST.INT.ARVL,GRD,2020,217000.0
tourism_arrivals,ST.INT.ARVL,GRD,2019,526000.0
tourism_arrivals,ST.INT.ARVL,GUM,2020,328000.0
tourism_arrivals,ST.INT.ARVL,GUM,2019,1667000.0
tourism_arrivals,ST.INT.ARVL,GTM,2020,594000.0
tourism_arrivals,ST.INT.ARVL,GTM,2019,2560000.0
tourism_arrivals,ST.INT.ARVL,GNB,2019,52400.0015258789
tourism_arrivals,ST.INT.ARVL,GUY,2020,86400.0015258789
tourism_arrivals,ST.INT.ARVL,GUY,2019,315000.0
tourism_arrivals,ST.INT.ARVL,HTI,2019,938000.0
tourism_arrivals,ST.INT.ARVL,HND,2020,669000.0
tourism_arrivals,ST.INT.ARVL,HND,2019,2315000.0
tourism_arrivals,ST.INT.ARVL,HKG,2020,3569000.0
tourism_arrivals,ST.INT.ARVL,HKG,2019,55913000.0
tourism_arrivals,ST.INT.ARVL,HUN,2020,31641000.0
tourism_arrivals,ST.INT.ARVL,HUN,2019,61397000.0
tourism_arrivals,ST.INT.ARVL,ISL,2020,488000.0
tourism_arrivals,ST.INT.ARVL,ISL,2019,2202000.0
tourism_arrivals,ST.INT.ARVL,IND,2019,17914000.0
tourism_arrivals,ST.INT.ARVL,IDN,2020,4053000.0
tourism_arrivals,ST.INT.ARVL,IDN,2019,16107000.0
tourism_arrivals,ST.INT.ARVL,IRN,2020,1550000.0
tourism_arrivals,ST.INT.ARVL,IRN,2019,9107000.0
tourism_arrivals,ST.INT.ARVL,IRL,2019,10951000.0
tourism_arrivals,ST.INT.ARVL,ISR,2019,4905000.0
tourism_arrivals,ST.INT.ARVL,ITA,2020,38419000.0
tourism_arrivals,ST.INT.ARVL,ITA,2019,95399000.0
tourism_arrivals,ST.INT.ARVL,JAM,2020,1329699.95117188
tourism_arrivals,ST.INT.ARVL,JAM,2019,4233000.0
tourism_arrivals,ST.INT.ARVL,JPN,2020,4115799.8046875
tourism_arrivals,ST.INT.ARVL,JPN,2019,31881000.0
tourism_arrivals,ST.INT.ARVL,JOR,2020,1240000.0
tourism_arrivals,ST.INT.ARVL,JOR,2019,5361000.0
tourism_arrivals,ST.INT.ARVL,KAZ,2020,2035000.0
tourism_arrivals,ST.INT.ARVL,KAZ,2019,8515000.0
tourism_arrivals,ST.INT.ARVL,KEN,2019,2049000.0
tourism_arrivals,ST.INT.ARVL,KIR,2019,12000.0
tourism_arrivals,ST.INT.ARVL,KOR,2020,2519000.0
tourism_arrivals,ST.INT.ARVL,KOR,2019,17503000.0
tourism_arrivals,ST.INT.ARVL,KWT,2020,2161000.0
tourism_arrivals,ST.INT.ARVL,KWT,2019,8565000.0
tourism_arrivals,ST.INT.ARVL,KGZ,2019,8508000.0
tourism_arrivals,ST.INT.ARVL,LAO,2020,886400.024414063
tourism_arrivals,ST.INT.ARVL,LAO,2019,4791000.0
tourism_arrivals,ST.INT.ARVL,LVA,2020,3204000.0
tourism_arrivals,ST.INT.ARVL,LVA,2019,8342000.0
tourism_arrivals,ST.INT.ARVL,LBN,2019,1936000.0
tourism_arrivals,ST.INT.ARVL,LSO,2019,1142000.0
tourism_arrivals,ST.INT.ARVL,LIE,2020,58400.0015258789
tourism_arrivals,ST.INT.ARVL,LIE,2019,98099.9984741211
tourism_arrivals,ST.INT.ARVL,LTU,2020,2284000.0
tourism_arrivals,ST.INT.ARVL,LTU,2019,6150000.0
tourism_arrivals,ST.INT.ARVL,LUX,2020,525000.0
tourism_arrivals,ST.INT.ARVL,LUX,2019,1041000.0
tourism_arrivals,ST.INT.ARVL,MAC,2020,5897000.0
tourism_arrivals,ST.INT.ARVL,MAC,2019,39406000.0
tourism_arrivals,ST.INT.ARVL,MDG,2020,87099.9984741211
tourism_arrivals,ST.INT.ARVL,MDG,2019,486000.0
tourism_arrivals,ST.INT.ARVL,MYS,2020,4333000.0
tourism_arrivals,ST.INT.ARVL,MYS,2019,26101000.0
tourism_arrivals,ST.INT.ARVL,MDV,2020,555000.0
tourism_arrivals,ST.INT.ARVL,MDV,2019,1703000.0
tourism_arrivals,ST.INT.ARVL,MLI,2019,217000.0
tourism_arrivals,ST.INT.ARVL,MLT,2020,718000.0
tourism_arrivals,ST.INT.ARVL,MLT,2019,3519000.0
tourism_arrivals,ST.INT.ARVL,MHL,2019,6099.99990463257
tourism_arrivals,ST.INT.ARVL,MUS,2020,316000.0
tourism_arrivals,ST.INT.ARVL,MUS,2019,1418000.0
tourism_arrivals,ST.INT.ARVL,MEX,2020,51128000.0
tourism_arrivals,ST.INT.ARVL,MEX,2019,97406000.0
tourism_arrivals,ST.INT.ARVL,FSM,2019,18000.0
tourism_arrivals,ST.INT.ARVL,MDA,2020,29000.0
tourism_arrivals,ST.INT.ARVL,MDA,2019,174000.0
tourism_arrivals,ST.INT.ARVL,MCO,2020,159000.0
tourism_arrivals,ST.INT.ARVL,MCO,2019,363000.0
tourism_arrivals,ST.INT.ARVL,MNG,2020,66900.0015258789
tourism_arrivals,ST.INT.ARVL,MNG,2019,637000.0
tourism_arrivals,ST.INT.ARVL,MNE,2020,351000.0
tourism_arrivals,ST.INT.ARVL,MNE,2019,2510000.0
tourism_arrivals,ST.INT.ARVL,MAR,2020,2802000.0
tourism_arrivals,ST.INT.ARVL,MAR,2019,13109000.0
tourism_arrivals,ST.INT.ARVL,MOZ,2019,2033000.0
tourism_arrivals,ST.INT.ARVL,MMR,2020,903000.0
tourism_arrivals,ST.INT.ARVL,MMR,2019,4364000.0
tourism_arrivals,ST.INT.ARVL,NAM,2020,187100.006103516
tourism_arrivals,ST.INT.ARVL,NAM,2019,1651000.0
tourism_arrivals,ST.INT.ARVL,NPL,2020,230000.0
tourism_arrivals,ST.INT.ARVL,NPL,2019,1197000.0
tourism_arrivals,ST.INT.ARVL,NLD,2020,7265000.0
tourism_arrivals,ST.INT.ARVL,NLD,2019,20129000.0
tourism_arrivals,ST.INT.ARVL,NCL,2020,31000.0
tourism_arrivals,ST.INT.ARVL,NCL,2019,130000.0
tourism_arrivals,ST.INT.ARVL,NZL,2020,996000.0
tourism_arrivals,ST.INT.ARVL,NZL,2019,3888000.0
tourism_arrivals,ST.INT.ARVL,NIC,2020,474000.0
tourism_arrivals,ST.INT.ARVL,NIC,2019,1455000.0
tourism_arrivals,ST.INT.ARVL,NER,2020,85000.0
tourism_arrivals,ST.INT.ARVL,NER,2019,192000.0
tourism_arrivals,ST.INT.ARVL,MKD,2020,118000.0
tourism_arrivals,ST.INT.ARVL,MKD,2019,758000.0
tourism_arrivals,ST.INT.ARVL,MNP,2019,487000.0
tourism_arrivals,ST.INT.ARVL,NOR,2020,1397000.0
tourism_arrivals,ST.INT.ARVL,NOR,2019,5879000.0
tourism_arrivals,ST.INT.ARVL,OMN,2020,869000.0
tourism_arrivals,ST.INT.ARVL,OMN,2019,3506000.0
tourism_arrivals,ST.INT.ARVL,PLW,2020,18399.9996185303
tourism_arrivals,ST.INT.ARVL,PLW,2019,94000.0
tourism_arrivals,ST.INT.ARVL,PAN,2020,647000.0
tourism_arrivals,ST.INT.ARVL,PAN,2019,2494000.0
tourism_arrivals,ST.INT.ARVL,PNG,2020,39000.0
tourism_arrivals,ST.INT.ARVL,PNG,2019,211000.0
tourism_arrivals,ST.INT.ARVL,PRY,2020,1077000.0
tourism_arrivals,ST.INT.ARVL,PRY,2019,4368000.0
tourism_arrivals,ST.INT.ARVL,PER,2020,1119000.0
tourism_arrivals,ST.INT.ARVL,PER,2019,5275000.0
tourism_arrivals,ST.INT.ARVL,PHL,2020,1483000.0
tourism_arrivals,ST.INT.ARVL,PHL,2019,8261000.0
tourism_arrivals,ST.INT.ARVL,POL,2019,88515000.0
tourism_arrivals,ST.INT.ARVL,PRT,2020,4208000.0
tourism_arrivals,ST.INT.ARVL,PRT,2019,17283000.0
tourism_arrivals,ST.INT.ARVL,PRI,2020,3882000.0
tourism_arrivals,ST.INT.ARVL,PRI,2019,4931000.0
tourism_arrivals,ST.INT.ARVL,QAT,2020,582000.0
tourism_arrivals,ST.INT.ARVL,QAT,2019,2136500.0
tourism_arrivals,ST.INT.ARVL,ROU,2020,5023000.0
tourism_arrivals,ST.INT.ARVL,ROU,2019,12815000.0
tourism_arrivals,ST.INT.ARVL,RUS,2020,6359000.0
tourism_arrivals,ST.INT.ARVL,RUS,2019,24419000.0
tourism_arrivals,ST.INT.ARVL,RWA,2019,1634000.0
tourism_arrivals,ST.INT.ARVL,WSM,2020,23899.9996185303
tourism_arrivals,ST.INT.ARVL,WSM,2019,181000.0
tourism_arrivals,ST.INT.ARVL,SMR,2019,1904000.0
tourism_arrivals,ST.INT.ARVL,SAU,2019,20292000.0
tourism_arrivals,ST.INT.ARVL,SRB,2020,446000.0
tourism_arrivals,ST.INT.ARVL,SRB,2019,1847000.0
tourism_arrivals,ST.INT.ARVL,SYC,2020,124500.0
tourism_arrivals,ST.INT.ARVL,SYC,2019,428000.0
tourism_arrivals,ST.INT.ARVL,SLE,2019,71000.0
tourism_arrivals,ST.INT.ARVL,SGP,2020,2742000.0
tourism_arrivals,ST.INT.ARVL,SGP,2019,19116000.0
tourism_arrivals,ST.INT.ARVL,SXM,2019,1952000.0
tourism_arrivals,ST.INT.ARVL,SVN,2020,1216000.0
tourism_arrivals,ST.INT.ARVL,SVN,2019,4702000.0
tourism_arrivals,ST.INT.ARVL,SLB,2020,4400.00009536743
tourism_arrivals,ST.INT.ARVL,SLB,2019,28899.9996185303
tourism_arrivals,ST.INT.ARVL,ZAF,2020,3886600.09765625
tourism_arrivals,ST.INT.ARVL,ZAF,2019,14797000.0
tourism_arrivals,ST.INT.ARVL,ESP,2020,36410000.0
tourism_arrivals,ST.INT.ARVL,ESP,2019,126170000.0
tourism_arrivals,ST.INT.ARVL,LKA,2020,540000.0
tourism_arrivals,ST.INT.ARVL,LKA,2019,2027000.0
tourism_arrivals,ST.INT.ARVL,KNA,2020,301399.993896484
tourism_arrivals,ST.INT.ARVL,KNA,2019,1107000.0
tourism_arrivals,ST.INT.ARVL,LCA,2020,432500.0
tourism_arrivals,ST.INT.ARVL,LCA,2019,1220000.0
tourism_arrivals,ST.INT.ARVL,VCT,2019,392000.0
tourism_arrivals,ST.INT.ARVL,SWE,2020,1957000.0
tourism_arrivals,ST.INT.ARVL,SWE,2019,7616000.0
tourism_arrivals,ST.INT.ARVL,CHE,2019,11818000.0
tourism_arrivals,ST.INT.ARVL,SYR,2019,2424000.0
tourism_arrivals,ST.INT.ARVL,TZA,2019,1527000.0
tourism_arrivals,ST.INT.ARVL,THA,2019,39916000.0
tourism_arrivals,ST.INT.ARVL,TLS,2019,74800.0030517578
tourism_arrivals,ST.INT.ARVL,TGO,2020,482000.0
tourism_arrivals,ST.INT.ARVL,TGO,2019,876000.0
tourism_arrivals,ST.INT.ARVL,TON,2019,94000.0
tourism_arrivals,ST.INT.ARVL,TTO,2020,141000.0
tourism_arrivals,ST.INT.ARVL,TTO,2019,480000.0
tourism_arrivals,ST.INT.ARVL,TUN,2020,2012000.0
tourism_arrivals,ST.INT.ARVL,TUN,2019,9429000.0
tourism_arrivals,ST.INT.ARVL,TUR,2020,15971000.0
tourism_arrivals,ST.INT.ARVL,TUR,2019,51747000.0
tourism_arrivals,ST.INT.ARVL,TCA,2020,370399.993896484
tourism_arrivals,ST.INT.ARVL,TCA,2019,1599000.0
tourism_arrivals,ST.INT.ARVL,TUV,2019,3599.99990463257
tourism_arrivals,ST.INT.ARVL,UGA,2020,473000.0
tourism_arrivals,ST.INT.ARVL,UGA,2019,1543000.0
tourism_arrivals,ST.INT.ARVL,UKR,2020,3382000.0
tourism_arrivals,ST.INT.ARVL,UKR,2019,13710000.0
tourism_arrivals,ST.INT.ARVL,ARE,2020,8084000.0
tourism_arrivals,ST.INT.ARVL,ARE,2019,25282000.0
tourism_arrivals,ST.INT.ARVL,GBR,2020,11101000.0
tourism_arrivals,ST.INT.ARVL,GBR,2019,40857000.0
tourism_arrivals,ST.INT.ARVL,USA,2020,45037000.0
tourism_arrivals,ST.INT.ARVL,USA,2019,165478000.0
tourism_arrivals,ST.INT.ARVL,URY,2019,3480000.0
tourism_arrivals,ST.INT.ARVL,UZB,2019,6749000.0
tourism_arrivals,ST.INT.ARVL,VUT,2020,82400.0015258789
tourism_arrivals,ST.INT.ARVL,VUT,2019,256000.0
tourism_arrivals,ST.INT.ARVL,VNM,2020,3837000.0
tourism_arrivals,ST.INT.ARVL,VNM,2019,18009000.0
tourism_arrivals,ST.INT.ARVL,VIR,2020,8612000.0
tourism_arrivals,ST.INT.ARVL,VIR,2019,2074000.0
tourism_arrivals,ST.INT.ARVL,PSE,2020,93000.0
tourism_arrivals,ST.INT.ARVL,PSE,2019,688000.0
tourism_arrivals,ST.INT.ARVL,ZMB,2020,502000.0
tourism_arrivals,ST.INT.ARVL,ZMB,2019,1266000.0
tourism_arrivals,ST.INT.ARVL,ZWE,2020,639000.0
tourism_arrivals,ST.INT.ARVL,ZWE,2019,2294000.0
